1700.0	0.0
1701.0	0.0
1702.0	0.0
1703.0	0.0
1704.0	0.0
1705.0	0.0
1706.0	0.0
1707.0	0.0
1708.0	0.0
1709.0	0.0
1710.0	0.0
1711.0	0.0
1712.0	0.0
1713.0	0.0
1714.0	0.0
1715.0	0.0
1716.0	0.0
1717.0	0.0
1718.0	0.0
1719.0	0.0
1720.0	0.0
1721.0	0.0
1722.0	0.0
1723.0	0.0
1724.0	0.0
1725.0	0.0
1726.0	0.0
1727.0	0.0
1728.0	0.0
1729.0	0.0
1730.0	0.0
1731.0	0.0
1732.0	0.0
1733.0	0.0
1734.0	0.0
1735.0	0.0
1736.0	0.0
1737.0	0.0
1738.0	0.0
1739.0	0.0
1740.0	0.0
1741.0	0.0
1742.0	0.0
1743.0	0.0
1744.0	0.0
1745.0	0.0
1746.0	0.0
1747.0	0.0
1748.0	0.0
1749.0	0.0
1750.0	0.0
1751.0	0.0
1752.0	0.0
1753.0	0.0
1754.0	0.0
1755.0	0.0
1756.0	0.0
1757.0	0.0
1758.0	0.0
1759.0	0.0
1760.0	0.0
1761.0	0.0
1762.0	0.0
1763.0	0.0
1764.0	0.0
1765.0	0.0
1766.0	0.0
1767.0	0.0
1768.0	0.0
1769.0	0.0
1770.0	0.0
1771.0	0.0
1772.0	0.0
1773.0	0.0
1774.0	0.0
1775.0	0.0
1776.0	0.0
1777.0	0.0
1778.0	0.0
1779.0	0.0
1780.0	0.0
1781.0	0.0
1782.0	0.0
1783.0	0.0
1784.0	0.0
1785.0	0.0
1786.0	0.0
1787.0	0.0
1788.0	0.0
1789.0	0.0
1790.0	0.0
1791.0	0.0
1792.0	0.0
1793.0	0.0
1794.0	0.0
1795.0	0.0
1796.0	0.0
1797.0	0.0
1798.0	0.0
1799.0	0.0
1800.0	0.0
1801.0	0.0
1802.0	0.0
1803.0	0.0
1804.0	0.0
1805.0	0.0
1806.0	0.0
1807.0	0.0
1808.0	0.0
1809.0	0.0
1810.0	0.0
1811.0	0.0
1812.0	0.0
1813.0	0.0
1814.0	0.0
1815.0	0.0
1816.0	0.0
1817.0	0.0
1818.0	0.0
1819.0	0.0
1820.0	0.0
1821.0	0.0
1822.0	0.0
1823.0	0.0
1824.0	0.0
1825.0	0.0
1826.0	0.0
1827.0	0.0
1828.0	0.0
1829.0	0.0
1830.0	0.0
1831.0	0.0
1832.0	0.0
1833.0	0.0
1834.0	0.0
1835.0	0.0
1836.0	0.0
1837.0	0.0
1838.0	0.0
1839.0	0.0
1840.0	0.0
1841.0	0.0
1842.0	0.0
1843.0	0.0
1844.0	0.0
1845.0	0.0
1846.0	0.0
1847.0	0.0
1848.0	0.0
1849.0	0.0
1850.0	0.0
1851.0	0.0
1852.0	0.0
1853.0	0.0
1854.0	0.0
1855.0	0.0
1856.0	0.0
1857.0	0.0
1858.0	0.0
1859.0	0.0
1860.0	0.0
1861.0	0.0
1862.0	0.0
1863.0	0.0
1864.0	0.0
1865.0	0.0
1866.0	0.0
1867.0	0.0
1868.0	0.0
1869.0	0.0
1870.0	0.0
1871.0	0.0
1872.0	0.0
1873.0	0.0
1874.0	0.0
1875.0	0.0
1876.0	0.0
1877.0	0.0
1878.0	0.0
1879.0	0.0
1880.0	0.0
1881.0	0.0
1882.0	0.0
1883.0	0.0
1884.0	0.0
1885.0	0.0
1886.0	0.0
1887.0	0.0
1888.0	0.0
1889.0	0.0
1890.0	0.0
1891.0	0.0
1892.0	0.0
1893.0	0.0
1894.0	0.0
1895.0	0.0
1896.0	0.0
1897.0	0.0
1898.0	0.0
1899.0	0.0
1900.0	0.0
1901.0	0.0
1902.0	0.0
1903.0	0.0
1904.0	0.0
1905.0	0.0
1906.0	0.0
1907.0	0.0
1908.0	0.0
1909.0	0.0
1910.0	0.0
1911.0	0.0
1912.0	0.0
1913.0	0.0
1914.0	0.0
1915.0	0.0
1916.0	0.0
1917.0	0.0
1918.0	0.0
1919.0	0.0
1920.0	0.0
1921.0	0.0
1922.0	0.0
1923.0	0.0
1924.0	0.0
1925.0	0.0
1926.0	0.0
1927.0	0.0
1928.0	0.0
1929.0	0.0
1930.0	0.0
1931.0	0.0
1932.0	0.0
1933.0	0.0
1934.0	0.0
1935.0	0.0
1936.0	0.0
1937.0	0.0
1938.0	0.0
1939.0	0.0
1940.0	0.0
1941.0	0.0
1942.0	0.0
1943.0	0.0
1944.0	0.0
1945.0	0.0
1946.0	0.0
1947.0	0.0
1948.0	0.0
1949.0	0.0
1950.0	0.0
1951.0	0.0
1952.0	0.0
1953.0	0.0
1954.0	0.0
1955.0	0.0
1956.0	0.0
1957.0	0.0
1958.0	0.0
1959.0	0.0
1960.0	0.0
1961.0	0.0
1962.0	0.0
1963.0	0.0
1964.0	0.0
1965.0	0.0
1966.0	0.0
1967.0	0.0
1968.0	0.0
1969.0	0.0
1970.0	0.0
1971.0	0.0
1972.0	0.0
1973.0	0.0
1974.0	0.0
1975.0	0.0
1976.0	0.0
1977.0	0.0
1978.0	0.0
1979.0	0.0
1980.0	0.0
1981.0	0.0
1982.0	0.0
1983.0	0.0
1984.0	0.0
1985.0	0.0
1986.0	0.0
1987.0	0.0
1988.0	0.0
1989.0	0.0
1990.0	1.1489874999999999e-08
1991.0	1.150329e-08
1992.0	1.1732165e-08
1993.0	1.1962795e-08
1994.0	1.2195145000000001e-08
1995.0	1.2429335e-08
1996.0	1.2665199999999999e-08
1997.0	1.2902870000000001e-08
1998.0	1.3142309999999999e-08
1999.0	1.3383529999999998e-08
2000.0	1.3626539999999999e-08
2001.0	1.363412e-08
2002.0	1.328223e-08
2003.0	1.2929329999999999e-08
2004.0	1.257528e-08
2005.0	1.2220204999999999e-08
2006.0	1.1864065e-08
2007.0	1.1506847500000001e-08
2008.0	1.1148581e-08
2009.0	1.0789229999999999e-08
2010.0	1.0428816e-08
2011.0	1.01549075e-08
2012.0	1.0043054e-08
2013.0	9.9308225e-09
2014.0	9.8182525e-09
2015.0	9.705331e-09
2016.0	9.592058e-09
2017.0	9.4784275e-09
2018.0	9.364444e-09
2019.0	9.250090500000001e-09
2020.0	9.135412e-09
2021.0	8.9948595e-09
2022.0	8.807698e-09
2023.0	8.620037e-09
2024.0	8.43186e-09
2025.0	8.243160000000001e-09
2026.0	8.053937e-09
2027.0	7.864187e-09
2028.0	7.673914e-09
2029.0	7.483118e-09
2030.0	7.2917975e-09
2031.0	7.342059e-09
2032.0	7.848381000000001e-09
2033.0	8.356111e-09
2034.0	8.8652485e-09
2035.0	9.3757995e-09
2036.0	9.8877595e-09
2037.0	1.0401135999999999e-08
2038.0	1.0915927e-08
2039.0	1.14321335e-08
2040.0	1.1949764999999999e-08
2041.0	1.2093395000000001e-08
2042.0	1.1522912999999999e-08
2043.0	1.0950802e-08
2044.0	1.0377071e-08
2045.0	9.8017045e-09
2046.0	9.2247055e-09
2047.0	8.646075e-09
2048.0	8.065808e-09
2049.0	7.483906000000001e-09
2050.0	6.9003595e-09
2051.0	6.531277e-09
2052.0	6.5731275e-09
2053.0	6.615085999999999e-09
2054.0	6.6571575e-09
2055.0	6.6993404999999995e-09
2056.0	6.7416365e-09
2057.0	6.784041e-09
2058.0	6.82656e-09
2059.0	6.869188999999999e-09
2060.0	6.9119305e-09
2061.0	6.9020585e-09
2062.0	6.7902305e-09
2063.0	6.6780265000000005e-09
2064.0	6.5654485e-09
2065.0	6.4524930000000005e-09
2066.0	6.339163e-09
2067.0	6.2254564999999994e-09
2068.0	6.1113744999999995e-09
2069.0	5.9969115e-09
2070.0	5.8820715e-09
2071.0	5.8615725e-09
2072.0	6.027053e-09
2073.0	6.1929975000000005e-09
2074.0	6.3594095e-09
2075.0	6.5262875e-09
2076.0	6.693632e-09
2077.0	6.8614445000000004e-09
2078.0	7.0297275e-09
2079.0	7.198477e-09
2080.0	7.3677000000000005e-09
2081.0	7.469583e-09
2082.0	7.4370075e-09
2083.0	7.4043055e-09
2084.0	7.3714845e-09
2085.0	7.338538e-09
2086.0	7.305467e-09
2087.0	7.2722725e-09
2088.0	7.2389525e-09
2089.0	7.2055095e-09
2090.0	7.171941499999999e-09
2091.0	7.2105285e-09
2092.0	7.3929485000000005e-09
2093.0	7.575902e-09
2094.0	7.7593865e-09
2095.0	7.9434005e-09
2096.0	8.1279505e-09
2097.0	8.3130335e-09
2098.0	8.498647999999999e-09
2099.0	8.6847995e-09
2100.0	8.871486e-09
2101.0	8.886219000000001e-09
2102.0	8.521224500000001e-09
2103.0	8.153658e-09
2104.0	7.7835125e-09
2105.0	7.410773e-09
2106.0	7.0354380000000005e-09
2107.0	6.657495e-09
2108.0	6.276938e-09
2109.0	5.8937554999999995e-09
2110.0	5.5079399999999995e-09
2111.0	5.4220085e-09
2112.0	5.948218e-09
2113.0	6.477809500000001e-09
2114.0	7.0107965e-09
2115.0	7.547184499999999e-09
2116.0	8.086993500000001e-09
2117.0	8.630231e-09
2118.0	9.176906e-09
2119.0	9.7270255e-09
2120.0	1.0280614499999999e-08
2121.0	1.0606002e-08
2122.0	1.0462519e-08
2123.0	1.03179845e-08
2124.0	1.01724045e-08
2125.0	1.00257785e-08
2126.0	9.878097e-09
2127.0	9.729355e-09
2128.0	9.579554499999999e-09
2129.0	9.428687e-09
2130.0	9.2767545e-09
2131.0	9.2441495e-09
2132.0	9.4578885e-09
2133.0	9.6728585e-09
2134.0	9.889073e-09
2135.0	1.010653e-08
2136.0	1.032524e-08
2137.0	1.05451955e-08
2138.0	1.07664125e-08
2139.0	1.09888845e-08
2140.0	1.12126245e-08
2141.0	1.1323669e-08
2142.0	1.119876e-08
2143.0	1.10729195e-08
2144.0	1.0946144499999999e-08
2145.0	1.0818434e-08
2146.0	1.0689782e-08
2147.0	1.0560190000000001e-08
2148.0	1.0429646000000001e-08
2149.0	1.0298154e-08
2150.0	1.0165714e-08
2151.0	1.0028747999999999e-08
2152.0	9.8837615e-09
2153.0	9.7377555e-09
2154.0	9.5907205e-09
2155.0	9.442666e-09
2156.0	9.293574e-09
2157.0	9.143452500000002e-09
2158.0	8.992293500000001e-09
2159.0	8.840091000000001e-09
2160.0	8.686843e-09
2161.0	8.810542e-09
2162.0	9.5259075e-09
2163.0	1.0245374e-08
2164.0	1.0968944500000001e-08
2165.0	1.1696642e-08
2166.0	1.2428475e-08
2167.0	1.316444e-08
2168.0	1.3904575000000001e-08
2169.0	1.464887e-08
2170.0	1.5397345e-08
2171.0	1.5848205e-08
2172.0	1.5653815e-08
2173.0	1.5458085e-08
2174.0	1.5261005e-08
2175.0	1.506257e-08
2176.0	1.4862785e-08
2177.0	1.466163e-08
2178.0	1.4459105000000001e-08
2179.0	1.4255215e-08
2180.0	1.404995e-08
2181.0	1.3885749999999999e-08
2182.0	1.3812775e-08
2183.0	1.3739204999999999e-08
2184.0	1.366506e-08
2185.0	1.3590314999999999e-08
2186.0	1.3514989999999999e-08
2187.0	1.3439060000000001e-08
2188.0	1.336254e-08
2189.0	1.3285425000000001e-08
2190.0	1.3207715e-08
2191.0	1.3172665e-08
2192.0	1.3232245000000001e-08
2193.0	1.3292024999999999e-08
2194.0	1.3352005000000001e-08
2195.0	1.3412179999999999e-08
2196.0	1.347255e-08
2197.0	1.3533125e-08
2198.0	1.359389e-08
2199.0	1.365487e-08
2200.0	1.3716040000000001e-08
2201.0	1.3858405e-08
2202.0	1.4183575e-08
2203.0	1.4510375e-08
2204.0	1.48388e-08
2205.0	1.516887e-08
2206.0	1.550059e-08
2207.0	1.583394e-08
2208.0	1.616895e-08
2209.0	1.6505615000000002e-08
2210.0	1.684395e-08
2211.0	1.7251755e-08
2212.0	1.7809715e-08
2213.0	1.8370585e-08
2214.0	1.893437e-08
2215.0	1.950107e-08
2216.0	2.0070705e-08
2217.0	2.0643285e-08
2218.0	2.1218800000000002e-08
2219.0	2.179728e-08
2220.0	2.2378715e-08
2221.0	2.2675709999999998e-08
2222.0	2.2330585e-08
2223.0	2.198337e-08
2224.0	2.163404e-08
2225.0	2.1282625e-08
2226.0	2.0929105e-08
2227.0	2.0573455e-08
2228.0	2.0215685e-08
2229.0	1.9855805e-08
2230.0	1.9493785e-08
2231.0	1.9419185e-08
2232.0	2.0023465e-08
2233.0	2.0630179999999998e-08
2234.0	2.1239345e-08
2235.0	2.185097e-08
2236.0	2.246504e-08
2237.0	2.3081575e-08
2238.0	2.3700565e-08
2239.0	2.432203e-08
2240.0	2.494597e-08
2241.0	2.526069e-08
2242.0	2.4871075e-08
2243.0	2.4479745e-08
2244.0	2.4086724999999998e-08
2245.0	2.369199e-08
2246.0	2.329556e-08
2247.0	2.289741e-08
2248.0	2.249756e-08
2249.0	2.2095989999999998e-08
2250.0	2.1692705e-08
2251.0	2.15534e-08
2252.0	2.2024165e-08
2253.0	2.2496705e-08
2254.0	2.2971035000000002e-08
2255.0	2.3447145e-08
2256.0	2.392503e-08
2257.0	2.440471e-08
2258.0	2.488617e-08
2259.0	2.5369425e-08
2260.0	2.5854485e-08
2261.0	2.6097525e-08
2262.0	2.5774074999999997e-08
2263.0	2.544919e-08
2264.0	2.5122875000000003e-08
2265.0	2.4795114999999998e-08
2266.0	2.4465925e-08
2267.0	2.4135289999999997e-08
2268.0	2.380321e-08
2269.0	2.3469695e-08
2270.0	2.3134715e-08
2271.0	2.2909385e-08
2272.0	2.2946659999999998e-08
2273.0	2.298396e-08
2274.0	2.3021275000000003e-08
2275.0	2.30586e-08
2276.0	2.3095945e-08
2277.0	2.3133295e-08
2278.0	2.3170665e-08
2279.0	2.3208045e-08
2280.0	2.3245455e-08
2281.0	2.3467104999999998e-08
2282.0	2.413531e-08
2283.0	2.4805804999999998e-08
2284.0	2.5478559999999998e-08
2285.0	2.6153600000000002e-08
2286.0	2.6830915e-08
2287.0	2.7510505000000002e-08
2288.0	2.8192375e-08
2289.0	2.8876544999999998e-08
2290.0	2.9562995e-08
2291.0	2.982363e-08
2292.0	2.9048640000000002e-08
2293.0	2.8270644999999998e-08
2294.0	2.7489634999999996e-08
2295.0	2.670562e-08
2296.0	2.5918585e-08
2297.0	2.5128525e-08
2298.0	2.433545e-08
2299.0	2.353934e-08
2300.0	2.2740205e-08
2301.0	2.2377060000000002e-08
2302.0	2.3116385e-08
2303.0	2.3857380000000002e-08
2304.0	2.4600075e-08
2305.0	2.5344450000000003e-08
2306.0	2.609051e-08
2307.0	2.6838255e-08
2308.0	2.7587695e-08
2309.0	2.8338820000000002e-08
2310.0	2.9091655e-08
2311.0	2.9674154999999998e-08
2312.0	2.983706e-08
2313.0	3.0000275e-08
2314.0	3.0163805e-08
2315.0	3.0327665e-08
2316.0	3.0491825e-08
2317.0	3.065633e-08
2318.0	3.082114e-08
2319.0	3.0986254999999996e-08
2320.0	3.1151705e-08
2321.0	3.111671e-08
2322.0	3.059148e-08
2323.0	3.0065145e-08
2324.0	2.9537704999999998e-08
2325.0	2.9009125000000002e-08
2326.0	2.847943e-08
2327.0	2.7948625e-08
2328.0	2.7416685000000002e-08
2329.0	2.6883635e-08
2330.0	2.634946e-08
2331.0	2.5899065e-08
2332.0	2.565618e-08
2333.0	2.541273e-08
2334.0	2.5168695e-08
2335.0	2.49241e-08
2336.0	2.4678924999999998e-08
2337.0	2.4433185e-08
2338.0	2.4186870000000002e-08
2339.0	2.3939975e-08
2340.0	2.3692519999999998e-08
2341.0	2.3368799999999998e-08
2342.0	2.2853235e-08
2343.0	2.2336525e-08
2344.0	2.181869e-08
2345.0	2.1299720000000002e-08
2346.0	2.077961e-08
2347.0	2.0258345e-08
2348.0	1.973596e-08
2349.0	1.9212415e-08
2350.0	1.8687739999999998e-08
2351.0	1.823372e-08
2352.0	1.7963834999999998e-08
2353.0	1.769337e-08
2354.0	1.742231e-08
2355.0	1.7150655e-08
2356.0	1.687841e-08
2357.0	1.6605565e-08
2358.0	1.6332125e-08
2359.0	1.605809e-08
2360.0	1.5783465e-08
2361.0	1.5743715e-08
2362.0	1.631937e-08
2363.0	1.6896085e-08
2364.0	1.747384e-08
2365.0	1.805266e-08
2366.0	1.8632525000000003e-08
2367.0	1.9213445e-08
2368.0	1.979542e-08
2369.0	2.037845e-08
2370.0	2.0962545e-08
2371.0	2.145989e-08
2372.0	2.172333e-08
2373.0	2.1987275000000002e-08
2374.0	2.2251705e-08
2375.0	2.2516645e-08
2376.0	2.278208e-08
2377.0	2.304801e-08
2378.0	2.3314445e-08
2379.0	2.3581395e-08
2380.0	2.3848830000000003e-08
2381.0	2.419465e-08
2382.0	2.4748559999999998e-08
2383.0	2.5303535e-08
2384.0	2.585957e-08
2385.0	2.6416665e-08
2386.0	2.6974835e-08
2387.0	2.7534055e-08
2388.0	2.8094365e-08
2389.0	2.8655715e-08
2390.0	2.9218134999999997e-08
2391.0	2.973539e-08
2392.0	3.013764e-08
2393.0	3.054057e-08
2394.0	3.094417e-08
2395.0	3.134845e-08
2396.0	3.1753390000000005e-08
2397.0	3.2159015e-08
2398.0	3.256532e-08
2399.0	3.297228e-08
2400.0	3.3379929999999996e-08
2401.0	3.333453e-08
2402.0	3.217396e-08
2403.0	3.101425e-08
2404.0	2.985542e-08
2405.0	2.8697465e-08
2406.0	2.7540400000000002e-08
2407.0	2.6384195e-08
2408.0	2.522888e-08
2409.0	2.4074445e-08
2410.0	2.2920890000000002e-08
2411.0	2.199188e-08
2412.0	2.1677580000000002e-08
2413.0	2.1363525000000003e-08
2414.0	2.1049695e-08
2415.0	2.073611e-08
2416.0	2.042276e-08
2417.0	2.0109645000000002e-08
2418.0	1.979677e-08
2419.0	1.9484125e-08
2420.0	1.917173e-08
2421.0	1.912591e-08
2422.0	1.981933e-08
2423.0	2.0512165e-08
2424.0	2.1204405e-08
2425.0	2.1896070000000002e-08
2426.0	2.2587125e-08
2427.0	2.32776e-08
2428.0	2.3967475e-08
2429.0	2.465676e-08
2430.0	2.5345455000000002e-08
2431.0	2.5644744999999997e-08
2432.0	2.4869255e-08
2433.0	2.409475e-08
2434.0	2.3321245000000003e-08
2435.0	2.2548745e-08
2436.0	2.1777235000000003e-08
2437.0	2.1006725e-08
2438.0	2.0237214999999997e-08
2439.0	1.94687e-08
2440.0	1.870119e-08
2441.0	1.8326975e-08
2442.0	1.9063100000000002e-08
2443.0	1.979836e-08
2444.0	2.053276e-08
2445.0	2.126629e-08
2446.0	2.1998955e-08
2447.0	2.2730745e-08
2448.0	2.346167e-08
2449.0	2.4191725e-08
2450.0	2.4920914999999998e-08
2451.0	2.5512295000000002e-08
2452.0	2.570926e-08
2453.0	2.5905985e-08
2454.0	2.6102450000000002e-08
2455.0	2.629866e-08
2456.0	2.649461e-08
2457.0	2.6690315e-08
2458.0	2.6885755e-08
2459.0	2.708094e-08
2460.0	2.727587e-08
2461.0	2.7345885e-08
2462.0	2.706063e-08
2463.0	2.6775725000000003e-08
2464.0	2.6491195e-08
2465.0	2.620701e-08
2466.0	2.592319e-08
2467.0	2.563974e-08
2468.0	2.535665e-08
2469.0	2.5073925e-08
2470.0	2.479157e-08
2471.0	2.4419715e-08
2472.0	2.3777135000000002e-08
2473.0	2.3135299999999998e-08
2474.0	2.249421e-08
2475.0	2.185387e-08
2476.0	2.121429e-08
2477.0	2.0575455e-08
2478.0	1.9937375e-08
2479.0	1.9300045e-08
2480.0	1.8663475000000002e-08
2481.0	1.8333085e-08
2482.0	1.8914085e-08
2483.0	1.9494355e-08
2484.0	2.0073895e-08
2485.0	2.0652720000000003e-08
2486.0	2.1230820000000002e-08
2487.0	2.1808195e-08
2488.0	2.2384845e-08
2489.0	2.2960755e-08
2490.0	2.353595e-08
2491.0	2.3892475e-08
2492.0	2.3597455e-08
2493.0	2.330283e-08
2494.0	2.3008585e-08
2495.0	2.271474e-08
2496.0	2.2421285e-08
2497.0	2.2128205e-08
2498.0	2.183553e-08
2499.0	2.154324e-08
2500.0	2.125134e-08
2501.0	2.1177145e-08
2502.0	2.1779449999999997e-08
2503.0	2.2380619999999998e-08
2504.0	2.2980665e-08
2505.0	2.3579580000000002e-08
2506.0	2.4177365e-08
2507.0	2.477402e-08
2508.0	2.536955e-08
2509.0	2.5963945e-08
2510.0	2.6557215e-08
2511.0	2.6790594999999998e-08
2512.0	2.59121e-08
2513.0	2.5035155e-08
2514.0	2.4159755e-08
2515.0	2.3285894999999997e-08
2516.0	2.2413594999999998e-08
2517.0	2.1542835e-08
2518.0	2.0673615e-08
2519.0	1.9805964999999998e-08
2520.0	1.8939855e-08
2521.0	1.849749e-08
2522.0	1.9384265e-08
2523.0	2.0269205e-08
2524.0	2.1152315e-08
2525.0	2.2033585e-08
2526.0	2.2913025e-08
2527.0	2.379063e-08
2528.0	2.4666395e-08
2529.0	2.5540310000000002e-08
2530.0	2.6412405e-08
2531.0	2.7019875e-08
2532.0	2.6784275000000002e-08
2533.0	2.654906e-08
2534.0	2.6314235e-08
2535.0	2.6079785e-08
2536.0	2.584571e-08
2537.0	2.561203e-08
2538.0	2.5378725e-08
2539.0	2.5145809999999998e-08
2540.0	2.4913274999999998e-08
2541.0	2.4583399999999998e-08
2542.0	2.393977e-08
2543.0	2.3297285e-08
2544.0	2.2655960000000002e-08
2545.0	2.201578e-08
2546.0	2.1376774999999998e-08
2547.0	2.0738915e-08
2548.0	2.010223e-08
2549.0	1.9466680000000002e-08
2550.0	1.883231e-08
2551.0	1.8396205e-08
2552.0	1.8608660000000002e-08
2553.0	1.8820625e-08
2554.0	1.90321e-08
2555.0	1.9243095e-08
2556.0	1.9453605e-08
2557.0	1.9663625e-08
2558.0	1.9873155000000002e-08
2559.0	2.0082205e-08
2560.0	2.0290765e-08
2561.0	2.0401234999999997e-08
2562.0	2.018305e-08
2563.0	1.996523e-08
2564.0	1.9747795e-08
2565.0	1.9530735e-08
2566.0	1.931405e-08
2567.0	1.909773e-08
2568.0	1.888179e-08
2569.0	1.866622e-08
2570.0	1.8451035e-08
2571.0	1.8370234999999997e-08
2572.0	1.8737720000000002e-08
2573.0	1.910445e-08
2574.0	1.9470425e-08
2575.0	1.9835639999999997e-08
2576.0	2.0200105e-08
2577.0	2.056379e-08
2578.0	2.0926734999999998e-08
2579.0	2.1288915000000002e-08
2580.0	2.1650335000000003e-08
2581.0	2.1967799999999998e-08
2582.0	2.2144709999999998e-08
2583.0	2.2321194999999998e-08
2584.0	2.249723e-08
2585.0	2.2672845e-08
2586.0	2.284801e-08
2587.0	2.3022745000000002e-08
2588.0	2.3197055e-08
2589.0	2.3370910000000002e-08
2590.0	2.3544335e-08
2591.0	2.363459e-08
2592.0	2.343243e-08
2593.0	2.3230615e-08
2594.0	2.3029150000000002e-08
2595.0	2.2828019999999997e-08
2596.0	2.2627250000000002e-08
2597.0	2.2426815e-08
2598.0	2.222674e-08
2599.0	2.2027005e-08
2600.0	2.1827615000000002e-08
2601.0	2.171872e-08
2602.0	2.194683e-08
2603.0	2.217425e-08
2604.0	2.2400985000000002e-08
2605.0	2.262703e-08
2606.0	2.2852385e-08
2607.0	2.307706e-08
2608.0	2.3301039999999998e-08
2609.0	2.3524325e-08
2610.0	2.3746925e-08
2611.0	2.3939815e-08
2612.0	2.4037240000000002e-08
2613.0	2.4134275e-08
2614.0	2.4230925e-08
2615.0	2.4327185e-08
2616.0	2.4423070000000002e-08
2617.0	2.4518569999999998e-08
2618.0	2.4613685e-08
2619.0	2.470841e-08
2620.0	2.480276e-08
2621.0	2.485554e-08
2622.0	2.475218e-08
2623.0	2.4649005e-08
2624.0	2.454601e-08
2625.0	2.4443185e-08
2626.0	2.4340530000000002e-08
2627.0	2.4238065e-08
2628.0	2.413576e-08
2629.0	2.4033635e-08
2630.0	2.3931695e-08
2631.0	2.3908955e-08
2632.0	2.4168835e-08
2633.0	2.442792e-08
2634.0	2.468621e-08
2635.0	2.4943695e-08
2636.0	2.520039e-08
2637.0	2.545629e-08
2638.0	2.571138e-08
2639.0	2.5965670000000003e-08
2640.0	2.621916e-08
2641.0	2.6235669999999998e-08
2642.0	2.539138e-08
2643.0	2.4549405e-08
2644.0	2.3709745e-08
2645.0	2.2872434999999998e-08
2646.0	2.2037455e-08
2647.0	2.12048e-08
2648.0	2.0374480000000002e-08
2649.0	1.9546494999999997e-08
2650.0	1.8720849999999998e-08
2651.0	1.819219e-08
2652.0	1.8759379999999998e-08
2653.0	1.9324919999999997e-08
2654.0	1.9888805e-08
2655.0	2.0451040000000002e-08
2656.0	2.1011615e-08
2657.0	2.1570525e-08
2658.0	2.212778e-08
2659.0	2.2683375000000002e-08
2660.0	2.3237305e-08
2661.0	2.3646705000000002e-08
2662.0	2.351312e-08
2663.0	2.3379795e-08
2664.0	2.3246745e-08
2665.0	2.3113965000000003e-08
2666.0	2.2981435e-08
2667.0	2.284917e-08
2668.0	2.2717185e-08
2669.0	2.258546e-08
2670.0	2.2454015e-08
2671.0	2.2418155000000002e-08
2672.0	2.2756245e-08
2673.0	2.3093185e-08
2674.0	2.3428975e-08
2675.0	2.3763615e-08
2676.0	2.4097104999999998e-08
2677.0	2.442944e-08
2678.0	2.4760625000000002e-08
2679.0	2.5090665e-08
2680.0	2.5419545000000003e-08
2681.0	2.566596e-08
2682.0	2.5585135e-08
2683.0	2.55044e-08
2684.0	2.542379e-08
2685.0	2.534328e-08
2686.0	2.526287e-08
2687.0	2.518257e-08
2688.0	2.510238e-08
2689.0	2.502229e-08
2690.0	2.4942325e-08
2691.0	2.4813095e-08
2692.0	2.448858e-08
2693.0	2.41649e-08
2694.0	2.3842075e-08
2695.0	2.3520075e-08
2696.0	2.3198920000000002e-08
2697.0	2.2878609999999997e-08
2698.0	2.2559140000000002e-08
2699.0	2.2240515e-08
2700.0	2.192273e-08
2701.0	2.175945e-08
2702.0	2.209916e-08
2703.0	2.2438734999999998e-08
2704.0	2.277818e-08
2705.0	2.3117485e-08
2706.0	2.3456655000000002e-08
2707.0	2.3795705e-08
2708.0	2.4134614999999997e-08
2709.0	2.4473384999999997e-08
2710.0	2.4812025000000002e-08
2711.0	2.510682e-08
2712.0	2.5213385e-08
2713.0	2.5319925e-08
2714.0	2.5426429999999997e-08
2715.0	2.5532920000000002e-08
2716.0	2.5639379999999998e-08
2717.0	2.5745825e-08
2718.0	2.5852240000000003e-08
2719.0	2.595862e-08
2720.0	2.6064985e-08
2721.0	2.608097e-08
2722.0	2.572172e-08
2723.0	2.5362545e-08
2724.0	2.5003435e-08
2725.0	2.46444e-08
2726.0	2.4285435e-08
2727.0	2.3926535e-08
2728.0	2.3567695000000002e-08
2729.0	2.3208935000000002e-08
2730.0	2.2850244999999998e-08
2731.0	2.258964e-08
2732.0	2.275101e-08
2733.0	2.291231e-08
2734.0	2.3073535e-08
2735.0	2.3234705e-08
2736.0	2.3395814999999997e-08
2737.0	2.3556855e-08
2738.0	2.3717825e-08
2739.0	2.3878729999999998e-08
2740.0	2.403958e-08
2741.0	2.4118795e-08
2742.0	2.3839e-08
2743.0	2.3559265e-08
2744.0	2.327958e-08
2745.0	2.2999949999999998e-08
2746.0	2.2720375e-08
2747.0	2.2440845e-08
2748.0	2.2161379999999998e-08
2749.0	2.1881965000000002e-08
2750.0	2.16026e-08
2751.0	2.150743e-08
2752.0	2.2220965000000003e-08
2753.0	2.2934214999999998e-08
2754.0	2.3647195e-08
2755.0	2.4359895e-08
2756.0	2.507231e-08
2757.0	2.5784455e-08
2758.0	2.6496315e-08
2759.0	2.7207880000000003e-08
2760.0	2.791919e-08
2761.0	2.8390295e-08
2762.0	2.7788135e-08
2763.0	2.71861e-08
2764.0	2.6584184999999998e-08
2765.0	2.598239e-08
2766.0	2.5380719999999998e-08
2767.0	2.4779165e-08
2768.0	2.4177714999999998e-08
2769.0	2.3576405e-08
2770.0	2.2975214999999998e-08
2771.0	2.2577295e-08
2772.0	2.3093050000000003e-08
2773.0	2.3608695000000002e-08
2774.0	2.4124225e-08
2775.0	2.4639650000000002e-08
2776.0	2.515498e-08
2777.0	2.5670165e-08
2778.0	2.618526e-08
2779.0	2.6700245000000003e-08
2780.0	2.7215109999999998e-08
2781.0	2.761881e-08
2782.0	2.7526845e-08
2783.0	2.7434909999999998e-08
2784.0	2.734299e-08
2785.0	2.7251125e-08
2786.0	2.7159285e-08
2787.0	2.7067475000000003e-08
2788.0	2.69757e-08
2789.0	2.688395e-08
2790.0	2.6792234999999998e-08
2791.0	2.6747480000000002e-08
2792.0	2.6909615e-08
2793.0	2.7071694999999998e-08
2794.0	2.723376e-08
2795.0	2.7395770000000002e-08
2796.0	2.755775e-08
2797.0	2.7719685e-08
2798.0	2.788159e-08
2799.0	2.804345e-08
2800.0	2.820527e-08
2801.0	2.8323645e-08
2802.0	2.8154265e-08
2803.0	2.7984715e-08
2804.0	2.7814960000000002e-08
2805.0	2.7645035e-08
2806.0	2.747492e-08
2807.0	2.730463e-08
2808.0	2.7134155e-08
2809.0	2.6963485e-08
2810.0	2.6792645e-08
2811.0	2.6699615e-08
2812.0	2.699337e-08
2813.0	2.7287365e-08
2814.0	2.7581595000000002e-08
2815.0	2.7876065000000002e-08
2816.0	2.817078e-08
2817.0	2.8465729999999998e-08
2818.0	2.876092e-08
2819.0	2.9056365e-08
2820.0	2.9352034999999998e-08
2821.0	2.9592175e-08
2822.0	2.9546765e-08
2823.0	2.950129e-08
2824.0	2.9455785000000003e-08
2825.0	2.941021e-08
2826.0	2.9364565e-08
2827.0	2.931888e-08
2828.0	2.9273135e-08
2829.0	2.9227325000000002e-08
2830.0	2.918146e-08
2831.0	2.915094e-08
2832.0	2.9225275e-08
2833.0	2.929965e-08
2834.0	2.9374069999999998e-08
2835.0	2.944853e-08
2836.0	2.9523035e-08
2837.0	2.9597580000000003e-08
2838.0	2.967217e-08
2839.0	2.9746795e-08
2840.0	2.982146e-08
2841.0	2.9824559999999996e-08
2842.0	2.9450815e-08
2843.0	2.907676e-08
2844.0	2.8702394999999998e-08
2845.0	2.8327725000000002e-08
2846.0	2.7952745e-08
2847.0	2.7577455e-08
2848.0	2.720185e-08
2849.0	2.6825935e-08
2850.0	2.6449715e-08
2851.0	2.605385e-08
2852.0	2.5557790000000002e-08
2853.0	2.5061335e-08
2854.0	2.4564465e-08
2855.0	2.406719e-08
2856.0	2.3569519999999998e-08
2857.0	2.3071434999999998e-08
2858.0	2.2572935e-08
2859.0	2.207403e-08
2860.0	2.157473e-08
2861.0	2.1297215e-08
2862.0	2.219726e-08
2863.0	2.3097855e-08
2864.0	2.399901e-08
2865.0	2.4900720000000002e-08
2866.0	2.5803e-08
2867.0	2.670583e-08
2868.0	2.760922e-08
2869.0	2.851317e-08
2870.0	2.9417675e-08
2871.0	3.014756e-08
2872.0	2.992577e-08
2873.0	2.9703790000000002e-08
2874.0	2.9481635e-08
2875.0	2.9259289999999997e-08
2876.0	2.903676e-08
2877.0	2.881403e-08
2878.0	2.8591135e-08
2879.0	2.8368035e-08
2880.0	2.814476e-08
2881.0	2.7905875000000002e-08
2882.0	2.759653e-08
2883.0	2.728698e-08
2884.0	2.6977235e-08
2885.0	2.6667305e-08
2886.0	2.6357165e-08
2887.0	2.6046835e-08
2888.0	2.5736305e-08
2889.0	2.5425575e-08
2890.0	2.511466e-08
2891.0	2.4813255e-08
2892.0	2.455313e-08
2893.0	2.4292795e-08
2894.0	2.4032245000000002e-08
2895.0	2.3771485e-08
2896.0	2.3510505e-08
2897.0	2.3249315000000003e-08
2898.0	2.2987915e-08
2899.0	2.272629e-08
2900.0	2.2464454999999998e-08
2901.0	2.231017e-08
2902.0	2.2714175e-08
2903.0	2.31188e-08
2904.0	2.3524065e-08
2905.0	2.3929959999999997e-08
2906.0	2.433648e-08
2907.0	2.4743625e-08
2908.0	2.515142e-08
2909.0	2.555983e-08
2910.0	2.5968885e-08
2911.0	2.6219915000000002e-08
2912.0	2.5568875e-08
2913.0	2.4916890000000002e-08
2914.0	2.4263935e-08
2915.0	2.361003e-08
2916.0	2.2955165e-08
2917.0	2.2299340000000003e-08
2918.0	2.164256e-08
2919.0	2.0984815e-08
2920.0	2.0326115e-08
2921.0	1.983452e-08
2922.0	2.0321395e-08
2923.0	2.080903e-08
2924.0	2.1297415e-08
2925.0	2.1786575000000002e-08
2926.0	2.2276485e-08
2927.0	2.276716e-08
2928.0	2.3258585e-08
2929.0	2.3750775000000003e-08
2930.0	2.4243735e-08
2931.0	2.4669455e-08
2932.0	2.47001e-08
2933.0	2.473076e-08
2934.0	2.4761445e-08
2935.0	2.4792144999999998e-08
2936.0	2.4822865e-08
2937.0	2.485361e-08
2938.0	2.488437e-08
2939.0	2.4915164999999998e-08
2940.0	2.4945959999999998e-08
2941.0	2.489363e-08
2942.0	2.4316789999999998e-08
2943.0	2.3739e-08
2944.0	2.316027e-08
2945.0	2.2580615000000002e-08
2946.0	2.2000015e-08
2947.0	2.141846e-08
2948.0	2.083597e-08
2949.0	2.0252545e-08
2950.0	1.9668170000000002e-08
2951.0	1.9047240000000002e-08
2952.0	1.8202135e-08
2953.0	1.7355685000000002e-08
2954.0	1.650788e-08
2955.0	1.5658725e-08
2956.0	1.480823e-08
2957.0	1.3956375e-08
2958.0	1.310317e-08
2959.0	1.2248605e-08
2960.0	1.1392695e-08
2961.0	1.078489e-08
2962.0	1.177836e-08
2963.0	1.2773205e-08
2964.0	1.3769414999999999e-08
2965.0	1.4766990000000001e-08
2966.0	1.5765935e-08
2967.0	1.6766245e-08
2968.0	1.7767915e-08
2969.0	1.8770955e-08
2970.0	1.977536e-08
2971.0	2.0662225e-08
2972.0	2.0761350000000002e-08
2973.0	2.0860605e-08
2974.0	2.096e-08
2975.0	2.1059519999999997e-08
2976.0	2.115917e-08
2977.0	2.125896e-08
2978.0	2.135888e-08
2979.0	2.1458935000000003e-08
2980.0	2.1559125e-08
2981.0	2.1606305e-08
2982.0	2.131188e-08
2983.0	2.1017040000000002e-08
2984.0	2.0721775e-08
2985.0	2.0426095e-08
2986.0	2.012999e-08
2987.0	1.983346e-08
2988.0	1.953651e-08
2989.0	1.923915e-08
2990.0	1.894135e-08
2991.0	1.8643235000000002e-08
2992.0	1.83339e-08
2993.0	1.8024054999999997e-08
2994.0	1.771373e-08
2995.0	1.7402905e-08
2996.0	1.7091595e-08
2997.0	1.6779785e-08
2998.0	1.646748e-08
2999.0	1.6154670000000002e-08
3000.0	1.5841379999999998e-08
3001.0	1.5643895e-08
3002.0	1.634357e-08
3003.0	1.704322e-08
3004.0	1.7742845e-08
3005.0	1.8442440000000002e-08
3006.0	1.9142015000000002e-08
3007.0	1.9841555e-08
3008.0	2.0541075e-08
3009.0	2.1240565000000002e-08
3010.0	2.194003e-08
3011.0	2.245708e-08
3012.0	2.1657e-08
3013.0	2.0856805e-08
3014.0	2.0056495e-08
3015.0	1.9256065e-08
3016.0	1.8455535e-08
3017.0	1.7654885e-08
3018.0	1.6854125e-08
3019.0	1.6053255e-08
3020.0	1.525227e-08
3021.0	1.457852e-08
3022.0	1.483552e-08
3023.0	1.509256e-08
3024.0	1.5349635e-08
3025.0	1.5606750000000002e-08
3026.0	1.586389e-08
3027.0	1.6121065e-08
3028.0	1.6378275e-08
3029.0	1.663552e-08
3030.0	1.68928e-08
3031.0	1.711842e-08
3032.0	1.7119105e-08
3033.0	1.7119784999999998e-08
3034.0	1.7120465e-08
3035.0	1.7121145e-08
3036.0	1.712183e-08
3037.0	1.7122510000000003e-08
3038.0	1.7123195e-08
3039.0	1.712387e-08
3040.0	1.7124555e-08
3041.0	1.707707e-08
3042.0	1.6648095e-08
3043.0	1.621906e-08
3044.0	1.5789975e-08
3045.0	1.536083e-08
3046.0	1.493164e-08
3047.0	1.450239e-08
3048.0	1.4073095e-08
3049.0	1.364374e-08
3050.0	1.3214335e-08
3051.0	1.287449e-08
3052.0	1.324856e-08
3053.0	1.3622604999999999e-08
3054.0	1.3996634999999999e-08
3055.0	1.4370640000000001e-08
3056.0	1.4744625e-08
3057.0	1.511859e-08
3058.0	1.549253e-08
3059.0	1.5866450000000002e-08
3060.0	1.6240355000000002e-08
3061.0	1.6584539999999998e-08
3062.0	1.6677495e-08
3063.0	1.6770450000000002e-08
3064.0	1.6863415e-08
3065.0	1.6956385e-08
3066.0	1.704938e-08
3067.0	1.714238e-08
3068.0	1.723539e-08
3069.0	1.732841e-08
3070.0	1.7421445e-08
3071.0	1.747938e-08
3072.0	1.7260074999999998e-08
3073.0	1.7040795e-08
3074.0	1.6821520000000003e-08
3075.0	1.660225e-08
3076.0	1.6383e-08
3077.0	1.6163769999999998e-08
3078.0	1.5944545e-08
3079.0	1.5725330000000003e-08
3080.0	1.5506130000000002e-08
3081.0	1.5194864999999998e-08
3082.0	1.4088975e-08
3083.0	1.2982965e-08
3084.0	1.1876815e-08
3085.0	1.0770535e-08
3086.0	9.6641195e-09
3087.0	8.557573500000001e-09
3088.0	7.4508965e-09
3089.0	6.3440885000000005e-09
3090.0	5.23715e-09
3091.0	4.341963e-09
3092.0	5.299594e-09
3093.0	6.257169e-09
3094.0	7.214683e-09
3095.0	8.172138e-09
3096.0	9.1295375e-09
3097.0	1.0086878e-08
3098.0	1.1044160000000001e-08
3099.0	1.2001380000000001e-08
3100.0	1.295854e-08
3101.0	1.3789655e-08
3102.0	1.348015e-08
3103.0	1.3170615e-08
3104.0	1.286103e-08
3105.0	1.2551415000000001e-08
3106.0	1.2241765e-08
3107.0	1.1932075000000001e-08
3108.0	1.1622349999999999e-08
3109.0	1.131259e-08
3110.0	1.10028e-08
3111.0	1.0666795e-08
3112.0	1.00896275e-08
3113.0	9.5123855e-09
3114.0	8.935085000000001e-09
3115.0	8.357714500000001e-09
3116.0	7.7802775e-09
3117.0	7.202774499999999e-09
3118.0	6.6252045000000004e-09
3119.0	6.0475690000000005e-09
3120.0	5.469865e-09
3121.0	4.9802199999999996e-09
3122.0	5.3321405e-09
3123.0	5.6840404999999995e-09
3124.0	6.0359175000000004e-09
3125.0	6.387772e-09
3126.0	6.739604999999999e-09
3127.0	7.0914124999999996e-09
3128.0	7.4432005e-09
3129.0	7.794962e-09
3130.0	8.1467055e-09
3131.0	8.4754165e-09
3132.0	8.5717885e-09
3133.0	8.6681705e-09
3134.0	8.764562e-09
3135.0	8.8609655e-09
3136.0	8.9573825e-09
3137.0	9.053807000000001e-09
3138.0	9.150242e-09
3139.0	9.2466895e-09
3140.0	9.3431495e-09
3141.0	9.416919e-09
3142.0	9.269930499999999e-09
3143.0	9.122952e-09
3144.0	8.9759795e-09
3145.0	8.829018e-09
3146.0	8.682068e-09
3147.0	8.535126499999999e-09
3148.0	8.388191499999999e-09
3149.0	8.241269e-09
3150.0	8.094355499999999e-09
3151.0	8.007106000000001e-09
3152.0	8.5335045e-09
3153.0	9.0599625e-09
3154.0	9.5864795e-09
3155.0	1.0113054e-08
3156.0	1.0639695e-08
3157.0	1.116639e-08
3158.0	1.169314e-08
3159.0	1.221995e-08
3160.0	1.2746824999999999e-08
3161.0	1.313869e-08
3162.0	1.2093225e-08
3163.0	1.1047825000000001e-08
3164.0	1.00024955e-08
3165.0	8.957238e-09
3166.0	7.912050000000001e-09
3167.0	6.8669295e-09
3168.0	5.8218795000000004e-09
3169.0	4.776899e-09
3170.0	3.73199e-09
3171.0	2.8256435e-09
3172.0	3.451497e-09
3173.0	4.077420000000001e-09
3174.0	4.7034115e-09
3175.0	5.329472e-09
3176.0	5.9556005e-09
3177.0	6.5817970000000004e-09
3178.0	7.208064e-09
3179.0	7.834400000000001e-09
3180.0	8.4608065e-09
3181.0	9.0281635e-09
3182.0	8.925697500000001e-09
3183.0	8.823241e-09
3184.0	8.7207895e-09
3185.0	8.618344999999999e-09
3186.0	8.5159065e-09
3187.0	8.413478e-09
3188.0	8.311056999999999e-09
3189.0	8.208641e-09
3190.0	8.106231e-09
3191.0	7.984163e-09
3192.0	7.620039e-09
3193.0	7.2558755e-09
3194.0	6.891671499999999e-09
3195.0	6.5274235000000005e-09
3196.0	6.163141e-09
3197.0	5.7988160000000004e-09
3198.0	5.434454e-09
3199.0	5.070049e-09
3200.0	4.7056075e-09
3201.0	4.4015315e-09
3202.0	4.8501250000000006e-09
3203.0	5.2986035e-09
3204.0	5.7469665e-09
3205.0	6.1952135000000004e-09
3206.0	6.6433455e-09
3207.0	7.091361e-09
3208.0	7.5392625e-09
3209.0	7.987047500000001e-09
3210.0	8.4347205e-09
3211.0	8.8134365e-09
3212.0	8.301546e-09
3213.0	7.7896995e-09
3214.0	7.277888e-09
3215.0	6.766119000000001e-09
3216.0	6.2543915e-09
3217.0	5.7427015e-09
3218.0	5.2310545e-09
3219.0	4.7194465e-09
3220.0	4.2078795e-09
3221.0	3.7245615000000003e-09
3222.0	3.6200185e-09
3223.0	3.515504e-09
3224.0	3.4110165e-09
3225.0	3.3065555e-09
3226.0	3.2021199999999997e-09
3227.0	3.0977115e-09
3228.0	2.9933295e-09
3229.0	2.8889749999999997e-09
3230.0	2.7846469999999998e-09
3231.0	2.7098660000000002e-09
3232.0	3.0403805e-09
3233.0	3.370869e-09
3234.0	3.701329e-09
3235.0	4.0317625e-09
3236.0	4.362168e-09
3237.0	4.6925489999999996e-09
3238.0	5.0229005e-09
3239.0	5.353227e-09
3240.0	5.6835255e-09
3241.0	6.0154545000000006e-09
3242.0	6.378823e-09
3243.0	6.7420969999999996e-09
3244.0	7.105277e-09
3245.0	7.4683605e-09
3246.0	7.831353500000001e-09
3247.0	8.1942505e-09
3248.0	8.557054500000001e-09
3249.0	8.919763e-09
3250.0	9.282378e-09
3251.0	9.5945895e-09
3252.0	9.1394005e-09
3253.0	8.6842445e-09
3254.0	8.2291295e-09
3255.0	7.7740495e-09
3256.0	7.3190059999999995e-09
3257.0	6.863999e-09
3258.0	6.4090295e-09
3259.0	5.954098e-09
3260.0	5.4992025e-09
3261.0	5.0616205e-09
3262.0	4.90267e-09
3263.0	4.743763e-09
3264.0	4.5848935e-09
3265.0	4.4260685e-09
3266.0	4.267283e-09
3267.0	4.1085380000000006e-09
3268.0	3.949834000000001e-09
3269.0	3.791172e-09
3270.0	3.6325515e-09
3271.0	3.4635220000000003e-09
3272.0	3.1177725e-09
3273.0	2.7720495e-09
3274.0	2.4263565e-09
3275.0	2.0806909999999997e-09
3276.0	1.7350555e-09
3277.0	1.3894469999999999e-09
3278.0	1.0438685e-09
3279.0	6.9831865e-10
3280.0	3.527974e-10
3281.0	2.6196035e-11
3282.0	2.6192625e-11
3283.0	2.618921e-11
3284.0	2.6185804999999997e-11
3285.0	2.618239e-11
3286.0	2.617898e-11
3287.0	2.617558e-11
3288.0	2.6172159999999998e-11
3289.0	2.6168755e-11
3290.0	2.6165345e-11
3291.0	9.490082500000001e-11
3292.0	1.4104725e-09
3293.0	2.725934e-09
3294.0	4.0412855e-09
3295.0	5.356527e-09
3296.0	6.6716565e-09
3297.0	7.986676e-09
3298.0	9.3015875e-09
3299.0	1.0616385000000001e-08
3300.0	1.1931069999999999e-08
3301.0	1.313769e-08
3302.0	1.2306935e-08
3303.0	1.1476395e-08
3304.0	1.0646064999999999e-08
3305.0	9.8159535e-09
3306.0	8.9860565e-09
3307.0	8.156379e-09
3308.0	7.326916e-09
3309.0	6.4976685e-09
3310.0	5.668638e-09
3311.0	4.895748e-09
3312.0	5.24513e-09
3313.0	5.59448e-09
3314.0	5.9438e-09
3315.0	6.2930915e-09
3316.0	6.642355e-09
3317.0	6.99159e-09
3318.0	7.3407910000000006e-09
3319.0	7.689965e-09
3320.0	8.039108000000001e-09
3321.0	8.354565e-09
3322.0	7.966078999999999e-09
3323.0	7.5776955e-09
3324.0	7.1894125e-09
3325.0	6.801231e-09
3326.0	6.413150499999999e-09
3327.0	6.0251695000000004e-09
3328.0	5.637292e-09
3329.0	5.249512000000001e-09
3330.0	4.8618365e-09
3331.0	4.4882715e-09
3332.0	4.4253605e-09
3333.0	4.3624525e-09
3334.0	4.2995504999999994e-09
3335.0	4.236654000000001e-09
3336.0	4.173763e-09
3337.0	4.110876e-09
3338.0	4.047995e-09
3339.0	3.9851190000000005e-09
3340.0	3.922250000000001e-09
3341.0	3.8463559999999995e-09
3342.0	3.462453e-09
3343.0	3.0786475e-09
3344.0	2.694944e-09
3345.0	2.3113385e-09
3346.0	1.9278345e-09
3347.0	1.54443e-09
3348.0	1.1611264999999998e-09
3349.0	7.779225999999999e-10
3350.0	3.948192e-10
3351.0	5.5546445e-11
3352.0	8.509294e-10
3353.0	1.6462449999999998e-09
3354.0	2.441492e-09
3355.0	3.2366709999999996e-09
3356.0	4.0317824999999995e-09
3357.0	4.826827e-09
3358.0	5.621801e-09
3359.0	6.4167064999999996e-09
3360.0	7.211547e-09
3361.0	7.950879499999999e-09
3362.0	7.154914e-09
3363.0	6.35916e-09
3364.0	5.5636115e-09
3365.0	4.768271500000001e-09
3366.0	3.973139e-09
3367.0	3.1782125e-09
3368.0	2.3834950000000004e-09
3369.0	1.5889844999999998e-09
3370.0	7.946826e-10
3371.0	3.0097734999999996e-11
3372.0	1.5871295e-10
3373.0	2.8731735e-10
3374.0	4.1591075e-10
3375.0	5.444934e-10
3376.0	6.730651499999999e-10
3377.0	8.0162585e-10
3378.0	9.30176e-10
3379.0	1.0587149999999999e-09
3380.0	1.1872425e-09
3381.0	1.3081125e-09
3382.0	1.1793999999999999e-09
3383.0	1.050721e-09
3384.0	9.220751000000001e-10
3385.0	7.934625500000001e-10
3386.0	6.6488355e-10
3387.0	5.3633785e-10
3388.0	4.0782565e-10
3389.0	2.793468e-10
3390.0	1.509012e-10
3391.0	2.593944e-11
3392.0	2.593836e-11
3393.0	2.593728e-11
3394.0	2.593619e-11
3395.0	2.59351e-11
3396.0	2.5934035e-11
3397.0	2.593294e-11
3398.0	2.5931850000000003e-11
3399.0	2.593076e-11
3400.0	2.5929675e-11
3401.0	3.8237e-11
3402.0	5.477645e-10
3403.0	1.0566425000000002e-09
3404.0	1.5648705e-09
3405.0	2.0724490000000003e-09
3406.0	2.5793775e-09
3407.0	3.085657e-09
3408.0	3.5912854999999997e-09
3409.0	4.0962640000000005e-09
3410.0	4.600593e-09
3411.0	5.093043e-09
3412.0	5.0593705e-09
3413.0	5.02573e-09
3414.0	4.9921215e-09
3415.0	4.9585455e-09
3416.0	4.9250045e-09
3417.0	4.891497e-09
3418.0	4.8580215e-09
3419.0	4.8245805000000005e-09
3420.0	4.7911745e-09
3421.0	4.758349e-09
3422.0	4.7751444999999995e-09
3423.0	4.7919129999999996e-09
3424.0	4.808656e-09
3425.0	4.8253735e-09
3426.0	4.8420650000000005e-09
3427.0	4.858730999999999e-09
3428.0	4.8753699999999995e-09
3429.0	4.8919835e-09
3430.0	4.9085705e-09
3431.0	4.936681999999999e-09
3432.0	5.624302e-09
3433.0	6.311139e-09
3434.0	6.9971914999999996e-09
3435.0	7.682461e-09
3436.0	8.366942500000001e-09
3437.0	9.050639e-09
3438.0	9.733553e-09
3439.0	1.0415675000000001e-08
3440.0	1.1097015e-08
3441.0	1.176921e-08
3442.0	1.1921475e-08
3443.0	1.2073535e-08
3444.0	1.2225374999999999e-08
3445.0	1.237701e-08
3446.0	1.252843e-08
3447.0	1.2679635000000001e-08
3448.0	1.2830635e-08
3449.0	1.2981414999999999e-08
3450.0	1.313199e-08
3451.0	1.3269479999999999e-08
3452.0	1.2197430000000001e-08
3453.0	1.1126609999999999e-08
3454.0	1.00570055e-08
3455.0	8.9886345e-09
3456.0	7.921485000000001e-09
3457.0	6.8555595000000005e-09
3458.0	5.7908615e-09
3459.0	4.7273895e-09
3460.0	3.665143e-09
3461.0	2.6152995e-09
3462.0	2.851844e-09
3463.0	3.0880695e-09
3464.0	3.3239775e-09
3465.0	3.5595665e-09
3466.0	3.7948365e-09
3467.0	4.0297875000000004e-09
3468.0	4.264420499999999e-09
3469.0	4.498735e-09
3470.0	4.732729e-09
3471.0	4.9670725e-09
3472.0	5.30452e-09
3473.0	5.6415095e-09
3474.0	5.9780395e-09
3475.0	6.3141105e-09
3476.0	6.649724e-09
3477.0	6.9848809999999995e-09
3478.0	7.3195769999999995e-09
3479.0	7.653814e-09
3480.0	7.9875935e-09
3481.0	8.3184795e-09
3482.0	7.786162e-09
3483.0	7.254464999999999e-09
3484.0	6.723389e-09
3485.0	6.1929315e-09
3486.0	5.6630935e-09
3487.0	5.133877e-09
3488.0	4.605281e-09
3489.0	4.0773065e-09
3490.0	3.5499539999999998e-09
3491.0	3.023234e-09
3492.0	2.721554e-09
3493.0	2.4202809999999997e-09
3494.0	2.1194149999999998e-09
3495.0	1.818957e-09
3496.0	1.518907e-09
3497.0	1.2192650000000001e-09
3498.0	9.2003075e-10
3499.0	6.212040499999999e-10
3500.0	3.227858e-10
3501.0	2.4775924999999997e-11
3502.0	3.2460015000000004e-10
3503.0	6.2490145e-10
3504.0	9.24803e-10
3505.0	1.224304e-09
3506.0	1.5234049999999999e-09
3507.0	1.8221055e-09
3508.0	2.120404e-09
3509.0	2.4183034999999997e-09
3510.0	2.715801e-09
3511.0	3.0126355e-09
3512.0	3.2668964999999997e-09
3513.0	3.5206025e-09
3514.0	3.773921e-09
3515.0	4.0268495e-09
3516.0	4.279389e-09
3517.0	4.531539499999999e-09
3518.0	4.7833005e-09
3519.0	5.0346735e-09
3520.0	5.2856565e-09
3521.0	5.53674e-09
3522.0	4.9873745000000005e-09
3523.0	4.433439e-09
3524.0	3.8802475e-09
3525.0	3.327802e-09
3526.0	2.7761010000000003e-09
3527.0	2.2251445e-09
3528.0	1.6749340000000002e-09
3529.0	1.125469e-09
3530.0	5.7675075e-10
3531.0	2.8776250000000003e-11
3532.0	3.1780925e-10
3533.0	6.140137e-10
3534.0	9.0976155e-10
3535.0	1.205053e-09
3536.0	1.4998875e-09
3537.0	1.794265e-09
3538.0	2.0881855e-09
3539.0	2.381649e-09
3540.0	2.6746565e-09
3541.0	2.9674685e-09
3542.0	2.6778855e-09
3543.0	2.3818e-09
3544.0	2.0861195e-09
3545.0	1.790844e-09
3546.0	1.4959735e-09
3547.0	1.2015080000000001e-09
3548.0	9.0744775e-10
3549.0	6.137934000000001e-10
3550.0	3.2054439999999997e-10
3551.0	2.7698975e-11
3552.0	5.740857e-10
3553.0	1.1318675e-09
3554.0	1.6887755e-09
3555.0	2.2448109999999997e-09
3556.0	2.799972e-09
3557.0	3.3542595e-09
3558.0	3.907673e-09
3559.0	4.460214e-09
3560.0	5.01188e-09
3561.0	5.5626750000000005e-09
3562.0	5.258582e-09
3563.0	4.940340999999999e-09
3564.0	4.6225935000000006e-09
3565.0	4.305341999999999e-09
3566.0	3.988585e-09
3567.0	3.672323e-09
3568.0	3.356632e-09
3569.0	3.0412835e-09
3570.0	2.7265070000000002e-09
3571.0	2.4124389999999997e-09
3572.0	2.6550385e-09
3573.0	2.9082239999999997e-09
3574.0	3.1610470000000002e-09
3575.0	3.413509e-09
3576.0	3.665609e-09
3577.0	3.9173465e-09
3578.0	4.1687225e-09
3579.0	4.4197365e-09
3580.0	4.670387499999999e-09
3581.0	4.92025e-09
3582.0	4.5659000000000005e-09
3583.0	4.198556499999999e-09
3584.0	3.8317049999999994e-09
3585.0	3.465615e-09
3586.0	3.100019e-09
3587.0	2.735005e-09
3588.0	2.3705745000000002e-09
3589.0	2.0067255e-09
3590.0	1.64346e-09
3591.0	1.2808904999999999e-09
3592.0	1.4928425e-09
3593.0	1.718989e-09
3594.0	1.9448080000000002e-09
3595.0	2.1702995e-09
3596.0	2.3954615e-09
3597.0	2.620297e-09
3598.0	2.8448044999999997e-09
3599.0	3.0689825000000003e-09
3600.0	3.2928315e-09
3601.0	3.5196695e-09
3602.0	3.1857564999999997e-09
3603.0	2.836074e-09
3604.0	2.4862375e-09
3605.0	2.136251e-09
3606.0	1.786111e-09
3607.0	1.4358195e-09
3608.0	1.085376e-09
3609.0	7.347801000000001e-10
3610.0	3.8403265e-10
3611.0	3.313592e-11
3612.0	8.036923500000001e-10
3613.0	1.6091635000000001e-09
3614.0	2.415124e-09
3615.0	3.2215755e-09
3616.0	4.0285160000000004e-09
3617.0	4.8359495e-09
3618.0	5.643869e-09
3619.0	6.452281499999999e-09
3620.0	7.2611855e-09
3621.0	8.069876e-09
3622.0	7.316386e-09
3623.0	6.510524e-09
3624.0	5.704316e-09
3625.0	4.897753e-09
3626.0	4.090843e-09
3627.0	3.283581e-09
3628.0	2.4759705e-09
3629.0	1.6680084999999998e-09
3630.0	8.5969735e-10
3631.0	5.1035165e-11
3632.0	2.2801605e-11
3633.0	2.28062e-11
3634.0	2.2810795e-11
3635.0	2.28154e-11
3636.0	2.281999e-11
3637.0	2.2824585e-11
3638.0	2.282918e-11
3639.0	2.2833775000000002e-11
3640.0	2.2838369999999998e-11
3641.0	2.2844965e-11
3642.0	2.2851555e-11
3643.0	2.285817e-11
3644.0	2.286476e-11
3645.0	2.2871365e-11
3646.0	2.2877964999999998e-11
3647.0	2.2884565e-11
3648.0	2.289117e-11
3649.0	2.2897775e-11
3650.0	2.290438e-11
3651.0	2.290899e-11
3652.0	1.343274e-10
3653.0	2.5043855e-10
3654.0	3.6659640000000005e-10
3655.0	4.828009999999999e-10
3656.0	5.9905235e-10
3657.0	7.1537875e-10
3658.0	8.316954e-10
3659.0	9.480585e-10
3660.0	1.064525e-09
3661.0	1.1811135e-09
3662.0	1.1352975e-09
3663.0	1.0822445e-09
3664.0	1.029161e-09
3665.0	9.7604665e-10
3666.0	9.2290135e-10
3667.0	8.697253e-10
3668.0	8.1651885e-10
3669.0	7.632812500000001e-10
3670.0	7.10013e-10
3671.0	6.566567500000001e-10
3672.0	6.587197999999999e-10
3673.0	6.634067500000001e-10
3674.0	6.6809535e-10
3675.0	6.727859e-10
3676.0	6.774783499999999e-10
3677.0	6.821724500000001e-10
3678.0	6.8686845e-10
3679.0	6.915665e-10
3680.0	6.962672500000001e-10
3681.0	7.009679000000001e-10
3682.0	1.1141145e-09
3683.0	1.5479585e-09
3684.0	1.9819759999999998e-09
3685.0	2.416169e-09
3686.0	2.8505355e-09
3687.0	3.2850765e-09
3688.0	3.7197904999999998e-09
3689.0	4.1546815e-09
3690.0	4.589746e-09
3691.0	5.025528e-09
3692.0	5.3524095e-09
3693.0	5.673815999999999e-09
3694.0	5.995406500000001e-09
3695.0	6.3171805e-09
3696.0	6.639142e-09
3697.0	6.9612835e-09
3698.0	7.2836115e-09
3699.0	7.606123e-09
3700.0	7.928897e-09
3701.0	8.2509825e-09
3702.0	7.4888775e-09
3703.0	6.6657895e-09
3704.0	5.8423715e-09
3705.0	5.0186235e-09
3706.0	4.194547e-09
3707.0	3.3701375e-09
3708.0	2.5453994999999998e-09
3709.0	1.7203295e-09
3710.0	8.949305e-10
3711.0	6.92066e-11
3712.0	8.8109475e-10
3713.0	1.790034e-09
3714.0	2.6992725e-09
3715.0	3.6094765e-09
3716.0	4.51998e-09
3717.0	5.4310045000000006e-09
3718.0	6.342552e-09
3719.0	7.2546225e-09
3720.0	8.1672135e-09
3721.0	9.079537499999999e-09
3722.0	9.188035499999999e-09
3723.0	9.246960499999999e-09
3724.0	9.3059055e-09
3725.0	9.3648785e-09
3726.0	9.423869499999999e-09
3727.0	9.4828835e-09
3728.0	9.541921999999999e-09
3729.0	9.600982e-09
3730.0	9.6600635e-09
3731.0	9.719172000000001e-09
3732.0	8.930619e-09
3733.0	8.086873e-09
3734.0	7.2427865000000005e-09
3735.0	6.398364e-09
3736.0	5.5536075e-09
3737.0	4.708511999999999e-09
3738.0	3.863079e-09
3739.0	3.0173084999999997e-09
3740.0	2.1712025e-09
3741.0	1.3248725e-09
3742.0	1.896393e-09
3743.0	2.564006e-09
3744.0	3.232e-09
3745.0	3.9003764999999994e-09
3746.0	4.5691325e-09
3747.0	5.23827e-09
3748.0	5.9077905e-09
3749.0	6.5776905e-09
3750.0	7.247974e-09
3751.0	7.917948e-09
3752.0	7.8451765e-09
3753.0	7.719928500000001e-09
3754.0	7.5946335e-09
3755.0	7.4692565e-09
3756.0	7.3438915000000004e-09
3757.0	7.2184425e-09
3758.0	7.092947999999999e-09
3759.0	6.967399e-09
3760.0	6.8418005e-09
3761.0	6.716735e-09
3762.0	6.0873144999999995e-09
3763.0	5.420377e-09
3764.0	4.7530605e-09
3765.0	4.085363e-09
3766.0	3.417285e-09
3767.0	2.7488264999999996e-09
3768.0	2.0799865e-09
3769.0	1.410766e-09
3770.0	7.411653e-10
3771.0	7.1176845e-11
3772.0	9.068216e-10
3773.0	1.857987e-09
3774.0	2.809528e-09
3775.0	3.761443e-09
3776.0	4.7137325e-09
3777.0	5.6663975e-09
3778.0	6.619438e-09
3779.0	7.572855e-09
3780.0	8.5268775e-09
3781.0	9.480807999999999e-09
3782.0	8.9003665e-09
3783.0	8.1974845e-09
3784.0	7.4943275e-09
3785.0	6.7908935e-09
3786.0	6.087183e-09
3787.0	5.3831955e-09
3788.0	4.678931e-09
3789.0	3.974388e-09
3790.0	3.269568e-09
3791.0	2.5646925e-09
3792.0	2.6344275e-09
3793.0	2.7683435e-09
3794.0	2.9023359999999997e-09
3795.0	3.0364005e-09
3796.0	3.1705435e-09
3797.0	3.304761e-09
3798.0	3.439054e-09
3799.0	3.573423e-09
3800.0	3.7078664999999996e-09
3801.0	3.843438999999999e-09
3802.0	3.5031915e-09
3803.0	3.1217935e-09
3804.0	2.7399679999999998e-09
3805.0	2.357719e-09
3806.0	1.9750415e-09
3807.0	1.591939e-09
3808.0	1.20841e-09
3809.0	8.244550499999999e-10
3810.0	4.400737e-10
3811.0	5.5265914999999994e-11
3812.0	1.6214469999999999e-09
3813.0	3.3627065e-09
3814.0	5.1058890000000005e-09
3815.0	6.8509945e-09
3816.0	8.598022500000001e-09
3817.0	1.034697e-08
3818.0	1.2097849999999999e-08
3819.0	1.3850645e-08
3820.0	1.5605375e-08
3821.0	1.736351e-08
3822.0	1.7026525e-08
3823.0	1.649667e-08
3824.0	1.5966145000000002e-08
3825.0	1.5434795000000003e-08
3826.0	1.4903015e-08
3827.0	1.437043e-08
3828.0	1.383715e-08
3829.0	1.330318e-08
3830.0	1.2768529999999999e-08
3831.0	1.223212e-08
3832.0	1.2285685e-08
3833.0	1.239537e-08
3834.0	1.2505165000000001e-08
3835.0	1.261511e-08
3836.0	1.2725105e-08
3837.0	1.283524e-08
3838.0	1.2945495e-08
3839.0	1.3055855000000001e-08
3840.0	1.3166335000000001e-08
3841.0	1.3278064999999999e-08
3842.0	1.2635075000000001e-08
3843.0	1.191716e-08
3844.0	1.119833e-08
3845.0	1.0478585e-08
3846.0	9.757929000000001e-09
3847.0	9.036362e-09
3848.0	8.314053e-09
3849.0	7.5904825e-09
3850.0	6.8661735e-09
3851.0	6.140415000000001e-09
3852.0	5.5272065e-09
3853.0	4.9247965e-09
3854.0	4.3217335e-09
3855.0	3.718019e-09
3856.0	3.113649e-09
3857.0	2.5086290000000004e-09
3858.0	1.902954e-09
3859.0	1.2966275e-09
3860.0	6.8964785e-10
3861.0	8.2015065e-11
3862.0	3.696703e-10
3863.0	7.5116735e-10
3864.0	1.1330725e-09
3865.0	1.5153865e-09
3866.0	1.8981095e-09
3867.0	2.2812405e-09
3868.0	2.664781e-09
3869.0	3.0487305e-09
3870.0	3.4330885e-09
3871.0	3.818185e-09
3872.0	5.2058600000000005e-09
3873.0	6.7031705e-09
3874.0	8.202336e-09
3875.0	9.7033485e-09
3876.0	1.1206215e-08
3877.0	1.2710935e-08
3878.0	1.421751e-08
3879.0	1.572594e-08
3880.0	1.723659e-08
3881.0	1.8746735e-08
3882.0	1.7561955e-08
3883.0	1.607742e-08
3884.0	1.4591295e-08
3885.0	1.3103595e-08
3886.0	1.1614305e-08
3887.0	1.0123438e-08
3888.0	8.630982499999999e-09
3889.0	7.136949e-09
3890.0	5.641334e-09
3891.0	4.1441295000000005e-09
3892.0	4.0068785e-09
3893.0	4.0247105e-09
3894.0	4.0425535e-09
3895.0	4.0604225e-09
3896.0	4.0783045e-09
3897.0	4.0962025e-09
3898.0	4.1141165e-09
3899.0	4.1320465e-09
3900.0	4.1499965e-09
3901.0	4.168317e-09
3902.0	5.554644e-09
3903.0	7.1032120000000006e-09
3904.0	8.653666e-09
3905.0	1.0205999999999999e-08
3906.0	1.176022e-08
3907.0	1.331632e-08
3908.0	1.4874310000000001e-08
3909.0	1.643419e-08
3910.0	1.7995955e-08
3911.0	1.955788e-08
3912.0	1.935533e-08
3913.0	1.8939885e-08
3914.0	1.8524009999999998e-08
3915.0	1.8107585000000002e-08
3916.0	1.769093e-08
3917.0	1.7273725e-08
3918.0	1.685608e-08
3919.0	1.6437999999999998e-08
3920.0	1.6019475000000002e-08
3921.0	1.5600495000000003e-08
3922.0	1.438318e-08
3923.0	1.3065825e-08
3924.0	1.1747105e-08
3925.0	1.0427020000000001e-08
3926.0	9.105247499999999e-09
3927.0	7.782754999999999e-09
3928.0	6.458572e-09
3929.0	5.1330235e-09
3930.0	3.806108e-09
3931.0	2.4780400000000003e-09
3932.0	2.9278025e-09
3933.0	3.6044635e-09
3934.0	4.2819290000000004e-09
3935.0	4.960207e-09
3936.0	5.6392939999999995e-09
3937.0	6.3191875000000004e-09
3938.0	6.9998925e-09
3939.0	7.6812415e-09
3940.0	8.3637325e-09
3941.0	9.0460745e-09
3942.0	9.8469195e-09
3943.0	1.0663965e-08
3944.0	1.1481835e-08
3945.0	1.2300535e-08
3946.0	1.312006e-08
3947.0	1.3940415e-08
3948.0	1.476159e-08
3949.0	1.5583394999999998e-08
3950.0	1.640643e-08
3951.0	1.7230065e-08
3952.0	1.7764965e-08
3953.0	1.8261665e-08
3954.0	1.875887e-08
3955.0	1.9256559999999997e-08
3956.0	1.9754745000000002e-08
3957.0	2.025342e-08
3958.0	2.0752590000000002e-08
3959.0	2.1252245e-08
3960.0	2.1752535e-08
3961.0	2.2254955e-08
3962.0	2.2894675e-08
3963.0	2.3553880000000002e-08
3964.0	2.421385e-08
3965.0	2.487458e-08
3966.0	2.5536075e-08
3967.0	2.6198334999999998e-08
3968.0	2.6861345e-08
3969.0	2.7525125e-08
3970.0	2.8189665e-08
3971.0	2.8852445e-08
3972.0	2.7683175e-08
3973.0	2.6254885e-08
3974.0	2.4825145e-08
3975.0	2.3393985000000003e-08
3976.0	2.1961380000000003e-08
3977.0	2.0527339999999998e-08
3978.0	1.909187e-08
3979.0	1.7654954999999997e-08
3980.0	1.6216615e-08
3981.0	1.4776815e-08
3982.0	1.3328025e-08
3983.0	1.1877065e-08
3984.0	1.0423955e-08
3985.0	8.969759e-09
3986.0	7.514123e-09
3987.0	6.057044e-09
3988.0	4.598526e-09
3989.0	3.1385665e-09
3990.0	1.677165e-09
3991.0	2.1434005e-10
3992.0	1.2790825e-09
3993.0	2.717927e-09
3994.0	4.158079e-09
3995.0	5.600592999999999e-09
3996.0	7.044417999999999e-09
3997.0	8.4899e-09
3998.0	9.937047e-09
3999.0	1.138585e-08
4000.0	1.2836315e-08
4001.0	1.4282025e-08
4002.0	1.4667555e-08
4003.0	1.4893139999999998e-08
4004.0	1.5118785e-08
4005.0	1.5344540000000002e-08
4006.0	1.5570245000000002e-08
4007.0	1.579606e-08
4008.0	1.6021925000000002e-08
4009.0	1.624785e-08
4010.0	1.6473829999999998e-08
4011.0	1.6699844999999998e-08
4012.0	1.6952425e-08
4013.0	1.7209155e-08
4014.0	1.746594e-08
4015.0	1.772279e-08
4016.0	1.7979705e-08
4017.0	1.8236675e-08
4018.0	1.8493715e-08
4019.0	1.875076e-08
4020.0	1.900798e-08
4021.0	1.926684e-08
4022.0	1.9568285000000002e-08
4023.0	1.9876544999999997e-08
4024.0	2.0184935e-08
4025.0	2.0493445e-08
4026.0	2.080209e-08
4027.0	2.1110859999999998e-08
4028.0	2.1419755e-08
4029.0	2.1728775e-08
4030.0	2.2037935e-08
4031.0	2.234666e-08
4032.0	2.318992e-08
4033.0	2.4119735e-08
4034.0	2.504988e-08
4035.0	2.5980369999999997e-08
4036.0	2.69112e-08
4037.0	2.7842365e-08
4038.0	2.8773875e-08
4039.0	2.9705724999999996e-08
4040.0	3.0637914999999996e-08
4041.0	3.157041e-08
4042.0	3.4259105e-08
4043.0	3.7238465e-08
4044.0	4.021891e-08
4045.0	4.320045e-08
4046.0	4.6183064999999995e-08
4047.0	4.916677e-08
4048.0	5.215157e-08
4049.0	5.513743e-08
4050.0	5.8124395e-08
4051.0	6.111761500000001e-08
4052.0	6.325946e-08
4053.0	6.5258835e-08
4054.0	6.725927000000001e-08
4055.0	6.926079e-08
4056.0	7.126336e-08
4057.0	7.3266985e-08
4058.0	7.527169e-08
4059.0	7.7277435e-08
4060.0	7.9284745e-08
4061.0	8.128504e-08
4062.0	8.389639e-08
4063.0	8.661356e-08
4064.0	8.9331655e-08
4065.0	9.205077500000001e-08
4066.0	9.477084e-08
4067.0	9.749187e-08
4068.0	1.00213885e-07
4069.0	1.0293685e-07
4070.0	1.0566085e-07
4071.0	1.0838560000000001e-07
4072.0	1.106512e-07
4073.0	1.1283665e-07
4074.0	1.1502230000000001e-07
4075.0	1.172099e-07
4076.0	1.1939765e-07
4077.0	1.2158625000000002e-07
4078.0	1.2377555000000002e-07
4079.0	1.259657e-07
4080.0	1.281566e-07
4081.0	1.3035934999999998e-07
4082.0	1.321255e-07
4083.0	1.338142e-07
4084.0	1.3550375e-07
4085.0	1.3719415e-07
4086.0	1.388855e-07
4087.0	1.4057765e-07
4088.0	1.4227070000000001e-07
4089.0	1.439647e-07
4090.0	1.4565949999999998e-07
4091.0	1.4734235e-07
4092.0	1.497879e-07
4093.0	1.5237364999999999e-07
4094.0	1.549602e-07
4095.0	1.575478e-07
4096.0	1.6013625e-07
4097.0	1.627255e-07
4098.0	1.6531575e-07
4099.0	1.6790684999999998e-07
4100.0	1.7049885e-07
4101.0	1.7309155e-07
4102.0	1.7410285e-07
4103.0	1.748193e-07
4104.0	1.75536e-07
4105.0	1.7625274999999998e-07
4106.0	1.7696989999999998e-07
4107.0	1.776873e-07
4108.0	1.7840485e-07
4109.0	1.791227e-07
4110.0	1.798408e-07
4111.0	1.8057445e-07
4112.0	1.801329e-07
4113.0	1.794677e-07
4114.0	1.7880215e-07
4115.0	1.7813624999999998e-07
4116.0	1.7747000000000001e-07
4117.0	1.768034e-07
4118.0	1.761364e-07
4119.0	1.75469e-07
4120.0	1.748013e-07
4121.0	1.7411810000000002e-07
4122.0	1.7484689999999999e-07
4123.0	1.758503e-07
4124.0	1.76854e-07
4125.0	1.77858e-07
4126.0	1.788624e-07
4127.0	1.7986705e-07
4128.0	1.8087215e-07
4129.0	1.818775e-07
4130.0	1.8288325e-07
4131.0	1.8388915e-07
4132.0	1.8459865e-07
4133.0	1.8524975e-07
4134.0	1.85901e-07
4135.0	1.865525e-07
4136.0	1.8720425e-07
4137.0	1.878561e-07
4138.0	1.8850825e-07
4139.0	1.891607e-07
4140.0	1.8981329999999998e-07
4141.0	1.904659e-07
4142.0	1.9094030000000002e-07
4143.0	1.913789e-07
4144.0	1.918176e-07
4145.0	1.922565e-07
4146.0	1.926956e-07
4147.0	1.9313475e-07
4148.0	1.93574e-07
4149.0	1.9401345e-07
4150.0	1.9445305e-07
4151.0	1.9490939999999998e-07
4152.0	1.9487790000000001e-07
4153.0	1.947462e-07
4154.0	1.946144e-07
4155.0	1.9448255000000002e-07
4156.0	1.943506e-07
4157.0	1.942185e-07
4158.0	1.9408635e-07
4159.0	1.939541e-07
4160.0	1.9382175000000002e-07
4161.0	1.9367274999999998e-07
4162.0	1.933634e-07
4163.0	1.9302055e-07
4164.0	1.9267755e-07
4165.0	1.923345e-07
4166.0	1.9199125e-07
4167.0	1.9164795e-07
4168.0	1.913044e-07
4169.0	1.9096075e-07
4170.0	1.906171e-07
4171.0	1.902731e-07
4172.0	1.911477e-07
4173.0	1.9228175e-07
4174.0	1.9341615e-07
4175.0	1.9455095e-07
4176.0	1.9568605e-07
4177.0	1.9682155e-07
4178.0	1.979575e-07
4179.0	1.990937e-07
4180.0	2.0023025e-07
4181.0	2.013844e-07
4182.0	2.0222665e-07
4183.0	2.0300155000000002e-07
4184.0	2.0377685e-07
4185.0	2.0455245e-07
4186.0	2.0532854999999998e-07
4187.0	2.0610495e-07
4188.0	2.0688175e-07
4189.0	2.076589e-07
4190.0	2.084364e-07
4191.0	2.091962e-07
4192.0	2.104275e-07
4193.0	2.117629e-07
4194.0	2.130989e-07
4195.0	2.144353e-07
4196.0	2.1577220000000002e-07
4197.0	2.171094e-07
4198.0	2.184472e-07
4199.0	2.1978535e-07
4200.0	2.211239e-07
4201.0	2.2246275000000002e-07
4202.0	2.235806e-07
4203.0	2.2464900000000002e-07
4204.0	2.2571785000000002e-07
4205.0	2.2678695e-07
4206.0	2.2785635e-07
4207.0	2.2892615e-07
4208.0	2.299963e-07
4209.0	2.310668e-07
4210.0	2.3213765e-07
4211.0	2.332086e-07
4212.0	2.3402210000000002e-07
4213.0	2.3477675e-07
4214.0	2.3553159999999997e-07
4215.0	2.362868e-07
4216.0	2.3704215000000003e-07
4217.0	2.3779775000000002e-07
4218.0	2.3855355e-07
4219.0	2.393096e-07
4220.0	2.4006595e-07
4221.0	2.40843e-07
4222.0	2.409711e-07
4223.0	2.4094835e-07
4224.0	2.4092555e-07
4225.0	2.409027e-07
4226.0	2.4087990000000003e-07
4227.0	2.4085695e-07
4228.0	2.4083405e-07
4229.0	2.4081105e-07
4230.0	2.4078799999999997e-07
4231.0	2.4073505e-07
4232.0	2.4133015e-07
4233.0	2.4207885e-07
4234.0	2.4282775e-07
4235.0	2.435768e-07
4236.0	2.4432615000000003e-07
4237.0	2.450755e-07
4238.0	2.4582515e-07
4239.0	2.465749e-07
4240.0	2.4732485e-07
4241.0	2.480748e-07
4242.0	2.4893965e-07
4243.0	2.4983214999999997e-07
4244.0	2.5072494999999997e-07
4245.0	2.51618e-07
4246.0	2.525112e-07
4247.0	2.5340465e-07
4248.0	2.542983e-07
4249.0	2.551921e-07
4250.0	2.560861e-07
4251.0	2.570023e-07
4252.0	2.6004804999999997e-07
4253.0	2.6361510000000004e-07
4254.0	2.671837e-07
4255.0	2.707538e-07
4256.0	2.7432535e-07
4257.0	2.7789834999999996e-07
4258.0	2.814728e-07
4259.0	2.8504875e-07
4260.0	2.8862605000000003e-07
4261.0	2.921797e-07
4262.0	2.9505215e-07
4263.0	2.9775565e-07
4264.0	3.0045965e-07
4265.0	3.0316434999999997e-07
4266.0	3.0586974999999997e-07
4267.0	3.085758e-07
4268.0	3.1128244999999996e-07
4269.0	3.139897e-07
4270.0	3.166977e-07
4271.0	3.194061e-07
4272.0	3.2218345e-07
4273.0	3.249785e-07
4274.0	3.2777425000000004e-07
4275.0	3.3057075e-07
4276.0	3.3336785e-07
4277.0	3.3616564999999997e-07
4278.0	3.389641e-07
4279.0	3.4176319999999997e-07
4280.0	3.4456305e-07
4281.0	3.4736325e-07
4282.0	3.46555e-07
4283.0	3.448179e-07
4284.0	3.4308055e-07
4285.0	3.413427e-07
4286.0	3.3960455e-07
4287.0	3.3786585e-07
4288.0	3.361267e-07
4289.0	3.3438715e-07
4290.0	3.326472e-07
4291.0	3.309349e-07
4292.0	3.297121e-07
4293.0	3.2861665e-07
4294.0	3.2752084999999997e-07
4295.0	3.2642455e-07
4296.0	3.253278e-07
4297.0	3.242305e-07
4298.0	3.2313275000000003e-07
4299.0	3.2203455e-07
4300.0	3.2093595000000004e-07
4301.0	3.198093e-07
4302.0	3.20526e-07
4303.0	3.2173155e-07
4304.0	3.2293715e-07
4305.0	3.241432e-07
4306.0	3.253495e-07
4307.0	3.265561e-07
4308.0	3.277629e-07
4309.0	3.2896995e-07
4310.0	3.301774e-07
4311.0	3.3138475e-07
4312.0	3.3344505e-07
4313.0	3.357355e-07
4314.0	3.3802665e-07
4315.0	3.4031815000000003e-07
4316.0	3.4261035e-07
4317.0	3.44903e-07
4318.0	3.471962e-07
4319.0	3.494898e-07
4320.0	3.5178405e-07
4321.0	3.5407895e-07
4322.0	3.573355e-07
4323.0	3.6085585e-07
4324.0	3.6437714999999997e-07
4325.0	3.6789935e-07
4326.0	3.714221e-07
4327.0	3.7494589999999996e-07
4328.0	3.784704e-07
4329.0	3.8199589999999996e-07
4330.0	3.8552209999999997e-07
4331.0	3.8908215e-07
4332.0	3.9238865e-07
4333.0	3.9562545e-07
4334.0	3.9886345e-07
4335.0	4.021028e-07
4336.0	4.0534360000000004e-07
4337.0	4.0858545e-07
4338.0	4.118287e-07
4339.0	4.1507314999999996e-07
4340.0	4.1831915e-07
4341.0	4.2153010000000004e-07
4342.0	4.228635e-07
4343.0	4.2366665e-07
4344.0	4.2446985000000003e-07
4345.0	4.2527345e-07
4346.0	4.2607735000000004e-07
4347.0	4.268811e-07
4348.0	4.2768505000000003e-07
4349.0	4.284893e-07
4350.0	4.292937e-07
4351.0	4.3009805000000004e-07
4352.0	4.301783e-07
4353.0	4.300509e-07
4354.0	4.2992385e-07
4355.0	4.2979665e-07
4356.0	4.2966945e-07
4357.0	4.2954205e-07
4358.0	4.2941465e-07
4359.0	4.292872e-07
4360.0	4.2915985e-07
4361.0	4.2903184999999996e-07
4362.0	4.2625615e-07
4363.0	4.227082e-07
4364.0	4.1915965e-07
4365.0	4.1561e-07
4366.0	4.1205975e-07
4367.0	4.0850845000000004e-07
4368.0	4.049564e-07
4369.0	4.0140355000000005e-07
4370.0	3.9784985e-07
4371.0	3.9432885e-07
4372.0	3.9250364999999995e-07
4373.0	3.911791e-07
4374.0	3.8985395e-07
4375.0	3.8852815e-07
4376.0	3.872019e-07
4377.0	3.8587509999999997e-07
4378.0	3.8454765000000004e-07
4379.0	3.832197e-07
4380.0	3.8189140000000004e-07
4381.0	3.805297e-07
4382.0	3.7847679999999997e-07
4383.0	3.7621645e-07
4384.0	3.739556e-07
4385.0	3.716942e-07
4386.0	3.6943229999999997e-07
4387.0	3.6716990000000003e-07
4388.0	3.6490695e-07
4389.0	3.6264345e-07
4390.0	3.603794e-07
4391.0	3.5811469999999997e-07
4392.0	3.588434e-07
4393.0	3.604838e-07
4394.0	3.6212465e-07
4395.0	3.637657e-07
4396.0	3.6540724999999996e-07
4397.0	3.6704905e-07
4398.0	3.6869145e-07
4399.0	3.7033405000000004e-07
4400.0	3.719771e-07
4401.0	3.7362035000000003e-07
4402.0	3.7441275e-07
4403.0	3.7494239999999997e-07
4404.0	3.7547215000000003e-07
4405.0	3.7600209999999997e-07
4406.0	3.7653215e-07
4407.0	3.770623e-07
4408.0	3.7759255e-07
4409.0	3.7812285e-07
4410.0	3.7865335e-07
4411.0	3.7918395e-07
4412.0	3.8080514999999996e-07
4413.0	3.8276879999999997e-07
4414.0	3.8473270000000003e-07
4415.0	3.8669705000000003e-07
4416.0	3.88662e-07
4417.0	3.9062725e-07
4418.0	3.92593e-07
4419.0	3.945592e-07
4420.0	3.9652575e-07
4421.0	3.985266e-07
4422.0	3.9840860000000004e-07
4423.0	3.9761665e-07
4424.0	3.9682419999999996e-07
4425.0	3.9603145e-07
4426.0	3.9523855e-07
4427.0	3.94445e-07
4428.0	3.9365125e-07
4429.0	3.9285714999999997e-07
4430.0	3.9206275e-07
4431.0	3.9124935000000004e-07
4432.0	3.8902395e-07
4433.0	3.863418e-07
4434.0	3.8365885e-07
4435.0	3.8097495e-07
4436.0	3.7829025e-07
4437.0	3.756048e-07
4438.0	3.7291855e-07
4439.0	3.7023135e-07
4440.0	3.6754335e-07
4441.0	3.648545e-07
4442.0	3.6343679999999996e-07
4443.0	3.6243500000000003e-07
4444.0	3.6143295e-07
4445.0	3.6043055e-07
4446.0	3.594279e-07
4447.0	3.5842484999999997e-07
4448.0	3.5742155e-07
4449.0	3.5641785e-07
4450.0	3.5541395e-07
4451.0	3.5440965e-07
4452.0	3.524466e-07
4453.0	3.5016515e-07
4454.0	3.478831e-07
4455.0	3.4560025e-07
4456.0	3.4331665e-07
4457.0	3.410326e-07
4458.0	3.3874755e-07
4459.0	3.3646195e-07
4460.0	3.341756e-07
4461.0	3.3191685e-07
4462.0	3.3209715e-07
4463.0	3.3309965e-07
4464.0	3.3410255e-07
4465.0	3.351059e-07
4466.0	3.361097e-07
4467.0	3.37114e-07
4468.0	3.381186e-07
4469.0	3.3912375000000003e-07
4470.0	3.401294e-07
4471.0	3.4110640000000003e-07
4472.0	3.4205955e-07
4473.0	3.4300490000000003e-07
4474.0	3.4395059999999996e-07
4475.0	3.448965e-07
4476.0	3.4584264999999996e-07
4477.0	3.4678905e-07
4478.0	3.477357e-07
4479.0	3.486828e-07
4480.0	3.496299e-07
4481.0	3.5057765e-07
4482.0	3.5166015000000003e-07
4483.0	3.5278955000000003e-07
4484.0	3.5391930000000004e-07
4485.0	3.550494e-07
4486.0	3.5617979999999997e-07
4487.0	3.5731059999999997e-07
4488.0	3.5844159999999995e-07
4489.0	3.5957285e-07
4490.0	3.607047e-07
4491.0	3.6183655e-07
4492.0	3.625618e-07
4493.0	3.631442e-07
4494.0	3.6372680000000003e-07
4495.0	3.6430954999999997e-07
4496.0	3.6489245000000003e-07
4497.0	3.6547545e-07
4498.0	3.6605875e-07
4499.0	3.666421e-07
4500.0	3.6722565e-07
4501.0	3.6777915e-07
4502.0	3.676478e-07
4503.0	3.6727270000000003e-07
4504.0	3.6689784999999997e-07
4505.0	3.665227e-07
4506.0	3.661477e-07
4507.0	3.6577255e-07
4508.0	3.653974e-07
4509.0	3.6502195e-07
4510.0	3.646467e-07
4511.0	3.6430224999999996e-07
4512.0	3.642831e-07
4513.0	3.6438149999999997e-07
4514.0	3.644798e-07
4515.0	3.6457810000000004e-07
4516.0	3.6467655000000004e-07
4517.0	3.647748e-07
4518.0	3.6487315e-07
4519.0	3.649716e-07
4520.0	3.6506995e-07
4521.0	3.6513725e-07
4522.0	3.636157e-07
4523.0	3.6151354999999997e-07
4524.0	3.5941104999999996e-07
4525.0	3.5730835e-07
4526.0	3.552052e-07
4527.0	3.531019e-07
4528.0	3.5099825e-07
4529.0	3.4889435e-07
4530.0	3.4679020000000003e-07
4531.0	3.4468569999999996e-07
4532.0	3.4434525e-07
4533.0	3.446589e-07
4534.0	3.449726e-07
4535.0	3.4528629999999996e-07
4536.0	3.4560015e-07
4537.0	3.45914e-07
4538.0	3.4622775e-07
4539.0	3.4654175000000003e-07
4540.0	3.4685575e-07
4541.0	3.4716975e-07
4542.0	3.4662335e-07
4543.0	3.4575385e-07
4544.0	3.4488415e-07
4545.0	3.440144e-07
4546.0	3.431445e-07
4547.0	3.4227455e-07
4548.0	3.414044e-07
4549.0	3.405341e-07
4550.0	3.396638e-07
4551.0	3.3879325e-07
4552.0	3.397335e-07
4553.0	3.413621e-07
4554.0	3.4299089999999996e-07
4555.0	3.446201e-07
4556.0	3.462494e-07
4557.0	3.478789e-07
4558.0	3.4950875e-07
4559.0	3.5113845000000005e-07
4560.0	3.5276865000000003e-07
4561.0	3.5442925e-07
4562.0	3.5609155e-07
4563.0	3.5775474999999996e-07
4564.0	3.5941860000000003e-07
4565.0	3.6108290000000004e-07
4566.0	3.6274775000000003e-07
4567.0	3.6441295e-07
4568.0	3.6607874999999997e-07
4569.0	3.6774495e-07
4570.0	3.6941175e-07
4571.0	3.7104735e-07
4572.0	3.719212e-07
4573.0	3.724981e-07
4574.0	3.7307485e-07
4575.0	3.7365175e-07
4576.0	3.742288e-07
4577.0	3.748058e-07
4578.0	3.7538295e-07
4579.0	3.7596005e-07
4580.0	3.7653745e-07
4581.0	3.771147e-07
4582.0	3.7882915e-07
4583.0	3.809941e-07
4584.0	3.831593e-07
4585.0	3.8532475e-07
4586.0	3.874906e-07
4587.0	3.8965665000000003e-07
4588.0	3.9182315e-07
4589.0	3.9398965e-07
4590.0	3.9615669999999996e-07
4591.0	3.983239e-07
4592.0	3.9982575e-07
4593.0	4.010609e-07
4594.0	4.0229629999999997e-07
4595.0	4.0353185e-07
4596.0	4.0476745e-07
4597.0	4.0600335e-07
4598.0	4.0723945e-07
4599.0	4.084756e-07
4600.0	4.09712e-07
4601.0	4.1094835e-07
4602.0	4.111512e-07
4603.0	4.1093470000000004e-07
4604.0	4.107181e-07
4605.0	4.1050165e-07
4606.0	4.1028505e-07
4607.0	4.100683e-07
4608.0	4.098517e-07
4609.0	4.096348e-07
4610.0	4.0941805e-07
4611.0	4.0923615e-07
4612.0	4.090305e-07
4613.0	4.0881489999999995e-07
4614.0	4.0859935e-07
4615.0	4.083835e-07
4616.0	4.081678e-07
4617.0	4.0795175e-07
4618.0	4.0773590000000003e-07
4619.0	4.075197e-07
4620.0	4.0730375e-07
4621.0	4.0705255e-07
4622.0	4.063363e-07
4623.0	4.0542625e-07
4624.0	4.0451605e-07
4625.0	4.0360565e-07
4626.0	4.0269520000000003e-07
4627.0	4.0178455e-07
4628.0	4.0087375e-07
4629.0	3.999629e-07
4630.0	3.9905195e-07
4631.0	3.981321e-07
4632.0	3.9620415000000003e-07
4633.0	3.9385015e-07
4634.0	3.914964e-07
4635.0	3.8914215e-07
4636.0	3.8678765e-07
4637.0	3.844332e-07
4638.0	3.8207835000000004e-07
4639.0	3.7972335e-07
4640.0	3.7736825e-07
4641.0	3.7501279999999996e-07
4642.0	3.728931e-07
4643.0	3.7087405e-07
4644.0	3.688548e-07
4645.0	3.668354e-07
4646.0	3.6481565e-07
4647.0	3.6279600000000004e-07
4648.0	3.60776e-07
4649.0	3.587558e-07
4650.0	3.567356e-07
4651.0	3.547151e-07
4652.0	3.540401e-07
4653.0	3.5394675e-07
4654.0	3.538534e-07
4655.0	3.5375999999999996e-07
4656.0	3.5366655e-07
4657.0	3.5357310000000003e-07
4658.0	3.534798e-07
4659.0	3.5338615000000003e-07
4660.0	3.5329290000000005e-07
4661.0	3.5319945e-07
4662.0	3.5560745e-07
4663.0	3.5911195e-07
4664.0	3.6261664999999997e-07
4665.0	3.6612175e-07
4666.0	3.6962705e-07
4667.0	3.7313265e-07
4668.0	3.7663865000000004e-07
4669.0	3.801448e-07
4670.0	3.8365145e-07
4671.0	3.8719115e-07
4672.0	3.9189799999999995e-07
4673.0	3.9712295e-07
4674.0	4.023492e-07
4675.0	4.075769e-07
4676.0	4.1280595e-07
4677.0	4.1803630000000003e-07
4678.0	4.2326785e-07
4679.0	4.285008e-07
4680.0	4.3373505e-07
4681.0	4.389333e-07
4682.0	4.4336115e-07
4683.0	4.4744265e-07
4684.0	4.515246e-07
4685.0	4.5560685e-07
4686.0	4.5968944999999997e-07
4687.0	4.6377235e-07
4688.0	4.678557e-07
4689.0	4.7193939999999997e-07
4690.0	4.7602340000000005e-07
4691.0	4.8010775e-07
4692.0	4.848927e-07
4693.0	4.8999635e-07
4694.0	4.9510055e-07
4695.0	5.002052e-07
4696.0	5.053102e-07
4697.0	5.104156000000001e-07
4698.0	5.155216e-07
4699.0	5.206278999999999e-07
4700.0	5.257347e-07
4701.0	5.308418e-07
4702.0	5.341625e-07
4703.0	5.3665995e-07
4704.0	5.391578000000001e-07
4705.0	5.416558e-07
4706.0	5.4415395e-07
4707.0	5.466522e-07
4708.0	5.491508999999999e-07
4709.0	5.5164975e-07
4710.0	5.541488e-07
4711.0	5.566481000000001e-07
4712.0	5.553198e-07
4713.0	5.522078500000001e-07
4714.0	5.490954999999999e-07
4715.0	5.4598285e-07
4716.0	5.428701e-07
4717.0	5.39757e-07
4718.0	5.366435500000001e-07
4719.0	5.335298499999999e-07
4720.0	5.304160000000001e-07
4721.0	5.2730195e-07
4722.0	5.243918e-07
4723.0	5.215774999999999e-07
4724.0	5.1876315e-07
4725.0	5.159483e-07
4726.0	5.131332499999999e-07
4727.0	5.1031815e-07
4728.0	5.075025499999999e-07
4729.0	5.0468685e-07
4730.0	5.018709e-07
4731.0	4.9905465e-07
4732.0	4.9492385e-07
4733.0	4.9016485e-07
4734.0	4.854054499999999e-07
4735.0	4.806457e-07
4736.0	4.758855e-07
4737.0	4.711248e-07
4738.0	4.6636385e-07
4739.0	4.6160245e-07
4740.0	4.5684065e-07
4741.0	4.5211685e-07
4742.0	4.49818e-07
4743.0	4.4869055e-07
4744.0	4.475627e-07
4745.0	4.4643465e-07
4746.0	4.4530625e-07
4747.0	4.441774e-07
4748.0	4.4304845000000003e-07
4749.0	4.419191e-07
4750.0	4.407895e-07
4751.0	4.3962215e-07
4752.0	4.4102285e-07
4753.0	4.4368034999999996e-07
4754.0	4.4633825e-07
4755.0	4.489963e-07
4756.0	4.516546e-07
4757.0	4.543131e-07
4758.0	4.5697195000000003e-07
4759.0	4.5963095e-07
4760.0	4.6229029999999997e-07
4761.0	4.649496e-07
4762.0	4.68849e-07
4763.0	4.733623e-07
4764.0	4.7787595e-07
4765.0	4.823901500000001e-07
4766.0	4.869047000000001e-07
4767.0	4.914193999999999e-07
4768.0	4.9593465e-07
4769.0	5.004502e-07
4770.0	5.049663e-07
4771.0	5.094827e-07
4772.0	5.143054999999999e-07
4773.0	5.19282e-07
4774.0	5.242589999999999e-07
4775.0	5.2923655e-07
4776.0	5.342143500000001e-07
4777.0	5.391925499999999e-07
4778.0	5.441713500000001e-07
4779.0	5.4915045e-07
4780.0	5.541299499999999e-07
4781.0	5.591099999999999e-07
4782.0	5.625583000000001e-07
4783.0	5.652300000000001e-07
4784.0	5.679021500000001e-07
4785.0	5.7057435e-07
4786.0	5.732468e-07
4787.0	5.759196e-07
4788.0	5.785925999999999e-07
4789.0	5.812658e-07
4790.0	5.839391999999999e-07
4791.0	5.8661295e-07
4792.0	5.87231e-07
4793.0	5.867953e-07
4794.0	5.8635965e-07
4795.0	5.859238e-07
4796.0	5.854881e-07
4797.0	5.8505245e-07
4798.0	5.8461665e-07
4799.0	5.8418085e-07
4800.0	5.837449e-07
4801.0	5.833089e-07
4802.0	5.783621999999999e-07
4803.0	5.710726e-07
4804.0	5.6378225e-07
4805.0	5.564913500000001e-07
4806.0	5.491998500000001e-07
4807.0	5.4190745e-07
4808.0	5.346148e-07
4809.0	5.2732135e-07
4810.0	5.200272e-07
4811.0	5.1277615e-07
4812.0	5.047166000000001e-07
4813.0	4.962312e-07
4814.0	4.877437e-07
4815.0	4.792539000000001e-07
4816.0	4.70762e-07
4817.0	4.6226785e-07
4818.0	4.5377155000000003e-07
4819.0	4.4527315e-07
4820.0	4.3677235e-07
4821.0	4.2823335e-07
4822.0	4.1949179999999997e-07
4823.0	4.1064215000000005e-07
4824.0	4.0179195e-07
4825.0	3.929406e-07
4826.0	3.840887e-07
4827.0	3.7523595e-07
4828.0	3.6638244999999997e-07
4829.0	3.575282e-07
4830.0	3.4867325e-07
4831.0	3.398137e-07
4832.0	3.3103195e-07
4833.0	3.222918e-07
4834.0	3.1355085e-07
4835.0	3.048096e-07
4836.0	2.9606765e-07
4837.0	2.873251e-07
4838.0	2.78582e-07
4839.0	2.6983845e-07
4840.0	2.610943e-07
4841.0	2.523495e-07
4842.0	2.4894385e-07
4843.0	2.4844535e-07
4844.0	2.4794685e-07
4845.0	2.474484e-07
4846.0	2.4694980000000004e-07
4847.0	2.4645115000000003e-07
4848.0	2.4595255e-07
4849.0	2.4545395e-07
4850.0	2.4495525e-07
4851.0	2.4445645000000005e-07
4852.0	2.466134e-07
4853.0	2.5023235e-07
4854.0	2.5385135e-07
4855.0	2.5747065e-07
4856.0	2.610902e-07
4857.0	2.647099e-07
4858.0	2.683299e-07
4859.0	2.7195004999999997e-07
4860.0	2.7557055e-07
4861.0	2.791911e-07
4862.0	2.8466875000000004e-07
4863.0	2.911794e-07
4864.0	2.9769034999999996e-07
4865.0	3.0420194999999996e-07
4866.0	3.1071395000000004e-07
4867.0	3.172262e-07
4868.0	3.23739e-07
4869.0	3.3025219999999997e-07
4870.0	3.367657e-07
4871.0	3.432797e-07
4872.0	3.5032065e-07
4873.0	3.576586e-07
4874.0	3.64997e-07
4875.0	3.7233595e-07
4876.0	3.7967535e-07
4877.0	3.8701520000000004e-07
4878.0	3.943556e-07
4879.0	4.0169635e-07
4880.0	4.0903745000000003e-07
4881.0	4.1637945e-07
4882.0	4.2281714999999996e-07
4883.0	4.287401e-07
4884.0	4.346634e-07
4885.0	4.405872e-07
4886.0	4.4651140000000004e-07
4887.0	4.5243585000000003e-07
4888.0	4.583608e-07
4889.0	4.642861e-07
4890.0	4.7021184999999996e-07
4891.0	4.761782e-07
4892.0	4.8070395e-07
4893.0	4.843992e-07
4894.0	4.8809535e-07
4895.0	4.917921e-07
4896.0	4.954899e-07
4897.0	4.9918855e-07
4898.0	5.028880499999999e-07
4899.0	5.0658825e-07
4900.0	5.1028945e-07
4901.0	5.1394805e-07
4902.0	5.1178735e-07
4903.0	5.0623535e-07
4904.0	5.006831e-07
4905.0	4.951304500000001e-07
4906.0	4.8957755e-07
4907.0	4.8402415e-07
4908.0	4.7847045e-07
4909.0	4.729163e-07
4910.0	4.6736185e-07
4911.0	4.618068e-07
4912.0	4.5585919999999996e-07
4913.0	4.4967955e-07
4914.0	4.4349964999999997e-07
4915.0	4.373192e-07
4916.0	4.3113845e-07
4917.0	4.249574e-07
4918.0	4.187758e-07
4919.0	4.1259385e-07
4920.0	4.0641144999999996e-07
4921.0	4.0022879999999997e-07
4922.0	3.9290305000000003e-07
4923.0	3.8489535e-07
4924.0	3.7688730000000003e-07
4925.0	3.688785e-07
4926.0	3.608692e-07
4927.0	3.528595e-07
4928.0	3.4484925e-07
4929.0	3.368386e-07
4930.0	3.2882729999999996e-07
4931.0	3.208156e-07
4932.0	3.1452005e-07
4933.0	3.0925855e-07
4934.0	3.039966e-07
4935.0	2.987344e-07
4936.0	2.9347185e-07
4937.0	2.88209e-07
4938.0	2.8294564999999997e-07
4939.0	2.7768200000000004e-07
4940.0	2.7241815e-07
4941.0	2.671539e-07
4942.0	2.6483225e-07
4943.0	2.6430575e-07
4944.0	2.637794e-07
4945.0	2.6325295e-07
4946.0	2.6272655e-07
4947.0	2.622e-07
4948.0	2.616735e-07
4949.0	2.6114675e-07
4950.0	2.6062024999999997e-07
4951.0	2.6009355e-07
4952.0	2.6269375000000003e-07
4953.0	2.6722165e-07
4954.0	2.7174985e-07
4955.0	2.762784e-07
4956.0	2.8080724999999996e-07
4957.0	2.853364e-07
4958.0	2.898659e-07
4959.0	2.9439540000000003e-07
4960.0	2.9892545e-07
4961.0	3.0345569999999996e-07
4962.0	3.096804e-07
4963.0	3.169628e-07
4964.0	3.2424560000000004e-07
4965.0	3.3152905e-07
4966.0	3.3881284999999996e-07
4967.0	3.4609719999999996e-07
4968.0	3.5338215e-07
4969.0	3.606673e-07
4970.0	3.6795295e-07
4971.0	3.752393e-07
4972.0	3.826614e-07
4973.0	3.9016919999999996e-07
4974.0	3.976776e-07
4975.0	4.051864e-07
4976.0	4.126958e-07
4977.0	4.2020570000000005e-07
4978.0	4.2771595e-07
4979.0	4.3522684999999997e-07
4980.0	4.427382e-07
4981.0	4.5025005e-07
4982.0	4.5542615e-07
4983.0	4.5911095e-07
4984.0	4.6279605e-07
4985.0	4.6648125e-07
4986.0	4.701668e-07
4987.0	4.7385244999999997e-07
4988.0	4.7753875e-07
4989.0	4.8122495e-07
4990.0	4.8491145e-07
4991.0	4.8863965e-07
4992.0	4.8905005e-07
4993.0	4.8731955e-07
4994.0	4.8558875e-07
4995.0	4.8385735e-07
4996.0	4.821256500000001e-07
4997.0	4.8039355e-07
4998.0	4.786611e-07
4999.0	4.769282e-07
5000.0	4.7519495e-07
5001.0	4.7340669999999994e-07
5002.0	4.6851865e-07
5003.0	4.6160615e-07
5004.0	4.5469365e-07
5005.0	4.4778115e-07
5006.0	4.408686e-07
5007.0	4.3395595e-07
5008.0	4.270432e-07
5009.0	4.201304e-07
5010.0	4.1321775e-07
5011.0	4.0630505000000003e-07
5012.0	3.986183e-07
5013.0	3.90421e-07
5014.0	3.8222345e-07
5015.0	3.740261e-07
5016.0	3.658286e-07
5017.0	3.5763095e-07
5018.0	3.4943325e-07
5019.0	3.4123550000000004e-07
5020.0	3.3303780000000004e-07
5021.0	3.248399e-07
5022.0	3.15443e-07
5023.0	3.0524695e-07
5024.0	2.9505099999999996e-07
5025.0	2.8485475e-07
5026.0	2.746585e-07
5027.0	2.644621e-07
5028.0	2.5426575e-07
5029.0	2.4406915000000003e-07
5030.0	2.338726e-07
5031.0	2.2367085e-07
5032.0	2.1674820000000001e-07
5033.0	2.1203765e-07
5034.0	2.073272e-07
5035.0	2.026169e-07
5036.0	1.9790685e-07
5037.0	1.9319695e-07
5038.0	1.8848720000000002e-07
5039.0	1.837776e-07
5040.0	1.7906824999999998e-07
5041.0	1.7435905e-07
5042.0	1.7052655e-07
5043.0	1.6729134999999998e-07
5044.0	1.640563e-07
5045.0	1.608214e-07
5046.0	1.575866e-07
5047.0	1.543519e-07
5048.0	1.511173e-07
5049.0	1.478829e-07
5050.0	1.446485e-07
5051.0	1.4141429999999997e-07
5052.0	1.3998315e-07
5053.0	1.397956e-07
5054.0	1.3960815e-07
5055.0	1.3942060000000002e-07
5056.0	1.392331e-07
5057.0	1.390456e-07
5058.0	1.388581e-07
5059.0	1.3867064999999999e-07
5060.0	1.3848315e-07
5061.0	1.3829569999999998e-07
5062.0	1.4029825e-07
5063.0	1.4382659999999999e-07
5064.0	1.473549e-07
5065.0	1.5088304999999998e-07
5066.0	1.5441095000000002e-07
5067.0	1.5793885e-07
5068.0	1.6146655e-07
5069.0	1.6499415000000002e-07
5070.0	1.6852155e-07
5071.0	1.7204895e-07
5072.0	1.749515e-07
5073.0	1.7741335e-07
5074.0	1.7987500000000001e-07
5075.0	1.823367e-07
5076.0	1.847983e-07
5077.0	1.8725975e-07
5078.0	1.8972105e-07
5079.0	1.921823e-07
5080.0	1.9464359999999998e-07
5081.0	1.971047e-07
5082.0	1.984931e-07
5083.0	1.9911755e-07
5084.0	1.9974185e-07
5085.0	2.0036615e-07
5086.0	2.0099054999999999e-07
5087.0	2.016147e-07
5088.0	2.0223900000000002e-07
5089.0	2.028632e-07
5090.0	2.0348740000000002e-07
5091.0	2.0411165e-07
5092.0	2.0456985000000002e-07
5093.0	2.0490840000000002e-07
5094.0	2.0524699999999998e-07
5095.0	2.0558554999999998e-07
5096.0	2.0592405e-07
5097.0	2.0626265e-07
5098.0	2.0660120000000002e-07
5099.0	2.0693965e-07
5100.0	2.0727815e-07
5101.0	2.0761665e-07
5102.0	2.0663435e-07
5103.0	2.046901e-07
5104.0	2.0274595e-07
5105.0	2.0080194999999998e-07
5106.0	1.9885800000000002e-07
5107.0	1.9691405e-07
5108.0	1.949702e-07
5109.0	1.9302645e-07
5110.0	1.910828e-07
5111.0	1.8913905e-07
5112.0	1.8628005000000002e-07
5113.0	1.8274625e-07
5114.0	1.7921265e-07
5115.0	1.7567914999999998e-07
5116.0	1.7214585e-07
5117.0	1.6861259999999998e-07
5118.0	1.650795e-07
5119.0	1.6154650000000002e-07
5120.0	1.5801365e-07
5121.0	1.5448095e-07
5122.0	1.5104275e-07
5123.0	1.4767495e-07
5124.0	1.443073e-07
5125.0	1.409398e-07
5126.0	1.375724e-07
5127.0	1.342051e-07
5128.0	1.3083789999999998e-07
5129.0	1.274709e-07
5130.0	1.24104e-07
5131.0	1.207474e-07
5132.0	1.171998e-07
5133.0	1.1350835e-07
5134.0	1.098165e-07
5135.0	1.061241e-07
5136.0	1.0243125e-07
5137.0	9.873787499999999e-08
5138.0	9.504401e-08
5139.0	9.134965999999999e-08
5140.0	8.765486e-08
5141.0	8.395247500000001e-08
5142.0	8.1444875e-08
5143.0	7.984642e-08
5144.0	7.824801e-08
5145.0	7.6649645e-08
5146.0	7.5051385e-08
5147.0	7.3453145e-08
5148.0	7.185499e-08
5149.0	7.025687e-08
5150.0	6.865882500000001e-08
5151.0	6.7060835e-08
5152.0	6.5863555e-08
5153.0	6.4974205e-08
5154.0	6.408492e-08
5155.0	6.319565e-08
5156.0	6.2306425e-08
5157.0	6.1417205e-08
5158.0	6.0528045e-08
5159.0	5.963887e-08
5160.0	5.8749785e-08
5161.0	5.7860715e-08
5162.0	5.6933775e-08
5163.0	5.5977395e-08
5164.0	5.5021049999999996e-08
5165.0	5.4064745e-08
5166.0	5.3108465e-08
5167.0	5.2152205000000005e-08
5168.0	5.119601e-08
5169.0	5.023983e-08
5170.0	4.928371e-08
5171.0	4.8327569999999996e-08
5172.0	4.769722e-08
5173.0	4.732275e-08
5174.0	4.6948310000000004e-08
5175.0	4.6573865000000004e-08
5176.0	4.619945e-08
5177.0	4.5825034999999996e-08
5178.0	4.5450645e-08
5179.0	4.507625e-08
5180.0	4.47019e-08
5181.0	4.432754e-08
5182.0	4.3624305e-08
5183.0	4.2659675e-08
5184.0	4.1695055000000005e-08
5185.0	4.073049e-08
5186.0	3.9765965e-08
5187.0	3.880146e-08
5188.0	3.783702e-08
5189.0	3.6872585000000005e-08
5190.0	3.590821e-08
5191.0	3.494386e-08
5192.0	3.486138e-08
5193.0	3.5486845e-08
5194.0	3.6112285e-08
5195.0	3.67377e-08
5196.0	3.7363095e-08
5197.0	3.798846e-08
5198.0	3.861382e-08
5199.0	3.923914e-08
5200.0	3.9864445000000005e-08
5201.0	4.048973e-08
5202.0	4.016896e-08
5203.0	3.9079694999999995e-08
5204.0	3.7990469999999996e-08
5205.0	3.6901275e-08
5206.0	3.5812135000000003e-08
5207.0	3.4723020000000006e-08
5208.0	3.3633955000000004e-08
5209.0	3.254492e-08
5210.0	3.145595e-08
5211.0	3.0366980000000003e-08
5212.0	2.9531305e-08
5213.0	2.8903425e-08
5214.0	2.827556e-08
5215.0	2.7647729999999997e-08
5216.0	2.701992e-08
5217.0	2.6392125e-08
5218.0	2.576436e-08
5219.0	2.513661e-08
5220.0	2.4508890000000003e-08
5221.0	2.3881185e-08
5222.0	2.3425945e-08
5223.0	2.311388e-08
5224.0	2.2801834999999998e-08
5225.0	2.2489785e-08
5226.0	2.217775e-08
5227.0	2.1865740000000002e-08
5228.0	2.1553730000000002e-08
5229.0	2.1241734999999997e-08
5230.0	2.0929755e-08
5231.0	2.06179e-08
5232.0	2.000032e-08
5233.0	1.9126435e-08
5234.0	1.825257e-08
5235.0	1.7378734999999998e-08
5236.0	1.6504915e-08
5237.0	1.5631125e-08
5238.0	1.4757354999999998e-08
5239.0	1.388361e-08
5240.0	1.300989e-08
5241.0	1.2136185e-08
5242.0	1.180317e-08
5243.0	1.1927935e-08
5244.0	1.2052695000000001e-08
5245.0	1.217745e-08
5246.0	1.230221e-08
5247.0	1.2426965e-08
5248.0	1.255171e-08
5249.0	1.267645e-08
5250.0	1.2801195e-08
5251.0	1.292593e-08
5252.0	1.3320355e-08
5253.0	1.3945825e-08
5254.0	1.457128e-08
5255.0	1.519672e-08
5256.0	1.5822135e-08
5257.0	1.6447540000000002e-08
5258.0	1.7072925e-08
5259.0	1.769829e-08
5260.0	1.8323645000000002e-08
5261.0	1.8948975000000002e-08
5262.0	1.9410645e-08
5263.0	1.9730714999999998e-08
5264.0	2.005078e-08
5265.0	2.0370825e-08
5266.0	2.0690859999999998e-08
5267.0	2.1010894999999998e-08
5268.0	2.1330915e-08
5269.0	2.1650925e-08
5270.0	2.1970930000000003e-08
5271.0	2.2290930000000002e-08
5272.0	2.2937595e-08
5273.0	2.3870245e-08
5274.0	2.480287e-08
5275.0	2.573546e-08
5276.0	2.666804e-08
5277.0	2.760059e-08
5278.0	2.853311e-08
5279.0	2.9465604999999997e-08
5280.0	3.0398080000000004e-08
5281.0	3.133052e-08
5282.0	3.1732955e-08
5283.0	3.166683e-08
5284.0	3.160071e-08
5285.0	3.1534579999999996e-08
5286.0	3.1468475000000003e-08
5287.0	3.140236e-08
5288.0	3.1336255e-08
5289.0	3.1270135e-08
5290.0	3.1204029999999996e-08
5291.0	3.113792e-08
5292.0	3.112252e-08
5293.0	3.1152475e-08
5294.0	3.1182445e-08
5295.0	3.1212420000000003e-08
5296.0	3.124238e-08
5297.0	3.1272345e-08
5298.0	3.130231e-08
5299.0	3.1332265e-08
5300.0	3.136223e-08
5301.0	3.1392185000000004e-08
5302.0	3.145732e-08
5303.0	3.1554235e-08
5304.0	3.165114e-08
5305.0	3.174805e-08
5306.0	3.1844955e-08
5307.0	3.1941855e-08
5308.0	3.2038755e-08
5309.0	3.2135650000000005e-08
5310.0	3.2232545e-08
5311.0	3.2329425e-08
5312.0	3.193964e-08
5313.0	3.1105025e-08
5314.0	3.0270455e-08
5315.0	2.9435895000000003e-08
5316.0	2.8601369999999998e-08
5317.0	2.7766875e-08
5318.0	2.6932395000000003e-08
5319.0	2.6097935000000002e-08
5320.0	2.52635e-08
5321.0	2.44291e-08
5322.0	2.3893735e-08
5323.0	2.3634395000000002e-08
5324.0	2.337505e-08
5325.0	2.3115715e-08
5326.0	2.285639e-08
5327.0	2.259708e-08
5328.0	2.2337765e-08
5329.0	2.207845e-08
5330.0	2.181916e-08
5331.0	2.1559865e-08
5332.0	2.12818e-08
5333.0	2.098619e-08
5334.0	2.0690589999999998e-08
5335.0	2.0394999999999998e-08
5336.0	2.0099425e-08
5337.0	1.9803855e-08
5338.0	1.9508289999999998e-08
5339.0	1.921273e-08
5340.0	1.8917195000000003e-08
5341.0	1.862166e-08
5342.0	1.8128815e-08
5343.0	1.74499e-08
5344.0	1.677101e-08
5345.0	1.6092135e-08
5346.0	1.5413285000000002e-08
5347.0	1.473446e-08
5348.0	1.4055645e-08
5349.0	1.3376855e-08
5350.0	1.2698085e-08
5351.0	1.2019325e-08
5352.0	1.1320985000000001e-08
5353.0	1.0604015e-08
5354.0	9.887069e-09
5355.0	9.1701395e-09
5356.0	8.45324e-09
5357.0	7.7363565e-09
5358.0	7.019497e-09
5359.0	6.302659499999999e-09
5360.0	5.585847e-09
5361.0	4.8690520000000005e-09
5362.0	4.738132e-09
5363.0	5.1717145e-09
5364.0	5.6052815e-09
5365.0	6.0388364999999995e-09
5366.0	6.4723755000000006e-09
5367.0	6.905901000000001e-09
5368.0	7.3394135e-09
5369.0	7.772909e-09
5370.0	8.2063935e-09
5371.0	8.63986e-09
5372.0	9.096005500000001e-09
5373.0	9.5742175e-09
5374.0	1.00524135e-08
5375.0	1.0530595e-08
5376.0	1.1008755e-08
5377.0	1.1486904999999998e-08
5378.0	1.1965040000000001e-08
5379.0	1.2443155e-08
5380.0	1.2921254999999999e-08
5381.0	1.3399339999999999e-08
5382.0	1.399504e-08
5383.0	1.470652e-08
5384.0	1.5417975e-08
5385.0	1.612941e-08
5386.0	1.684082e-08
5387.0	1.7552205e-08
5388.0	1.826357e-08
5389.0	1.8974915e-08
5390.0	1.9686230000000002e-08
5391.0	2.039752e-08
5392.0	2.1149265e-08
5393.0	2.1941220000000002e-08
5394.0	2.2733155e-08
5395.0	2.3525055e-08
5396.0	2.4316935e-08
5397.0	2.5108785e-08
5398.0	2.5900625e-08
5399.0	2.669241e-08
5400.0	2.7484195e-08
5401.0	2.8275925e-08
5402.0	2.8715915e-08
5403.0	2.8802125e-08
5404.0	2.888833e-08
5405.0	2.8974535e-08
5406.0	2.9060729999999998e-08
5407.0	2.914693e-08
5408.0	2.9233125e-08
5409.0	2.931931e-08
5410.0	2.9405495e-08
5411.0	2.9491655000000003e-08
5412.0	2.931817e-08
5413.0	2.888093e-08
5414.0	2.8443715e-08
5415.0	2.8006504999999998e-08
5416.0	2.7569305e-08
5417.0	2.713213e-08
5418.0	2.669497e-08
5419.0	2.6257815e-08
5420.0	2.5820695000000002e-08
5421.0	2.538356e-08
5422.0	2.4877105e-08
5423.0	2.4299125e-08
5424.0	2.372173e-08
5425.0	2.314407e-08
5426.0	2.256643e-08
5427.0	2.1988805e-08
5428.0	2.141121e-08
5429.0	2.083363e-08
5430.0	2.025608e-08
5431.0	1.967852e-08
5432.0	1.962779e-08
5433.0	2.012378e-08
5434.0	2.0619745e-08
5435.0	2.1115695e-08
5436.0	2.1611625e-08
5437.0	2.2107535e-08
5438.0	2.260343e-08
5439.0	2.30993e-08
5440.0	2.359516e-08
5441.0	2.409098e-08
5442.0	2.3998325000000002e-08
5443.0	2.3287724999999998e-08
5444.0	2.2577160000000002e-08
5445.0	2.186663e-08
5446.0	2.1156125e-08
5447.0	2.044599e-08
5448.0	1.9735200000000002e-08
5449.0	1.902477e-08
5450.0	1.831438e-08
5451.0	1.7603995e-08
5452.0	1.691913e-08
5453.0	1.6261315e-08
5454.0	1.5603525000000003e-08
5455.0	1.494576e-08
5456.0	1.4288025e-08
5457.0	1.363031e-08
5458.0	1.2972625e-08
5459.0	1.231497e-08
5460.0	1.1657339999999999e-08
5461.0	1.0999725000000001e-08
5462.0	1.0555735e-08
5463.0	1.034092e-08
5464.0	1.0126105000000001e-08
5465.0	9.9113095e-09
5466.0	9.696522e-09
5467.0	9.4817405e-09
5468.0	9.266968500000001e-09
5469.0	9.052203500000001e-09
5470.0	8.837449e-09
5471.0	8.622700000000001e-09
5472.0	8.3740875e-09
5473.0	8.0887915e-09
5474.0	7.8035065e-09
5475.0	7.5182345e-09
5476.0	7.232976e-09
5477.0	6.9477274999999996e-09
5478.0	6.6624925e-09
5479.0	6.377267e-09
5480.0	6.0920575e-09
5481.0	5.8068565e-09
5482.0	5.5873655e-09
5483.0	5.439758e-09
5484.0	5.292159e-09
5485.0	5.144566e-09
5486.0	4.9969805e-09
5487.0	4.849399e-09
5488.0	4.701827e-09
5489.0	4.554256e-09
5490.0	4.406697e-09
5491.0	4.2591395e-09
5492.0	4.3149095e-09
5493.0	4.5961720000000005e-09
5494.0	4.8772849999999995e-09
5495.0	5.1583859999999996e-09
5496.0	5.4394759999999995e-09
5497.0	5.7205495e-09
5498.0	6.001615e-09
5499.0	6.282663e-09
5500.0	6.5637035e-09
5501.0	6.844735e-09
5502.0	7.3546905e-09
5503.0	8.120541500000001e-09
5504.0	8.8863575e-09
5505.0	9.652142999999999e-09
5506.0	1.0417895e-08
5507.0	1.1183614999999999e-08
5508.0	1.1949305000000001e-08
5509.0	1.271496e-08
5510.0	1.3480585e-08
5511.0	1.424617e-08
5512.0	1.51729e-08
5513.0	1.6281905e-08
5514.0	1.7390869999999998e-08
5515.0	1.8499775e-08
5516.0	1.9608639999999998e-08
5517.0	2.071691e-08
5518.0	2.182622e-08
5519.0	2.293494e-08
5520.0	2.4043605e-08
5521.0	2.5152225e-08
5522.0	2.5708595e-08
5523.0	2.563422e-08
5524.0	2.5559835e-08
5525.0	2.548547e-08
5526.0	2.54111e-08
5527.0	2.5336735000000002e-08
5528.0	2.526241e-08
5529.0	2.518801e-08
5530.0	2.511365e-08
5531.0	2.5039284999999998e-08
5532.0	2.5124489999999998e-08
5533.0	2.539427e-08
5534.0	2.566377e-08
5535.0	2.593338e-08
5536.0	2.6202995e-08
5537.0	2.6472575000000002e-08
5538.0	2.674216e-08
5539.0	2.7011605e-08
5540.0	2.7281425e-08
5541.0	2.7550815e-08
5542.0	2.757265e-08
5543.0	2.7305415000000002e-08
5544.0	2.7038195e-08
5545.0	2.6770980000000002e-08
5546.0	2.6503784999999998e-08
5547.0	2.62366e-08
5548.0	2.5969545e-08
5549.0	2.5702255e-08
5550.0	2.5435109999999998e-08
5551.0	2.5167965e-08
5552.0	2.4652395e-08
5553.0	2.3843445e-08
5554.0	2.303455e-08
5555.0	2.222568e-08
5556.0	2.1416865e-08
5557.0	2.0608075000000002e-08
5558.0	1.9799325e-08
5559.0	1.8991009999999998e-08
5560.0	1.8181945e-08
5561.0	1.73733e-08
5562.0	1.689935e-08
5563.0	1.6824564999999997e-08
5564.0	1.674979e-08
5565.0	1.6675015e-08
5566.0	1.660024e-08
5567.0	1.6525465e-08
5568.0	1.6450700000000003e-08
5569.0	1.6375929999999998e-08
5570.0	1.630114e-08
5571.0	1.6225045e-08
5572.0	1.5986635000000002e-08
5573.0	1.5552415e-08
5574.0	1.511829e-08
5575.0	1.468426e-08
5576.0	1.4250335e-08
5577.0	1.381649e-08
5578.0	1.3382745e-08
5579.0	1.2949095e-08
5580.0	1.2515545e-08
5581.0	1.208289e-08
5582.0	1.191547e-08
5583.0	1.2070575e-08
5584.0	1.222568e-08
5585.0	1.2380775e-08
5586.0	1.2535859999999999e-08
5587.0	1.2690935e-08
5588.0	1.2846015e-08
5589.0	1.3001075e-08
5590.0	1.3156205e-08
5591.0	1.331117e-08
5592.0	1.317134e-08
5593.0	1.2668625e-08
5594.0	1.2165685e-08
5595.0	1.1662765000000001e-08
5596.0	1.1159885e-08
5597.0	1.0657015e-08
5598.0	1.015418e-08
5599.0	9.6513695e-09
5600.0	9.14858e-09
5601.0	8.645568e-09
5602.0	9.0980055e-09
5603.0	1.0740425e-08
5604.0	1.238116e-08
5605.0	1.4022605e-08
5606.0	1.5663975000000002e-08
5607.0	1.7305250000000002e-08
5608.0	1.8946455e-08
5609.0	2.0587565000000002e-08
5610.0	2.2229400000000002e-08
5611.0	2.3869535000000002e-08
5612.0	2.4702875000000003e-08
5613.0	2.451858e-08
5614.0	2.4334220000000002e-08
5615.0	2.414987e-08
5616.0	2.3965525000000002e-08
5617.0	2.378119e-08
5618.0	2.3596955e-08
5619.0	2.341255e-08
5620.0	2.3228245e-08
5621.0	2.3043835e-08
5622.0	2.3257755e-08
5623.0	2.397841e-08
5624.0	2.4699015e-08
5625.0	2.5419579999999997e-08
5626.0	2.6140115e-08
5627.0	2.6860255000000002e-08
5628.0	2.758105e-08
5629.0	2.8301115e-08
5630.0	2.902184e-08
5631.0	2.974138e-08
5632.0	3.0230885e-08
5633.0	3.0424090000000004e-08
5634.0	3.0617265e-08
5635.0	3.0810425e-08
5636.0	3.1003565e-08
5637.0	3.1196685e-08
5638.0	3.1389685e-08
5639.0	3.158286e-08
5640.0	3.1775915e-08
5641.0	3.196896e-08
5642.0	3.172888e-08
5643.0	3.0925335e-08
5644.0	3.0121895e-08
5645.0	2.9318530000000002e-08
5646.0	2.8515255e-08
5647.0	2.7712054999999998e-08
5648.0	2.6908949999999997e-08
5649.0	2.610632e-08
5650.0	2.5302990000000002e-08
5651.0	2.4500130000000003e-08
5652.0	2.337523e-08
5653.0	2.182714e-08
5654.0	2.027921e-08
5655.0	1.8731455e-08
5656.0	1.7183855e-08
5657.0	1.563642e-08
5658.0	1.408915e-08
5659.0	1.2542045e-08
5660.0	1.0994345e-08
5661.0	9.4483235e-09
5662.0	8.536205499999999e-09
5663.0	8.467965e-09
5664.0	8.399731e-09
5665.0	8.331504e-09
5666.0	8.2632865e-09
5667.0	8.195074e-09
5668.0	8.1268695e-09
5669.0	8.058671e-09
5670.0	7.990482e-09
5671.0	7.9222605e-09
5672.0	8.1172145e-09
5673.0	8.6662115e-09
5674.0	9.215146e-09
5675.0	9.7640225e-09
5676.0	1.031284e-08
5677.0	1.08616e-08
5678.0	1.14103e-08
5679.0	1.1958935e-08
5680.0	1.2507785e-08
5681.0	1.3056030000000001e-08
5682.0	1.328737e-08
5683.0	1.3087945e-08
5684.0	1.288843e-08
5685.0	1.2688945000000001e-08
5686.0	1.2489480000000001e-08
5687.0	1.2290039999999999e-08
5688.0	1.2090715e-08
5689.0	1.1891215e-08
5690.0	1.169184e-08
5691.0	1.1492385e-08
5692.0	1.169466e-08
5693.0	1.244849e-08
5694.0	1.3201490000000001e-08
5695.0	1.3954780000000001e-08
5696.0	1.4707995e-08
5697.0	1.546112e-08
5698.0	1.621417e-08
5699.0	1.6966765e-08
5700.0	1.7720375e-08
5701.0	1.8472810000000002e-08
5702.0	1.8899089999999998e-08
5703.0	1.8871685e-08
5704.0	1.8844255e-08
5705.0	1.881686e-08
5706.0	1.8789475e-08
5707.0	1.8762065e-08
5708.0	1.8734665e-08
5709.0	1.870727e-08
5710.0	1.8679875000000002e-08
5711.0	1.8652469999999998e-08
5712.0	1.866387e-08
5713.0	1.872969e-08
5714.0	1.8795499999999998e-08
5715.0	1.8861305e-08
5716.0	1.89271e-08
5717.0	1.8992850000000002e-08
5718.0	1.9058660000000003e-08
5719.0	1.9124405e-08
5720.0	1.9190205e-08
5721.0	1.9254325e-08
5722.0	1.8960565e-08
5723.0	1.815985e-08
5724.0	1.7358965000000002e-08
5725.0	1.6558305e-08
5726.0	1.5757874999999998e-08
5727.0	1.4957655e-08
5728.0	1.415805e-08
5729.0	1.3357890000000001e-08
5730.0	1.255834e-08
5731.0	1.1760014999999999e-08
5732.0	1.091658e-08
5733.0	1.00083795e-08
5734.0	9.100278e-09
5735.0	8.1922805e-09
5736.0	7.284382e-09
5737.0	6.376583e-09
5738.0	5.4688855e-09
5739.0	4.5617294999999996e-09
5740.0	3.6537885e-09
5741.0	2.7463905e-09
5742.0	2.7691734999999997e-09
5743.0	4.143002e-09
5744.0	5.5166805e-09
5745.0	6.8902075e-09
5746.0	8.263584e-09
5747.0	9.636809000000001e-09
5748.0	1.1009879999999999e-08
5749.0	1.2382805e-08
5750.0	1.375558e-08
5751.0	1.5128205e-08
5752.0	1.5299304999999998e-08
5753.0	1.3707515e-08
5754.0	1.2115905e-08
5755.0	1.052447e-08
5756.0	8.933205e-09
5757.0	7.342122e-09
5758.0	5.751209e-09
5759.0	4.1604715e-09
5760.0	2.5699100000000003e-09
5761.0	9.795238e-10
5762.0	3.549268e-10
5763.0	1.1646805e-09
5764.0	1.974345e-09
5765.0	2.7839215e-09
5766.0	3.5934085e-09
5767.0	4.4028069999999995e-09
5768.0	5.2121175e-09
5769.0	6.0213395000000005e-09
5770.0	6.8308665e-09
5771.0	7.639515e-09
5772.0	8.155251e-09
5773.0	8.230942e-09
5774.0	8.3066255e-09
5775.0	8.3823015e-09
5776.0	8.4579695e-09
5777.0	8.533628e-09
5778.0	8.609278499999999e-09
5779.0	8.6849175e-09
5780.0	8.760554999999999e-09
5781.0	8.836214500000001e-09
5782.0	8.6257335e-09
5783.0	7.980477e-09
5784.0	7.3359225000000004e-09
5785.0	6.691125e-09
5786.0	6.046398e-09
5787.0	5.4017435e-09
5788.0	4.7571600000000006e-09
5789.0	4.112644e-09
5790.0	3.467887e-09
5791.0	2.823828e-09
5792.0	2.6246895e-09
5793.0	3.107869e-09
5794.0	3.5912309999999997e-09
5795.0	4.0745395000000005e-09
5796.0	4.5577945e-09
5797.0	5.040996e-09
5798.0	5.523909e-09
5799.0	6.0072415e-09
5800.0	6.4902825e-09
5801.0	6.973507e-09
5802.0	7.0029845e-09
5803.0	6.3285989999999995e-09
5804.0	5.654287e-09
5805.0	4.9800495e-09
5806.0	4.3058855e-09
5807.0	3.632125e-09
5808.0	2.957781e-09
5809.0	2.2841675e-09
5810.0	1.609972e-09
5811.0	9.361785e-10
5812.0	5.053428e-10
5813.0	4.5577225e-10
5814.0	4.0620685e-10
5815.0	3.56647e-10
5816.0	3.070925e-10
5817.0	2.5754355e-10
5818.0	2.080242e-10
5819.0	1.5846195e-10
5820.0	1.089293e-10
5821.0	5.9397085e-11
5822.0	2.900101e-11
5823.0	2.8996965e-11
5824.0	2.899292e-11
5825.0	2.8988865e-11
5826.0	2.8984815e-11
5827.0	2.8980765000000002e-11
5828.0	2.897671e-11
5829.0	2.8972664999999998e-11
5830.0	2.8968609999999997e-11
5831.0	2.8967455000000002e-11
5832.0	1.344126e-10
5833.0	4.091468e-10
5834.0	6.8385925e-10
5835.0	9.585497e-10
5836.0	1.233219e-09
5837.0	1.5078654999999999e-09
5838.0	1.782491e-09
5839.0	2.0570935e-09
5840.0	2.331675e-09
5841.0	2.6062344999999998e-09
5842.0	2.671567e-09
5843.0	2.396817e-09
5844.0	2.1220885e-09
5845.0	1.8473820000000001e-09
5846.0	1.5726975e-09
5847.0	1.2980345000000001e-09
5848.0	1.0233945e-09
5849.0	7.4877535e-10
5850.0	4.741785e-10
5851.0	1.9960355e-10
5852.0	6.220995499999999e-11
5853.0	1.5011395e-10
5854.0	2.3801105e-10
5855.0	3.2590115e-10
5856.0	4.1378440000000005e-10
5857.0	5.016606e-10
5858.0	5.895300499999999e-10
5859.0	6.7739235e-10
5860.0	7.6529075e-10
5861.0	8.530965e-10
5862.0	1.055371e-09
5863.0	1.4479465e-09
5864.0	1.8404915000000002e-09
5865.0	2.233005e-09
5866.0	2.625488e-09
5867.0	3.0179405e-09
5868.0	3.410362e-09
5869.0	3.8027525e-09
5870.0	4.1951115e-09
5871.0	4.5876335e-09
5872.0	4.7044000000000004e-09
5873.0	4.3586215e-09
5874.0	4.0128715e-09
5875.0	3.667148e-09
5876.0	3.3214519999999998e-09
5877.0	2.9759515e-09
5878.0	2.63014e-09
5879.0	2.2845250000000002e-09
5880.0	1.938768e-09
5881.0	1.5933755e-09
5882.0	1.3258055e-09
5883.0	1.191178e-09
5884.0	1.056495e-09
5885.0	9.2182235e-10
5886.0	7.8716075e-10
5887.0	6.525094e-10
5888.0	5.179343e-10
5889.0	3.832383e-10
5890.0	2.4861875e-10
5891.0	1.140095e-10
5892.0	2.8897890000000002e-11
5893.0	2.8896765e-11
5894.0	2.889562e-11
5895.0	2.88945e-11
5896.0	2.8893359999999998e-11
5897.0	2.8892229999999998e-11
5898.0	2.8891105e-11
5899.0	2.8889965e-11
5900.0	2.888884e-11
5901.0	2.888527e-11
5902.0	2.8881684999999998e-11
5903.0	2.8878120000000002e-11
5904.0	2.8874535e-11
5905.0	2.8870954999999998e-11
5906.0	2.8867385000000002e-11
5907.0	2.886382e-11
5908.0	2.886024e-11
5909.0	2.8856665e-11
5910.0	2.885309e-11
5911.0	2.8851975e-11
5912.0	2.927544e-10
5913.0	1.021118e-09
5914.0	1.7494255e-09
5915.0	2.4776765e-09
5916.0	3.205871e-09
5917.0	3.9340115e-09
5918.0	4.662094e-09
5919.0	5.389764e-09
5920.0	6.118091e-09
5921.0	6.8460075e-09
5922.0	7.3178915e-09
5923.0	7.333444e-09
5924.0	7.3489960000000005e-09
5925.0	7.3645485e-09
5926.0	7.380099499999999e-09
5927.0	7.395647e-09
5928.0	7.4111965e-09
5929.0	7.4267425e-09
5930.0	7.442289e-09
5931.0	7.457834e-09
5932.0	7.662894e-09
5933.0	8.2093665e-09
5934.0	8.7557945e-09
5935.0	9.302182000000001e-09
5936.0	9.8485285e-09
5937.0	1.0394835e-08
5938.0	1.0941094999999999e-08
5939.0	1.148732e-08
5940.0	1.20335e-08
5941.0	1.2579639999999999e-08
5942.0	1.2474720000000001e-08
5943.0	1.1184355e-08
5944.0	9.8940905e-09
5945.0	8.603923e-09
5946.0	7.313856000000001e-09
5947.0	6.0238844999999995e-09
5948.0	4.7340080000000005e-09
5949.0	3.444232e-09
5950.0	2.153922e-09
5951.0	8.6496935e-10
5952.0	1.1509720000000001e-10
5953.0	3.6053145e-10
5954.0	6.0594725e-10
5955.0	8.513445e-10
5956.0	1.0967235e-09
5957.0	1.342084e-09
5958.0	1.5874260000000001e-09
5959.0	1.832749e-09
5960.0	2.078054e-09
5961.0	2.323462e-09
5962.0	2.3972975e-09
5963.0	2.151873e-09
5964.0	1.906468e-09
5965.0	1.66108e-09
5966.0	1.415711e-09
5967.0	1.1703605e-09
5968.0	9.2502835e-10
5969.0	6.79714e-10
5970.0	4.3429835000000003e-10
5971.0	1.891245e-10
5972.0	6.6210145e-11
5973.0	1.7410225e-10
5974.0	2.820206e-10
5975.0	3.8991255000000004e-10
5976.0	4.977785500000001e-10
5977.0	6.056177e-10
5978.0	7.1337795e-10
5979.0	8.2121735e-10
5980.0	9.2897765e-10
5981.0	1.0368525000000002e-09
5982.0	1.0705684999999999e-09
5983.0	9.6267575e-10
5984.0	8.547902e-10
5985.0	7.4691255e-10
5986.0	6.390429e-10
5987.0	5.312342499999999e-10
5988.0	4.233279e-10
5989.0	3.155349e-10
5990.0	2.0764455e-10
5991.0	9.9814865e-11
5992.0	6.4791765e-11
5993.0	1.7056580000000002e-10
5994.0	2.7633200000000003e-10
5995.0	3.820906e-10
5996.0	4.877896e-10
5997.0	5.9358415e-10
5998.0	6.992679e-10
5999.0	8.050472e-10
6000.0	9.10767e-10
6001.0	1.0165675e-09
6002.0	1.4800015e-09
6003.0	2.642765e-09
6004.0	3.805646e-09
6005.0	4.9686425e-09
6006.0	6.131758500000001e-09
6007.0	7.2949915e-09
6008.0	8.458344e-09
6009.0	9.6212415e-09
6010.0	1.07854e-08
6011.0	1.194911e-08
6012.0	1.229702e-08
6013.0	1.1028505e-08
6014.0	9.759845500000001e-09
6015.0	8.4910615e-09
6016.0	7.2221455e-09
6017.0	5.9531005e-09
6018.0	4.683926e-09
6019.0	3.4146219999999998e-09
6020.0	2.1451875e-09
6021.0	8.756244000000001e-10
6022.0	2.876347e-11
6023.0	2.876495e-11
6024.0	2.876644e-11
6025.0	2.8767915e-11
6026.0	2.8769395e-11
6027.0	2.8770865e-11
6028.0	2.8772344999999998e-11
6029.0	2.8773825e-11
6030.0	2.87753e-11
6031.0	2.8774015e-11
6032.0	1.1037535e-10
6033.0	3.575815e-10
6034.0	6.047654e-10
6035.0	8.5192725e-10
6036.0	1.0990669999999999e-09
6037.0	1.346184e-09
6038.0	1.5932795e-09
6039.0	1.840352e-09
6040.0	2.0875234999999997e-09
6041.0	2.3346300000000002e-09
6042.0	2.4199275e-09
6043.0	2.1728745e-09
6044.0	1.9258005000000003e-09
6045.0	1.678707e-09
6046.0	1.431594e-09
6047.0	1.1844599999999999e-09
6048.0	9.3730715e-10
6049.0	6.90134e-10
6050.0	4.4294105e-10
6051.0	1.956075e-10
6052.0	2.8776270000000002e-11
6053.0	2.8777425e-11
6054.0	2.877859e-11
6055.0	2.877975e-11
6056.0	2.8780909999999998e-11
6057.0	2.878207e-11
6058.0	2.878323e-11
6059.0	2.8784375000000002e-11
6060.0	2.878554e-11
6061.0	2.8786705e-11
6062.0	2.3145570000000002e-10
6063.0	8.603744e-10
6064.0	1.489344e-09
6065.0	2.1183645e-09
6066.0	2.7471285e-09
6067.0	3.3765569999999996e-09
6068.0	4.0057299999999996e-09
6069.0	4.6349524999999996e-09
6070.0	5.264227e-09
6071.0	5.8938615e-09
6072.0	6.2825105e-09
6073.0	6.159015e-09
6074.0	6.0355075000000004e-09
6075.0	5.9119905000000005e-09
6076.0	5.7884635e-09
6077.0	5.664987e-09
6078.0	5.5413795e-09
6079.0	5.417821e-09
6080.0	5.294254e-09
6081.0	5.170677e-09
6082.0	4.9258514999999996e-09
6083.0	4.420676e-09
6084.0	3.9152125000000006e-09
6085.0	3.4097055e-09
6086.0	2.9041595e-09
6087.0	2.398572e-09
6088.0	1.89319e-09
6089.0	1.3872725e-09
6090.0	8.815623999999999e-10
6091.0	3.7577825e-10
6092.0	6.505559e-11
6093.0	1.8046654999999998e-10
6094.0	2.958673e-10
6095.0	4.1125775e-10
6096.0	5.26638e-10
6097.0	6.4195175e-10
6098.0	7.5736805e-10
6099.0	8.7266105e-10
6100.0	9.8805685e-10
6101.0	1.1034794999999998e-09
6102.0	1.1470215e-09
6103.0	1.0316820000000001e-09
6104.0	9.1633255e-10
6105.0	8.0097385e-10
6106.0	6.8560585e-10
6107.0	5.702285e-10
6108.0	4.548981e-10
6109.0	3.3944564999999996e-10
6110.0	2.240403e-10
6111.0	1.086255e-10
6112.0	1.2430160000000002e-10
6113.0	4.337218e-10
6114.0	7.4316715e-10
6115.0	1.0526375e-09
6116.0	1.3621329999999998e-09
6117.0	1.6716544999999999e-09
6118.0	1.9812005e-09
6119.0	2.2907705e-09
6120.0	2.600368e-09
6121.0	2.9099895e-09
6122.0	3.1259555e-09
6123.0	3.1296134999999998e-09
6124.0	3.1332719999999997e-09
6125.0	3.1369309999999997e-09
6126.0	3.1405895e-09
6127.0	3.144249e-09
6128.0	3.1479090000000002e-09
6129.0	3.151568e-09
6130.0	3.15523e-09
6131.0	3.1588880000000002e-09
6132.0	3.0665120000000002e-09
6133.0	2.7534375e-09
6134.0	2.4403360000000002e-09
6135.0	2.1272105e-09
6136.0	1.8140599999999998e-09
6137.0	1.500883e-09
6138.0	1.1876814999999998e-09
6139.0	8.744534000000001e-10
6140.0	5.612005500000001e-10
6141.0	2.4776915e-10
6142.0	1.1366585e-10
6143.0	3.956438e-10
6144.0	6.776444999999999e-10
6145.0	9.596681e-10
6146.0	1.2417150000000002e-09
6147.0	1.5237845e-09
6148.0	1.8058775e-09
6149.0	2.0879925e-09
6150.0	2.3702685000000003e-09
6151.0	2.652067e-09
6152.0	2.7658284999999997e-09
6153.0	2.483815e-09
6154.0	2.2016864999999998e-09
6155.0	1.9195839999999997e-09
6156.0	1.6375065e-09
6157.0	1.355454e-09
6158.0	1.0735650000000001e-09
6159.0	7.9142445e-10
6160.0	5.09448e-10
6161.0	2.273782e-10
6162.0	3.1676675e-11
6163.0	4.122683e-11
6164.0	5.077775e-11
6165.0	6.0329465e-11
6166.0	6.988190000000001e-11
6167.0	7.943048499999999e-11
6168.0	8.8989155e-11
6169.0	9.853925e-11
6170.0	1.0809945e-10
6171.0	1.176558e-10
6172.0	1.2162495e-10
6173.0	1.120767e-10
6174.0	1.0252765e-10
6175.0	9.2977825e-11
6176.0	8.343185000000001e-11
6177.0	7.3875825e-11
6178.0	6.432836e-11
6179.0	5.4770785e-11
6180.0	4.5217115e-11
6181.0	3.566265e-11
6182.0	1.1572890000000001e-10
6183.0	4.151873e-10
6184.0	7.1466945e-10
6185.0	1.0141755000000001e-09
6186.0	1.313706e-09
6187.0	1.6131145e-09
6188.0	1.9128395e-09
6189.0	2.2122945e-09
6190.0	2.512068e-09
6191.0	2.8117175e-09
6192.0	2.9393725e-09
6193.0	2.6399015e-09
6194.0	2.340406e-09
6195.0	2.0408875e-09
6196.0	1.7413444999999999e-09
6197.0	1.441778e-09
6198.0	1.142334e-09
6199.0	8.425738e-10
6200.0	5.42936e-10
6201.0	2.432533e-10
6202.0	2.8897334999999998e-11
6203.0	2.8896015e-11
6204.0	2.889469e-11
6205.0	2.889337e-11
6206.0	2.8892049999999997e-11
6207.0	2.8890734999999998e-11
6208.0	2.8889405000000002e-11
6209.0	2.888808e-11
6210.0	2.888676e-11
6211.0	2.8887895e-11
6212.0	2.8889035000000002e-11
6213.0	2.8890180000000004e-11
6214.0	2.889132e-11
6215.0	2.889246e-11
6216.0	2.889361e-11
6217.0	2.8894735e-11
6218.0	2.8895875000000002e-11
6219.0	2.8897015e-11
6220.0	2.8898155e-11
6221.0	2.8899285e-11
6222.0	1.401562e-10
6223.0	5.385195e-10
6224.0	9.369149e-10
6225.0	1.3353415000000001e-09
6226.0	1.7337984999999999e-09
6227.0	2.132288e-09
6228.0	2.5308075e-09
6229.0	2.9293594999999997e-09
6230.0	3.327943e-09
6231.0	3.7267765e-09
6232.0	3.904984000000001e-09
6233.0	3.5066225e-09
6234.0	3.1082225000000002e-09
6235.0	2.709787e-09
6236.0	2.3113145e-09
6237.0	1.9129995e-09
6238.0	1.5142590000000002e-09
6239.0	1.1156765e-09
6240.0	7.168628e-10
6241.0	3.183744e-10
6242.0	2.89205e-11
6243.0	2.891936e-11
6244.0	2.891819e-11
6245.0	2.8917045000000002e-11
6246.0	2.891589e-11
6247.0	2.891473e-11
6248.0	2.8913575000000002e-11
6249.0	2.8912419999999998e-11
6250.0	2.8911269999999997e-11
6251.0	2.891257e-11
6252.0	3.4758825e-11
6253.0	5.6340345e-11
6254.0	7.790273e-11
6255.0	9.9467015e-11
6256.0	1.2105435e-10
6257.0	1.4263305e-10
6258.0	1.6421375e-10
6259.0	1.8578575e-10
6260.0	2.073913e-10
6261.0	2.289671e-10
6262.0	2.389658e-10
6263.0	2.1739834999999998e-10
6264.0	1.95829e-10
6265.0	1.7425774999999998e-10
6266.0	1.5269515e-10
6267.0	1.311095e-10
6268.0	1.0954305000000001e-10
6269.0	8.795367e-11
6270.0	6.637288000000001e-11
6271.0	4.477966e-11
6272.0	2.8939544999999998e-11
6273.0	2.8940814999999998e-11
6274.0	2.8942085e-11
6275.0	2.894336e-11
6276.0	2.8944630000000003e-11
6277.0	2.89459e-11
6278.0	2.8947165e-11
6279.0	2.894845e-11
6280.0	2.894971e-11
6281.0	2.8950965e-11
6282.0	2.8952239999999998e-11
6283.0	2.89535e-11
6284.0	2.8954769999999998e-11
6285.0	2.8956034999999998e-11
6286.0	2.8957304999999998e-11
6287.0	2.895856e-11
6288.0	2.8959825e-11
6289.0	2.8961095e-11
6290.0	2.8962355e-11
6291.0	2.8961139999999998e-11
6292.0	1.5414765e-10
6293.0	6.351423500000001e-10
6294.0	1.1160965e-09
6295.0	1.5970105e-09
6296.0	2.077884e-09
6297.0	2.558717e-09
6298.0	3.039509e-09
6299.0	3.520496e-09
6300.0	4.000972e-09
6301.0	4.4820235e-09
6302.0	4.7151595e-09
6303.0	4.234464e-09
6304.0	3.7537255e-09
6305.0	3.2729479999999997e-09
6306.0	2.792129e-09
6307.0	2.3112680000000002e-09
6308.0	1.8303660000000001e-09
6309.0	1.3494225e-09
6310.0	8.6820295e-10
6311.0	3.8741195e-10
6312.0	2.8965045e-11
6313.0	2.8966270000000003e-11
6314.0	2.896749e-11
6315.0	2.8968705e-11
6316.0	2.8969935e-11
6317.0	2.8971155e-11
6318.0	2.8972384999999998e-11
6319.0	2.8973605e-11
6320.0	2.8974824999999998e-11
6321.0	2.8976039999999998e-11
6322.0	1.3517115000000001e-10
6323.0	5.558627e-10
6324.0	9.765891e-10
6325.0	1.3973505e-09
6326.0	1.8181475e-09
6327.0	2.2389795000000003e-09
6328.0	2.6598470000000004e-09
6329.0	3.080749e-09
6330.0	3.501892e-09
6331.0	3.922323000000001e-09
6332.0	4.223056500000001e-09
6333.0	4.163387e-09
6334.0	4.1036945e-09
6335.0	4.044007e-09
6336.0	3.9843255e-09
6337.0	3.9246494999999995e-09
6338.0	3.864977e-09
6339.0	3.805283e-09
6340.0	3.745651e-09
6341.0	3.6862795e-09
6342.0	3.5987055e-09
6343.0	3.4249850000000002e-09
6344.0	3.2512505e-09
6345.0	3.077502e-09
6346.0	2.9037395e-09
6347.0	2.730046e-09
6348.0	2.5561705e-09
6349.0	2.382364e-09
6350.0	2.2084580000000002e-09
6351.0	2.034708e-09
6352.0	2.0336955e-09
6353.0	2.567811e-09
6354.0	3.1019695e-09
6355.0	3.636172e-09
6356.0	4.170154e-09
6357.0	4.7047025e-09
6358.0	5.238775499999999e-09
6359.0	5.7734075e-09
6360.0	6.3078245e-09
6361.0	6.842280499999999e-09
6362.0	7.127255e-09
6363.0	6.6293725e-09
6364.0	6.131451e-09
6365.0	5.6334919999999996e-09
6366.0	5.135492000000001e-09
6367.0	4.637694e-09
6368.0	4.139371e-09
6369.0	3.6412529999999997e-09
6370.0	3.143095e-09
6371.0	2.6446695e-09
6372.0	2.2118764999999997e-09
6373.0	1.9882130000000002e-09
6374.0	1.7645715e-09
6375.0	1.5409495e-09
6376.0	1.3173485e-09
6377.0	1.093769e-09
6378.0	8.703189e-10
6379.0	6.466714e-10
6380.0	4.2315395e-10
6381.0	1.9967434999999998e-10
6382.0	3.077998e-11
6383.0	3.8321795e-11
6384.0	4.5864185e-11
6385.0	5.3407125e-11
6386.0	6.0950675e-11
6387.0	6.8494785e-11
6388.0	7.603952000000001e-11
6389.0	8.3588455e-11
6390.0	9.1130605e-11
6391.0	9.8676955e-11
6392.0	2.8499135e-10
6393.0	1.0585065e-09
6394.0	1.83208e-09
6395.0	2.6057105e-09
6396.0	3.3794005e-09
6397.0	4.153148e-09
6398.0	4.926954e-09
6399.0	5.700816e-09
6400.0	6.475116e-09
6401.0	7.248716e-09
6402.0	7.784604e-09
6403.0	7.527525e-09
6404.0	7.270423e-09
6405.0	7.013305e-09
6406.0	6.756168e-09
6407.0	6.4990105e-09
6408.0	6.241835e-09
6409.0	5.9845144999999994e-09
6410.0	5.727425e-09
6411.0	5.469596000000001e-09
6412.0	5.1512405e-09
6413.0	4.626969999999999e-09
6414.0	4.1027495e-09
6415.0	3.5785805e-09
6416.0	3.0544655e-09
6417.0	2.530399e-09
6418.0	2.0063865e-09
6419.0	1.482425e-09
6420.0	9.582601e-10
6421.0	4.3469540000000004e-10
6422.0	1.5709975e-10
6423.0	7.249063e-10
6424.0	1.2927535e-09
6425.0	1.8606405e-09
6426.0	2.4282905e-09
6427.0	2.9965355000000003e-09
6428.0	3.5645440000000002e-09
6429.0	4.1325894999999995e-09
6430.0	4.7006790000000005e-09
6431.0	5.268988e-09
6432.0	5.583837e-09
6433.0	5.015933e-09
6434.0	4.448009999999999e-09
6435.0	3.880068e-09
6436.0	3.3121055e-09
6437.0	2.7444024999999997e-09
6438.0	2.1761245e-09
6439.0	1.6081039999999999e-09
6440.0	1.040066e-09
6441.0	4.720068499999999e-10
6442.0	1.762909e-10
6443.0	8.4321265e-10
6444.0	1.5104820000000002e-09
6445.0	2.1777735000000003e-09
6446.0	2.8450865e-09
6447.0	3.5124215e-09
6448.0	4.179452e-09
6449.0	4.8474815e-09
6450.0	5.5145555e-09
6451.0	6.181443e-09
6452.0	6.7263825e-09
6453.0	6.832319e-09
6454.0	6.938241e-09
6455.0	7.044151e-09
6456.0	7.1500425e-09
6457.0	7.255868e-09
6458.0	7.361783e-09
6459.0	7.46763e-09
6460.0	7.5734635e-09
6461.0	7.679932e-09
6462.0	7.59743e-09
6463.0	6.8243010000000004e-09
6464.0	6.0511495e-09
6465.0	5.2779765e-09
6466.0	4.5047805e-09
6467.0	3.7315624999999994e-09
6468.0	2.9586999999999997e-09
6469.0	2.1850595e-09
6470.0	1.4117745000000002e-09
6471.0	6.3846625e-10
6472.0	2.901868e-11
6473.0	2.901907e-11
6474.0	2.901946e-11
6475.0	2.9019845e-11
6476.0	2.902024e-11
6477.0	2.9020630000000002e-11
6478.0	2.9021014999999998e-11
6479.0	2.90214e-11
6480.0	2.902179e-11
6481.0	2.902215e-11
6482.0	2.9022505e-11
6483.0	2.9022855e-11
6484.0	2.902321e-11
6485.0	2.9023564999999997e-11
6486.0	2.902392e-11
6487.0	2.9024275e-11
6488.0	2.902463e-11
6489.0	2.9024985000000002e-11
6490.0	2.902534e-11
6491.0	2.9023185e-11
6492.0	1.6206195e-10
6493.0	8.061338e-10
6494.0	1.45011e-09
6495.0	2.093991e-09
6496.0	2.7377755e-09
6497.0	3.3814639999999996e-09
6498.0	4.025057e-09
6499.0	4.668866999999999e-09
6500.0	5.311955e-09
6501.0	5.9550314999999995e-09
6502.0	6.533382999999999e-09
6503.0	6.862786e-09
6504.0	7.192081e-09
6505.0	7.521266e-09
6506.0	7.850342499999999e-09
6507.0	8.1793075e-09
6508.0	8.5081645e-09
6509.0	8.8369115e-09
6510.0	9.1657115e-09
6511.0	9.494068e-09
6512.0	9.648311e-09
6513.0	9.112606e-09
6514.0	8.576821e-09
6515.0	8.041212e-09
6516.0	7.50578e-09
6517.0	6.970528e-09
6518.0	6.435456e-09
6519.0	5.9002995e-09
6520.0	5.3658435e-09
6521.0	4.830625e-09
6522.0	4.329884499999999e-09
6523.0	3.9649165e-09
6524.0	3.6001345e-09
6525.0	3.235535e-09
6526.0	2.8711225e-09
6527.0	2.5070725e-09
6528.0	2.1428515e-09
6529.0	1.778993e-09
6530.0	1.415142e-09
6531.0	1.0519205e-09
6532.0	7.454309500000001e-10
6533.0	6.722436000000001e-10
6534.0	5.990811999999999e-10
6535.0	5.2594345e-10
6536.0	4.528662e-10
6537.0	3.7974185e-10
6538.0	3.067139e-10
6539.0	2.336391e-10
6540.0	1.6062475e-10
6541.0	8.763501499999999e-11
6542.0	2.8775635e-11
6543.0	2.8770754999999998e-11
6544.0	2.876588e-11
6545.0	2.8760990000000002e-11
6546.0	2.875611e-11
6547.0	2.8751219999999998e-11
6548.0	2.874635e-11
6549.0	2.8741465e-11
6550.0	2.8736595e-11
6551.0	2.8731695e-11
6552.0	6.592922500000001e-11
6553.0	2.6124515e-10
6554.0	4.5649455e-10
6555.0	6.516775e-10
6556.0	8.467939e-10
6557.0	1.041844e-09
6558.0	1.2367325e-09
6559.0	1.4317435e-09
6560.0	1.626595e-09
6561.0	1.8212215000000001e-09
6562.0	1.942436e-09
6563.0	1.7470025e-09
6564.0	1.551669e-09
6565.0	1.3564355e-09
6566.0	1.1613025e-09
6567.0	9.662698500000002e-10
6568.0	7.7133745e-10
6569.0	5.76505e-10
6570.0	3.8177275e-10
6571.0	1.871564e-10
6572.0	9.080911500000001e-11
6573.0	4.2687214999999996e-10
6574.0	7.628194000000001e-10
6575.0	1.098651e-09
6576.0	1.4343665e-09
6577.0	1.7699670000000001e-09
6578.0	2.1054505e-09
6579.0	2.4408194999999997e-09
6580.0	2.7760725000000003e-09
6581.0	3.111206e-09
6582.0	3.3236715e-09
6583.0	2.987612e-09
6584.0	2.6516700000000002e-09
6585.0	2.3158435e-09
6586.0	1.980134e-09
6587.0	1.6445405e-09
6588.0	1.3090635e-09
6589.0	9.7353915e-10
6590.0	6.384583e-10
6591.0	3.0330335e-10
6592.0	1.679271e-10
6593.0	9.436208e-10
6594.0	1.7189110000000001e-09
6595.0	2.493797e-09
6596.0	3.2682805e-09
6597.0	4.04236e-09
6598.0	4.8160395e-09
6599.0	5.5893115e-09
6600.0	6.3625595e-09
6601.0	7.1352595e-09
6602.0	7.633672999999999e-09
6603.0	6.8584535e-09
6604.0	6.083507e-09
6605.0	5.3088295e-09
6606.0	4.5344275e-09
6607.0	3.7602925e-09
6608.0	2.9868085e-09
6609.0	2.2124625e-09
6610.0	1.4395205e-09
6611.0	6.664713e-10
6612.0	2.838143e-11
6613.0	2.8376435e-11
6614.0	2.8371455e-11
6615.0	2.836646e-11
6616.0	2.836148e-11
6617.0	2.835649e-11
6618.0	2.8351499999999998e-11
6619.0	2.834651e-11
6620.0	2.834152e-11
6621.0	2.8336535e-11
6622.0	5.5188175000000005e-11
6623.0	2.114076e-10
6624.0	3.6757225e-10
6625.0	5.236817e-10
6626.0	6.796599e-10
6627.0	8.357356499999999e-10
6628.0	9.91604e-10
6629.0	1.14757e-09
6630.0	1.303404e-09
6631.0	1.4590770000000002e-09
6632.0	1.5873239999999999e-09
6633.0	1.58191e-09
6634.0	1.576499e-09
6635.0	1.5710915e-09
6636.0	1.565687e-09
6637.0	1.5602875e-09
6638.0	1.5548865e-09
6639.0	1.5494910000000001e-09
6640.0	1.5440990000000002e-09
6641.0	1.538841e-09
6642.0	1.509333e-09
6643.0	1.358462e-09
6644.0	1.207656e-09
6645.0	1.0569155e-09
6646.0	9.062407e-10
6647.0	7.556303e-10
6648.0	6.051588500000001e-10
6649.0	4.5460519999999996e-10
6650.0	3.0419045e-10
6651.0	1.538406e-10
6652.0	1.2136895e-10
6653.0	6.9120895e-10
6654.0	1.2608015e-09
6655.0	1.8301455e-09
6656.0	2.3992435e-09
6657.0	2.9680934999999997e-09
6658.0	3.536696e-09
6659.0	4.1050500000000004e-09
6660.0	4.673159e-09
6661.0	5.2405625e-09
6662.0	5.678371500000001e-09
6663.0	5.4432235e-09
6664.0	5.2082195e-09
6665.0	4.9733575e-09
6666.0	4.738638000000001e-09
6667.0	4.5040599999999994e-09
6668.0	4.269625e-09
6669.0	4.0353295e-09
6670.0	3.801181e-09
6671.0	3.567476e-09
6672.0	3.4123525e-09
6673.0	3.674782e-09
6674.0	3.937096e-09
6675.0	4.199296e-09
6676.0	4.461381e-09
6677.0	4.723349499999999e-09
6678.0	4.9852035e-09
6679.0	5.2470705e-09
6680.0	5.508567e-09
6681.0	5.7700745e-09
6682.0	5.9773269999999995e-09
6683.0	5.8910979999999994e-09
6684.0	5.8049085e-09
6685.0	5.7187549999999994e-09
6686.0	5.632639e-09
6687.0	5.546561e-09
6688.0	5.460519500000001e-09
6689.0	5.374516e-09
6690.0	5.2885105e-09
6691.0	5.2021735e-09
6692.0	5.1142005e-09
6693.0	5.017151e-09
6694.0	4.92016e-09
6695.0	4.823227000000001e-09
6696.0	4.726354e-09
6697.0	4.629539e-09
6698.0	4.532784000000001e-09
6699.0	4.4360374999999995e-09
6700.0	4.339445e-09
6701.0	4.2431820000000005e-09
6702.0	4.09923e-09
6703.0	3.685181e-09
6704.0	3.2713135e-09
6705.0	2.857628e-09
6706.0	2.4441229999999997e-09
6707.0	2.031003e-09
6708.0	1.6176605000000001e-09
6709.0	1.2047014999999998e-09
6710.0	7.9172345e-10
6711.0	3.7932925000000004e-10
6712.0	8.4961285e-11
6713.0	4.730485000000001e-10
6714.0	8.6096475e-10
6715.0	1.24871e-09
6716.0	1.6360949999999998e-09
6717.0	2.0236875e-09
6718.0	2.4107315e-09
6719.0	2.797982e-09
6720.0	3.184874e-09
6721.0	3.5712839999999997e-09
6722.0	3.8662260000000006e-09
6723.0	3.6232905e-09
6724.0	3.3805025e-09
6725.0	3.137864e-09
6726.0	2.8953735000000004e-09
6727.0	2.6531505e-09
6728.0	2.4108395e-09
6729.0	2.1687955e-09
6730.0	1.9268989999999997e-09
6731.0	1.6852955e-09
6732.0	1.594762e-09
6733.0	2.4155495000000003e-09
6734.0	3.235972e-09
6735.0	4.056031e-09
6736.0	4.875727e-09
6737.0	5.695059e-09
6738.0	6.51363e-09
6739.0	7.332633e-09
6740.0	8.150877999999999e-09
6741.0	8.968753e-09
6742.0	9.5891465e-09
6743.0	8.995141e-09
6744.0	8.401392e-09
6745.0	7.8079115e-09
6746.0	7.214693e-09
6747.0	6.6217325000000004e-09
6748.0	6.0290395e-09
6749.0	5.4366075e-09
6750.0	4.8444375e-09
6751.0	4.252162e-09
6752.0	3.7348725e-09
6753.0	3.688936e-09
6754.0	3.6430279999999998e-09
6755.0	3.597148e-09
6756.0	3.551294e-09
6757.0	3.5054705e-09
6758.0	3.4596745e-09
6759.0	3.413904e-09
6760.0	3.368163e-09
6761.0	3.322736e-09
6762.0	3.2669979999999998e-09
6763.0	3.14469e-09
6764.0	3.0224350000000002e-09
6765.0	2.900236e-09
6766.0	2.7780905e-09
6767.0	2.6559985000000003e-09
6768.0	2.5339615e-09
6769.0	2.411919e-09
6770.0	2.2900495000000002e-09
6771.0	2.168175e-09
6772.0	2.0957175e-09
6773.0	2.3496839999999997e-09
6774.0	2.6035375e-09
6775.0	2.8572775e-09
6776.0	3.1109030000000002e-09
6777.0	3.3644165e-09
6778.0	3.6178155e-09
6779.0	3.871102e-09
6780.0	4.124397e-09
6781.0	4.376954e-09
6782.0	4.537863e-09
6783.0	4.0797805e-09
6784.0	3.6219815e-09
6785.0	3.1644665e-09
6786.0	2.7074575e-09
6787.0	2.2502855000000003e-09
6788.0	1.7936195000000001e-09
6789.0	1.337014e-09
6790.0	8.8113635e-10
6791.0	4.251333e-10
6792.0	6.638523e-11
6793.0	3.7767525e-10
6794.0	6.888257000000001e-10
6795.0	9.9983675e-10
6796.0	1.3107084999999998e-09
6797.0	1.6212885e-09
6798.0	1.9320335e-09
6799.0	2.242487e-09
6800.0	2.5528015e-09
6801.0	2.8629764999999997e-09
6802.0	3.2147435000000003e-09
6803.0	3.8594985e-09
6804.0	4.5039645000000004e-09
6805.0	5.148771e-09
6806.0	5.7929725000000005e-09
6807.0	6.436886e-09
6808.0	7.080196e-09
6809.0	7.724158e-09
6810.0	8.366889500000001e-09
6811.0	9.00887e-09
6812.0	9.635044e-09
6813.0	1.0148555000000001e-08
6814.0	1.0661745e-08
6815.0	1.117436e-08
6816.0	1.1687159999999999e-08
6817.0	1.2199134999999999e-08
6818.0	1.2711295e-08
6819.0	1.3222875e-08
6820.0	1.3734144999999999e-08
6821.0	1.424633e-08
6822.0	1.455774e-08
6823.0	1.336567e-08
6824.0	1.217415e-08
6825.0	1.098315e-08
6826.0	9.7932645e-09
6827.0	8.6027545e-09
6828.0	7.413938e-09
6829.0	6.224495000000001e-09
6830.0	5.0361645e-09
6831.0	3.8484575e-09
6832.0	2.7660245e-09
6833.0	2.4885000000000002e-09
6834.0	2.2110855e-09
6835.0	1.9337834999999998e-09
6836.0	1.6565934999999998e-09
6837.0	1.3795145e-09
6838.0	1.102547e-09
6839.0	8.25691e-10
6840.0	5.4894675e-10
6841.0	2.7229019999999996e-10
6842.0	1.219113e-10
6843.0	9.682158e-10
6844.0	1.8140325000000002e-09
6845.0	2.6593615000000003e-09
6846.0	3.5042045e-09
6847.0	4.3485595e-09
6848.0	5.1924285e-09
6849.0	6.0358115e-09
6850.0	6.8787055e-09
6851.0	7.7217855e-09
6852.0	8.381871499999999e-09
6853.0	7.562123e-09
6854.0	6.742702500000001e-09
6855.0	5.9236135e-09
6856.0	5.1048529999999995e-09
6857.0	4.2864225e-09
6858.0	3.4683234999999997e-09
6859.0	2.6501545e-09
6860.0	1.833113e-09
6861.0	1.0159135e-09
6862.0	3.1994390000000004e-10
6863.0	6.274763e-10
6864.0	9.34831e-10
6865.0	1.2420085e-09
6866.0	1.549008e-09
6867.0	1.8558305e-09
6868.0	2.1624755e-09
6869.0	2.468944e-09
6870.0	2.7753835e-09
6871.0	3.0816145e-09
6872.0	3.321027e-09
6873.0	2.9876025e-09
6874.0	2.654313e-09
6875.0	2.321158e-09
6876.0	1.988138e-09
6877.0	1.655253e-09
6878.0	1.3225015e-09
6879.0	9.897236e-10
6880.0	6.5740445e-10
6881.0	3.2489515e-10
6882.0	2.657864e-11
6883.0	2.6573255e-11
6884.0	2.656786e-11
6885.0	2.656248e-11
6886.0	2.655709e-11
6887.0	2.655171e-11
6888.0	2.6546325e-11
6889.0	2.6540935e-11
6890.0	2.653555e-11
6891.0	2.6527875e-11
6892.0	6.965789e-11
6893.0	5.0471325e-10
6894.0	9.3951695e-10
6895.0	1.374069e-09
6896.0	1.808157e-09
6897.0	2.2424175000000002e-09
6898.0	2.6760035e-09
6899.0	3.10976e-09
6900.0	3.5430545e-09
6901.0	3.9764455e-09
6902.0	4.480637000000001e-09
6903.0	5.651401e-09
6904.0	6.8216905e-09
6905.0	7.990934e-09
6906.0	9.1608435e-09
6907.0	1.032914e-08
6908.0	1.1498105e-08
6909.0	1.2666025e-08
6910.0	1.3833465e-08
6911.0	1.5000445e-08
6912.0	1.5961145e-08
6913.0	1.4932395e-08
6914.0	1.3904075e-08
6915.0	1.2876164999999999e-08
6916.0	1.184917e-08
6917.0	1.082159e-08
6918.0	9.795423999999999e-09
6919.0	8.768672e-09
6920.0	7.742836e-09
6921.0	6.7168360000000005e-09
6922.0	5.7672825e-09
6923.0	5.5774475e-09
6924.0	5.38772e-09
6925.0	5.1981015e-09
6926.0	5.0085924999999995e-09
6927.0	4.8192839999999995e-09
6928.0	4.6298995e-09
6929.0	4.4407165000000005e-09
6930.0	4.2516425e-09
6931.0	4.0630295e-09
6932.0	3.8959435e-09
6933.0	3.950155e-09
6934.0	4.0043439999999995e-09
6935.0	4.0585115e-09
6936.0	4.1126575e-09
6937.0	4.1667805e-09
6938.0	4.2208565e-09
6939.0	4.27496e-09
6940.0	4.329019e-09
6941.0	4.382671e-09
6942.0	4.461843e-09
6943.0	4.8143484999999995e-09
6944.0	5.16665e-09
6945.0	5.5187465e-09
6946.0	5.8706399999999995e-09
6947.0	6.2223265e-09
6948.0	6.5738125e-09
6949.0	6.9252605e-09
6950.0	7.2761655e-09
6951.0	7.627700000000001e-09
6952.0	7.942188e-09
6953.0	7.848967500000001e-09
6954.0	7.7557835e-09
6955.0	7.662641e-09
6956.0	7.569532499999999e-09
6957.0	7.476461e-09
6958.0	7.3834275e-09
6959.0	7.29043e-09
6960.0	7.1974295e-09
6961.0	7.1045535e-09
6962.0	6.9630145000000005e-09
6963.0	6.2626259999999995e-09
6964.0	5.5625205e-09
6965.0	4.862699e-09
6966.0	4.16316e-09
6967.0	3.4639035000000003e-09
6968.0	2.765271e-09
6969.0	2.0658974999999997e-09
6970.0	1.3678310000000001e-09
6971.0	6.696482e-10
6972.0	5.2880534999999995e-11
6973.0	3.9865915e-10
6974.0	7.442382e-10
6975.0	1.0894485000000001e-09
6976.0	1.4347979999999998e-09
6977.0	1.779778e-09
6978.0	2.124559e-09
6979.0	2.4691404999999998e-09
6980.0	2.8136905e-09
6981.0	3.1579815e-09
6982.0	3.504382e-09
6983.0	3.8764325e-09
6984.0	4.2483315e-09
6985.0	4.6200805e-09
6986.0	4.9914975e-09
6987.0	5.3631265e-09
6988.0	5.734426e-09
6989.0	6.105573e-09
6990.0	6.476571e-09
6991.0	6.8476e-09
6992.0	7.173616e-09
6993.0	6.9285025e-09
6994.0	6.6834895e-09
6995.0	6.4385759999999995e-09
6996.0	6.193758e-09
6997.0	5.9491600000000006e-09
6998.0	5.7044255e-09
6999.0	5.459905e-09
7000.0	5.2154820000000005e-09
7001.0	4.9703174999999995e-09
7002.0	4.743224e-09
7003.0	4.7563225e-09
7004.0	4.7694125e-09
7005.0	4.7824885e-09
7006.0	4.7955505e-09
7007.0	4.808613e-09
7008.0	4.821653e-09
7009.0	4.8346945e-09
7010.0	4.847721e-09
7011.0	4.86116e-09
7012.0	4.911158e-09
7013.0	5.471093e-09
7014.0	6.0307045e-09
7015.0	6.5899995e-09
7016.0	7.1489735e-09
7017.0	7.7073545e-09
7018.0	8.265962499999999e-09
7019.0	8.82398e-09
7020.0	9.3816795e-09
7021.0	9.9382065e-09
7022.0	1.0435785e-08
7023.0	1.0076856999999999e-08
7024.0	9.718199999999999e-09
7025.0	9.3598005e-09
7026.0	9.0016675e-09
7027.0	8.6437985e-09
7028.0	8.286367e-09
7029.0	7.928849500000001e-09
7030.0	7.571772e-09
7031.0	7.215334e-09
7032.0	6.873939e-09
7033.0	6.758683e-09
7034.0	6.643500499999999e-09
7035.0	6.528389500000001e-09
7036.0	6.413354e-09
7037.0	6.298387e-09
7038.0	6.1834955e-09
7039.0	6.0686209999999996e-09
7040.0	5.9539290000000004e-09
7041.0	5.8392550000000004e-09
7042.0	5.7531915e-09
7043.0	6.125518e-09
7044.0	6.4976080000000005e-09
7045.0	6.8694555e-09
7046.0	7.2410665e-09
7047.0	7.6124385e-09
7048.0	7.983574e-09
7049.0	8.354468e-09
7050.0	8.7253075e-09
7051.0	9.0947545e-09
7052.0	9.4783865e-09
7053.0	1.0102145e-08
7054.0	1.072539e-08
7055.0	1.1348135e-08
7056.0	1.1970365e-08
7057.0	1.2592085e-08
7058.0	1.321329e-08
7059.0	1.38343e-08
7060.0	1.4454195000000001e-08
7061.0	1.50755e-08
7062.0	1.5662855e-08
7063.0	1.5664215e-08
7064.0	1.566557e-08
7065.0	1.566693e-08
7066.0	1.5668285e-08
7067.0	1.566964e-08
7068.0	1.5670985e-08
7069.0	1.5672324999999997e-08
7070.0	1.5673674999999998e-08
7071.0	1.567365e-08
7072.0	1.5694230000000002e-08
7073.0	1.609978e-08
7074.0	1.6505005e-08
7075.0	1.6909895e-08
7076.0	1.7314254999999997e-08
7077.0	1.7718670000000002e-08
7078.0	1.8122565e-08
7079.0	1.8526315e-08
7080.0	1.892934e-08
7081.0	1.933392e-08
7082.0	1.967165e-08
7083.0	1.86846e-08
7084.0	1.7698180000000002e-08
7085.0	1.671288e-08
7086.0	1.5727240000000003e-08
7087.0	1.4743195e-08
7088.0	1.375881e-08
7089.0	1.277554e-08
7090.0	1.17929e-08
7091.0	1.080995e-08
7092.0	9.890652499999999e-09
7093.0	1.029298e-08
7094.0	1.069497e-08
7095.0	1.1096635e-08
7096.0	1.1497775e-08
7097.0	1.1898975e-08
7098.0	1.2299649999999999e-08
7099.0	1.2699995e-08
7100.0	1.3100015e-08
7101.0	1.3500885e-08
7102.0	1.388473e-08
7103.0	1.3890645e-08
7104.0	1.3896554999999999e-08
7105.0	1.3902455e-08
7106.0	1.3908344999999999e-08
7107.0	1.3914235e-08
7108.0	1.3920124999999998e-08
7109.0	1.3926e-08
7110.0	1.393187e-08
7111.0	1.393774e-08
7112.0	1.3956444999999999e-08
7113.0	1.4282805e-08
7114.0	1.460895e-08
7115.0	1.4934895e-08
7116.0	1.5260619999999998e-08
7117.0	1.5586134999999998e-08
7118.0	1.5911605e-08
7119.0	1.623654e-08
7120.0	1.656143e-08
7121.0	1.6884625e-08
7122.0	1.7189500000000003e-08
7123.0	1.7025945e-08
7124.0	1.68625e-08
7125.0	1.66992e-08
7126.0	1.653602e-08
7127.0	1.637297e-08
7128.0	1.6210055e-08
7129.0	1.604719e-08
7130.0	1.5884605e-08
7131.0	1.572345e-08
7132.0	1.5612695e-08
7133.0	1.6901815e-08
7134.0	1.8190099999999998e-08
7135.0	1.947757e-08
7136.0	2.0764199999999997e-08
7137.0	2.2050005e-08
7138.0	2.333562e-08
7139.0	2.461913e-08
7140.0	2.590308e-08
7141.0	2.7182579999999998e-08
7142.0	2.8413200000000002e-08
7143.0	2.81653e-08
7144.0	2.7917595e-08
7145.0	2.76701e-08
7146.0	2.742291e-08
7147.0	2.7175685e-08
7148.0	2.6928765e-08
7149.0	2.668192e-08
7150.0	2.643552e-08
7151.0	2.6191365e-08
7152.0	2.597219e-08
7153.0	2.65666e-08
7154.0	2.7160630000000002e-08
7155.0	2.7754285e-08
7156.0	2.8347540000000002e-08
7157.0	2.8940119999999998e-08
7158.0	2.95332e-08
7159.0	3.0125005e-08
7160.0	3.0716735e-08
7161.0	3.1305344999999996e-08
7162.0	3.1885575e-08
7163.0	3.2168034999999995e-08
7164.0	3.2450289999999996e-08
7165.0	3.273256e-08
7166.0	3.301447e-08
7167.0	3.329613e-08
7168.0	3.3577555e-08
7169.0	3.3858895e-08
7170.0	3.413971e-08
7171.0	3.4423445e-08
7172.0	3.4694735e-08
7173.0	3.4465905e-08
7174.0	3.423724e-08
7175.0	3.4008795e-08
7176.0	3.378031e-08
7177.0	3.355216e-08
7178.0	3.3323950000000005e-08
7179.0	3.3095970000000004e-08
7180.0	3.2868045e-08
7181.0	3.2640485e-08
7182.0	3.2415145e-08
7183.0	3.22928e-08
7184.0	3.217052e-08
7185.0	3.204832e-08
7186.0	3.1926265e-08
7187.0	3.180413e-08
7188.0	3.1682164999999995e-08
7189.0	3.1560255e-08
7190.0	3.143843e-08
7191.0	3.131392e-08
7192.0	3.1197995e-08
7193.0	3.15424e-08
7194.0	3.18865e-08
7195.0	3.2230325e-08
7196.0	3.2573845000000005e-08
7197.0	3.2916915e-08
7198.0	3.3260055e-08
7199.0	3.3602724999999995e-08
7200.0	3.3945105e-08
7201.0	3.4290199999999996e-08
7202.0	3.464148e-08
7203.0	3.5394605000000003e-08
7204.0	3.6147235000000005e-08
7205.0	3.6899390000000004e-08
7206.0	3.765103e-08
7207.0	3.8402205000000004e-08
7208.0	3.9152890000000005e-08
7209.0	3.9903075000000004e-08
7210.0	4.0652785e-08
7211.0	4.139838e-08
7212.0	4.214009e-08
7213.0	4.262692e-08
7214.0	4.31133e-08
7215.0	4.359929e-08
7216.0	4.408488e-08
7217.0	4.4570054999999996e-08
7218.0	4.505482e-08
7219.0	4.5539425e-08
7220.0	4.602314e-08
7221.0	4.6510790000000005e-08
7222.0	4.698298e-08
7223.0	4.599591e-08
7224.0	4.5009475000000005e-08
7225.0	4.4023665e-08
7226.0	4.3038495e-08
7227.0	4.2053935e-08
7228.0	4.1069515e-08
7229.0	4.0086700000000004e-08
7230.0	3.910354e-08
7231.0	3.8117135e-08
7232.0	3.7142715e-08
7233.0	3.774143e-08
7234.0	3.8339604999999994e-08
7235.0	3.8937209999999994e-08
7236.0	3.953427e-08
7237.0	4.013081e-08
7238.0	4.0726774999999996e-08
7239.0	4.1322495e-08
7240.0	4.191709e-08
7241.0	4.2515465e-08
7242.0	4.3113575000000005e-08
7243.0	4.386482e-08
7244.0	4.4615525000000005e-08
7245.0	4.5365685e-08
7246.0	4.6115279999999996e-08
7247.0	4.686434e-08
7248.0	4.7613205e-08
7249.0	4.8360785e-08
7250.0	4.910856e-08
7251.0	4.9850680000000005e-08
7252.0	5.058983e-08
7253.0	4.997101e-08
7254.0	4.9352735e-08
7255.0	4.8734995e-08
7256.0	4.8118109999999996e-08
7257.0	4.7501145e-08
7258.0	4.6885049999999995e-08
7259.0	4.6269185e-08
7260.0	4.565446e-08
7261.0	4.5043960000000003e-08
7262.0	4.443389e-08
7263.0	4.49695e-08
7264.0	4.5505275e-08
7265.0	4.604039e-08
7266.0	4.6575645e-08
7267.0	4.710997e-08
7268.0	4.764443e-08
7269.0	4.8178225e-08
7270.0	4.871164e-08
7271.0	4.9244669999999996e-08
7272.0	4.977731e-08
7273.0	4.9959715000000004e-08
7274.0	5.014077e-08
7275.0	5.0321695e-08
7276.0	5.0502385000000005e-08
7277.0	5.0683135e-08
7278.0	5.086364e-08
7279.0	5.1044004999999995e-08
7280.0	5.1224235e-08
7281.0	5.139978e-08
7282.0	5.1575185e-08
7283.0	5.1444025000000005e-08
7284.0	5.1311165000000005e-08
7285.0	5.1178435e-08
7286.0	5.1045805e-08
7287.0	5.091333e-08
7288.0	5.0780855e-08
7289.0	5.0648529999999995e-08
7290.0	5.0516305e-08
7291.0	5.038864e-08
7292.0	5.026106e-08
7293.0	5.060655e-08
7294.0	5.0955985e-08
7295.0	5.1305155e-08
7296.0	5.165404e-08
7297.0	5.200269e-08
7298.0	5.2351065e-08
7299.0	5.2699169999999996e-08
7300.0	5.3047035e-08
7301.0	5.338994e-08
7302.0	5.3732525e-08
7303.0	5.3830775e-08
7304.0	5.392613e-08
7305.0	5.40214e-08
7306.0	5.4116554999999995e-08
7307.0	5.421162e-08
7308.0	5.4306585e-08
7309.0	5.440146e-08
7310.0	5.449622e-08
7311.0	5.4595715e-08
7312.0	5.469516e-08
7313.0	5.511636e-08
7314.0	5.554188e-08
7315.0	5.5967085e-08
7316.0	5.6391965e-08
7317.0	5.681651e-08
7318.0	5.724097e-08
7319.0	5.7664695e-08
7320.0	5.8088309999999997e-08
7321.0	5.8506465e-08
7322.0	5.8924235e-08
7323.0	5.8845545e-08
7324.0	5.8758535e-08
7325.0	5.86716e-08
7326.0	5.858472e-08
7327.0	5.849792e-08
7328.0	5.8411164999999996e-08
7329.0	5.8324439999999995e-08
7330.0	5.8237845e-08
7331.0	5.8156435e-08
7332.0	5.807508e-08
7333.0	5.8461195e-08
7334.0	5.8856315e-08
7335.0	5.9250995e-08
7336.0	5.964572e-08
7337.0	6.003995e-08
7338.0	6.0434115e-08
7339.0	6.082755e-08
7340.0	6.1221105e-08
7341.0	6.160857000000001e-08
7342.0	6.199586e-08
7343.0	6.262652e-08
7344.0	6.326206000000001e-08
7345.0	6.389702499999999e-08
7346.0	6.453108999999999e-08
7347.0	6.516518e-08
7348.0	6.57984e-08
7349.0	6.6431e-08
7350.0	6.7063005e-08
7351.0	6.7700715e-08
7352.0	6.833734499999999e-08
7353.0	6.797440500000001e-08
7354.0	6.758618e-08
7355.0	6.719826000000001e-08
7356.0	6.681060000000001e-08
7357.0	6.6423385e-08
7358.0	6.603589e-08
7359.0	6.564922000000001e-08
7360.0	6.526264e-08
7361.0	6.4870595e-08
7362.0	6.447894e-08
7363.0	6.450644500000001e-08
7364.0	6.454568e-08
7365.0	6.458487e-08
7366.0	6.4623975e-08
7367.0	6.4663095e-08
7368.0	6.470211e-08
7369.0	6.4741085e-08
7370.0	6.4780015e-08
7371.0	6.48246e-08
7372.0	6.486918e-08
7373.0	6.535428499999999e-08
7374.0	6.585276e-08
7375.0	6.6350865e-08
7376.0	6.6848605e-08
7377.0	6.734571999999999e-08
7378.0	6.784295e-08
7379.0	6.8339555e-08
7380.0	6.883580000000001e-08
7381.0	6.9325585e-08
7382.0	6.98149e-08
7383.0	7.007253e-08
7384.0	7.0322085e-08
7385.0	7.057139500000001e-08
7386.0	7.0820475e-08
7387.0	7.106928e-08
7388.0	7.131791e-08
7389.0	7.1566235e-08
7390.0	7.181435999999999e-08
7391.0	7.2068585e-08
7392.0	7.2322655e-08
7393.0	7.2307825e-08
7394.0	7.2283095e-08
7395.0	7.2258355e-08
7396.0	7.223361499999999e-08
7397.0	7.2208895e-08
7398.0	7.2184185e-08
7399.0	7.2159455e-08
7400.0	7.213476e-08
7401.0	7.210371e-08
7402.0	7.207268500000001e-08
7403.0	7.3089445e-08
7404.0	7.414667e-08
7405.0	7.520298e-08
7406.0	7.6258305e-08
7407.0	7.7312625e-08
7408.0	7.836651e-08
7409.0	7.941837e-08
7410.0	8.0469805e-08
7411.0	8.15275e-08
7412.0	8.2584375e-08
7413.0	8.217970999999999e-08
7414.0	8.171282e-08
7415.0	8.124627e-08
7416.0	8.078005000000001e-08
7417.0	8.031413000000001e-08
7418.0	7.9848545e-08
7419.0	7.938309499999999e-08
7420.0	7.8918375e-08
7421.0	7.844685499999999e-08
7422.0	7.7975745e-08
7423.0	7.9272525e-08
7424.0	8.064845e-08
7425.0	8.2023025e-08
7426.0	8.339637e-08
7427.0	8.476842e-08
7428.0	8.613987999999999e-08
7429.0	8.7508745e-08
7430.0	8.8877705e-08
7431.0	9.025676500000001e-08
7432.0	9.1635595e-08
7433.0	9.1384025e-08
7434.0	9.1053325e-08
7435.0	9.072284e-08
7436.0	9.039267499999999e-08
7437.0	9.006242500000001e-08
7438.0	8.9732515e-08
7439.0	8.940265499999999e-08
7440.0	8.9073275e-08
7441.0	8.8736115e-08
7442.0	8.8399205e-08
7443.0	8.9360415e-08
7444.0	9.038811e-08
7445.0	9.141444999999999e-08
7446.0	9.2441e-08
7447.0	9.346567e-08
7448.0	9.449051500000001e-08
7449.0	9.551398e-08
7450.0	9.6536655e-08
7451.0	9.756710000000001e-08
7452.0	9.8596885e-08
7453.0	9.895151e-08
7454.0	9.926902999999999e-08
7455.0	9.9586375e-08
7456.0	9.990329e-08
7457.0	1.0022034e-07
7458.0	1.0053707000000001e-07
7459.0	1.00853515e-07
7460.0	1.01169805e-07
7461.0	1.0147687000000001e-07
7462.0	1.0178358e-07
7463.0	1.0280085000000001e-07
7464.0	1.038584e-07
7465.0	1.0491500000000001e-07
7466.0	1.059708e-07
7467.0	1.0702515000000001e-07
7468.0	1.0807974999999999e-07
7469.0	1.0913285e-07
7470.0	1.1018514999999999e-07
7471.0	1.1124645000000001e-07
7472.0	1.12307e-07
7473.0	1.126433e-07
7474.0	1.1293565e-07
7475.0	1.1322775e-07
7476.0	1.135196e-07
7477.0	1.1381135e-07
7478.0	1.1410285e-07
7479.0	1.1439405000000001e-07
7480.0	1.1468520000000001e-07
7481.0	1.14966e-07
7482.0	1.152466e-07
7483.0	1.162267e-07
7484.0	1.1725069999999999e-07
7485.0	1.1827379999999999e-07
7486.0	1.1929615e-07
7487.0	1.2031759999999998e-07
7488.0	1.2133825e-07
7489.0	1.22358e-07
7490.0	1.2337690000000001e-07
7491.0	1.2440625e-07
7492.0	1.2543495e-07
7493.0	1.2679269999999999e-07
7494.0	1.2817155e-07
7495.0	1.2954960000000002e-07
7496.0	1.309268e-07
7497.0	1.32303e-07
7498.0	1.3367905e-07
7499.0	1.350529e-07
7500.0	1.3642650000000002e-07
7501.0	1.3777615000000002e-07
7502.0	1.3912445e-07
7503.0	1.4103430000000002e-07
7504.0	1.429816e-07
7505.0	1.4492705e-07
7506.0	1.468705e-07
7507.0	1.4881214999999998e-07
7508.0	1.5075175e-07
7509.0	1.5269049999999999e-07
7510.0	1.5462535e-07
7511.0	1.5657345e-07
7512.0	1.5852000000000002e-07
7513.0	1.6040065e-07
7514.0	1.6227514999999998e-07
7515.0	1.6414815e-07
7516.0	1.6601965e-07
7517.0	1.678887e-07
7518.0	1.69759e-07
7519.0	1.7162505e-07
7520.0	1.7349054999999998e-07
7521.0	1.7533915e-07
7522.0	1.77186e-07
7523.0	1.7972305e-07
7524.0	1.8230895e-07
7525.0	1.8489495000000002e-07
7526.0	1.8747715000000002e-07
7527.0	1.9005679999999998e-07
7528.0	1.9263394999999998e-07
7529.0	1.9520975e-07
7530.0	1.9778055e-07
7531.0	2.0036795000000002e-07
7532.0	2.029533e-07
7533.0	2.0552250000000002e-07
7534.0	2.0808855e-07
7535.0	2.1065135e-07
7536.0	2.1321444999999998e-07
7537.0	2.1577315e-07
7538.0	2.1833215e-07
7539.0	2.2088795e-07
7540.0	2.2344305e-07
7541.0	2.259734e-07
7542.0	2.285026e-07
7543.0	2.3171124999999998e-07
7544.0	2.3497295e-07
7545.0	2.3823150000000002e-07
7546.0	2.4148515e-07
7547.0	2.4473890000000004e-07
7548.0	2.4798785e-07
7549.0	2.5123355e-07
7550.0	2.5447605e-07
7551.0	2.5773825000000003e-07
7552.0	2.609978e-07
7553.0	2.6545794999999997e-07
7554.0	2.70017e-07
7555.0	2.745726e-07
7556.0	2.7912435e-07
7557.0	2.836704e-07
7558.0	2.8821715e-07
7559.0	2.9275805e-07
7560.0	2.9729534999999996e-07
7561.0	3.018022e-07
7562.0	3.063046e-07
7563.0	3.134804e-07
7564.0	3.2088705e-07
7565.0	3.282863e-07
7566.0	3.3567835e-07
7567.0	3.4306319999999996e-07
7568.0	3.5044075e-07
7569.0	3.5781115e-07
7570.0	3.651743e-07
7571.0	3.725634e-07
7572.0	3.799468e-07
7573.0	3.8681065000000004e-07
7574.0	3.9362204999999997e-07
7575.0	4.0042805e-07
7576.0	4.0722844999999996e-07
7577.0	4.1402360000000003e-07
7578.0	4.2081310000000004e-07
7579.0	4.275972e-07
7580.0	4.34376e-07
7581.0	4.4110985e-07
7582.0	4.4783715e-07
7583.0	4.5732625e-07
7584.0	4.670694e-07
7585.0	4.768028e-07
7586.0	4.8652685e-07
7587.0	4.9624125e-07
7588.0	5.05951e-07
7589.0	5.156415e-07
7590.0	5.2532725e-07
7591.0	5.350511e-07
7592.0	5.447671499999999e-07
7593.0	5.5619935e-07
7594.0	5.677925e-07
7595.0	5.7937635e-07
7596.0	5.909509e-07
7597.0	6.0251595e-07
7598.0	6.1407205e-07
7599.0	6.25624e-07
7600.0	6.371559e-07
7601.0	6.486259e-07
7602.0	6.6008485e-07
7603.0	6.750195e-07
7604.0	6.902934e-07
7605.0	7.055522e-07
7606.0	7.20796e-07
7607.0	7.360248e-07
7608.0	7.512461e-07
7609.0	7.6643755e-07
7610.0	7.816286e-07
7611.0	7.967899499999999e-07
7612.0	8.1194355e-07
7613.0	8.3259975e-07
7614.0	8.5381525e-07
7615.0	8.750102e-07
7616.0	8.9617345e-07
7617.0	9.173371e-07
7618.0	9.384692e-07
7619.0	9.595908e-07
7620.0	9.8067075e-07
7621.0	1.0018297e-06
7622.0	1.022971e-06
7623.0	1.045421e-06
7624.0	1.067996e-06
7625.0	1.0905419999999999e-06
7626.0	1.113091e-06
7627.0	1.1356000000000002e-06
7628.0	1.1581130000000001e-06
7629.0	1.1805965000000002e-06
7630.0	1.203062e-06
7631.0	1.2252635e-06
7632.0	1.2474375e-06
7633.0	1.279247e-06
7634.0	1.312081e-06
7635.0	1.3449079999999998e-06
7636.0	1.3776625e-06
7637.0	1.4104095e-06
7638.0	1.4431e-06
7639.0	1.475751e-06
7640.0	1.5083615e-06
7641.0	1.5410705e-06
7642.0	1.5737445e-06
7643.0	1.615447e-06
7644.0	1.658146e-06
7645.0	1.70078e-06
7646.0	1.7434115e-06
7647.0	1.7859565e-06
7648.0	1.8284995e-06
7649.0	1.870978e-06
7650.0	1.913412e-06
7651.0	1.955627e-06
7652.0	1.99779e-06
7653.0	2.051179e-06
7654.0	2.1058390000000003e-06
7655.0	2.1604325000000003e-06
7656.0	2.2149315e-06
7657.0	2.269418e-06
7658.0	2.3238109999999998e-06
7659.0	2.3781369999999997e-06
7660.0	2.4323965000000002e-06
7661.0	2.486813e-06
7662.0	2.5411715e-06
7663.0	2.60483e-06
7664.0	2.6695585e-06
7665.0	2.7342190000000003e-06
7666.0	2.798814e-06
7667.0	2.86334e-06
7668.0	2.9277985000000002e-06
7669.0	2.9921895000000004e-06
7670.0	3.0565155e-06
7671.0	3.1204934999999997e-06
7672.0	3.1843935e-06
7673.0	3.270185e-06
7674.0	3.358622e-06
7675.0	3.4469510000000003e-06
7676.0	3.5351715e-06
7677.0	3.623284e-06
7678.0	3.7113305e-06
7679.0	3.7991845e-06
7680.0	3.8869725e-06
7681.0	3.975008e-06
7682.0	4.0629515000000006e-06
7683.0	4.167234e-06
7684.0	4.2735135e-06
7685.0	4.379683e-06
7686.0	4.4857415e-06
7687.0	4.591688500000001e-06
7688.0	4.6975245e-06
7689.0	4.803301e-06
7690.0	4.9088635e-06
7691.0	5.0139180000000005e-06
7692.0	5.1188425000000004e-06
7693.0	5.269518e-06
7694.0	5.426063500000001e-06
7695.0	5.582342e-06
7696.0	5.7385790000000005e-06
7697.0	5.8945505e-06
7698.0	6.050403e-06
7699.0	6.2059155e-06
7700.0	6.3613845e-06
7701.0	6.5165115e-06
7702.0	6.6715225e-06
7703.0	6.8659365e-06
7704.0	7.065462e-06
7705.0	7.2647435e-06
7706.0	7.463682e-06
7707.0	7.66257e-06
7708.0	7.8611135e-06
7709.0	8.059414000000001e-06
7710.0	8.2574695e-06
7711.0	8.456135000000001e-06
7712.0	8.654397e-06
7713.0	8.894216e-06
7714.0	9.139827e-06
7715.0	9.385066e-06
7716.0	9.630043e-06
7717.0	9.874643e-06
7718.0	1.01193495e-05
7719.0	1.036343e-05
7720.0	1.060738e-05
7721.0	1.0850095e-05
7722.0	1.1092515e-05
7723.0	1.1417705000000001e-05
7724.0	1.175414e-05
7725.0	1.2090485000000001e-05
7726.0	1.2426094999999999e-05
7727.0	1.276161e-05
7728.0	1.3096544999999999e-05
7729.0	1.3431235e-05
7730.0	1.376518e-05
7731.0	1.4100135e-05
7732.0	1.4434744999999999e-05
7733.0	1.4747245e-05
7734.0	1.5056234999999999e-05
7735.0	1.5364755e-05
7736.0	1.5673245e-05
7737.0	1.5981105000000002e-05
7738.0	1.6288935e-05
7739.0	1.659629e-05
7740.0	1.6903325e-05
7741.0	1.7208485000000002e-05
7742.0	1.7513264999999998e-05
7743.0	1.781766e-05
7744.0	1.8121679999999998e-05
7745.0	1.8425315000000002e-05
7746.0	1.872842e-05
7747.0	1.903145e-05
7748.0	1.9333945e-05
7749.0	1.9636065e-05
7750.0	1.9937799999999997e-05
7751.0	2.0240975e-05
7752.0	2.0543825e-05
7753.0	2.0852895e-05
7754.0	2.1162635000000002e-05
7755.0	2.147205e-05
7756.0	2.1781130000000003e-05
7757.0	2.208972e-05
7758.0	2.2398289999999998e-05
7759.0	2.2706365e-05
7760.0	2.3014130000000003e-05
7761.0	2.3319440000000002e-05
7762.0	2.362439e-05
7763.0	2.4902645e-05
7764.0	2.6331525e-05
7765.0	2.7758615e-05
7766.0	2.918396e-05
7767.0	3.060754e-05
7768.0	3.2030040000000006e-05
7769.0	3.3449405e-05
7770.0	3.486769e-05
7771.0	3.628423e-05
7772.0	3.7699000000000006e-05
7773.0	3.882272e-05
7774.0	3.9898685000000004e-05
7775.0	4.0973305e-05
7776.0	4.204658e-05
7777.0	4.311851e-05
7778.0	4.418912e-05
7779.0	4.525889e-05
7780.0	4.6326285e-05
7781.0	4.7397145e-05
7782.0	4.8466835000000004e-05
7783.0	4.955129e-05
7784.0	5.0637175e-05
7785.0	5.172192e-05
7786.0	5.280548e-05
7787.0	5.388737e-05
7788.0	5.496968e-05
7789.0	5.604922e-05
7790.0	5.712868e-05
7791.0	5.8200675e-05
7792.0	5.927185e-05
7793.0	6.1447285e-05
7794.0	6.380521e-05
7795.0	6.6160175e-05
7796.0	6.851105499999999e-05
7797.0	7.086132e-05
7798.0	7.320747e-05
7799.0	7.555183e-05
7800.0	7.7890995e-05
7801.0	8.0235595e-05
7802.0	8.257766e-05
7803.0	8.559033000000001e-05
7804.0	8.871475e-05
7805.0	9.1834315e-05
7806.0	9.4953625e-05
7807.0	9.8066525e-05
7808.0	0.0001011807
7809.0	0.00010428695
7810.0	0.00010739135
7811.0	0.00011048255
7812.0	0.0001135698
7813.0	0.00011682399999999999
7814.0	0.0001201024
7815.0	0.00012337985
7816.0	0.00012665000000000002
7817.0	0.0001299192
7818.0	0.00013318264999999998
7819.0	0.000136442
7820.0	0.00013969735
7821.0	0.00014296140000000002
7822.0	0.00014622190000000002
7823.0	0.0001513397
7824.0	0.0001567837
7825.0	0.0001622192
7826.0	0.00016765415
7827.0	0.00017308059999999998
7828.0	0.00017850125
7829.0	0.000183916
7830.0	0.000189325
7831.0	0.00019472910000000002
7832.0	0.0002001274
7833.0	0.0002068919
7834.0	0.0002138995
7835.0	0.00022089955
7836.0	0.0002278887
7837.0	0.0002348773
7838.0	0.00024185499999999997
7839.0	0.00024882525
7840.0	0.00025578805
7841.0	0.0002627434
7842.0	0.0002696913
7843.0	0.0002786571
7844.0	0.00028799105000000005
7845.0	0.0002973151
7846.0	0.00030662910000000003
7847.0	0.0003159376
7848.0	0.00032522715000000003
7849.0	0.0003345113
7850.0	0.0003437855
7851.0	0.0003530817
7852.0	0.0003623695
7853.0	0.0003750372
7854.0	0.00038833705
7855.0	0.0004016251
7856.0	0.0004149014
7857.0	0.00042816595
7858.0	0.0004414251
7859.0	0.00045465965
7860.0	0.00046788875
7861.0	0.0004810627
7862.0	0.00049422245
7863.0	0.0005122169
7864.0	0.000531133
7865.0	0.00055002875
7866.0	0.0005688952
7867.0	0.00058776885
7868.0	0.00060659475
7869.0	0.00062541865
7870.0	0.0006442042
7871.0	0.0006630386
7872.0	0.00068185615
7873.0	0.0007054804
7874.0	0.00073003675
7875.0	0.00075457105
7876.0	0.00077908345
7877.0	0.0008035740500000001
7878.0	0.00082805485
7879.0	0.0008524897499999999
7880.0	0.0008769149
7881.0	0.00090123675
7882.0	0.00092553215
7883.0	0.0009585532000000001
7884.0	0.0009932877499999999
7885.0	0.0010280185
7886.0	0.0010626955
7887.0	0.0010973515
7888.0	0.001131936
7889.0	0.0011665175
7890.0	0.001201028
7891.0	0.0012355180000000001
7892.0	0.0012699705
7893.0	0.0013155005
7894.0	0.0013632639999999999
7895.0	0.0014109525
7896.0	0.0014586360000000001
7897.0	0.0015062445
7898.0	0.0015538015
7899.0	0.0016013075
7900.0	0.0016487849999999998
7901.0	0.001696318
7902.0	0.001743833
7903.0	0.0018062265
7904.0	0.0018716925
7905.0	0.0019370995
7906.0	0.002002416
7907.0	0.002067769
7908.0	0.0021329685
7909.0	0.002198141
7910.0	0.002263255
7911.0	0.002328099
7912.0	0.0023928725
7913.0	0.002479261
7914.0	0.0025701785
7915.0	0.0026609535000000004
7916.0	0.002751719
7917.0	0.002842341
7918.0	0.002932909
7919.0	0.003023291
7920.0	0.0031136180000000003
7921.0	0.003204138
7922.0	0.0032945755
7923.0	0.0034198155000000003
7924.0	0.0035525285
7925.0	0.0036851215
7926.0	0.0038175305
7927.0	0.00394995
7928.0	0.004082184
7929.0	0.004214301
7930.0	0.004346297
7931.0	0.004477768
7932.0	0.0046090965
7933.0	0.004784619
7934.0	0.004969755
7935.0	0.0051546895
7936.0	0.005339424
7937.0	0.005524045
7938.0	0.0057082865
7939.0	0.005892418
7940.0	0.0060763480000000005
7941.0	0.006260083
7942.0	0.006443615
7943.0	0.006678824
7944.0	0.0069254780000000005
7945.0	0.007171862
7946.0	0.0074179795
7947.0	0.007663827999999999
7948.0	0.0079095255
7949.0	0.008154722
7950.0	0.008399764
7951.0	0.008645331
7952.0	0.0088906735
7953.0	0.009218411499999999
7954.0	0.009564788
7955.0	0.009910849
7956.0	0.010256600000000001
7957.0	0.010602205
7958.0	0.010947155
7959.0	0.011292135
7960.0	0.011636465
7961.0	0.01197956
7962.0	0.012322275
7963.0	0.012771604999999998
7964.0	0.01324542
7965.0	0.01371872
7966.0	0.014191510000000001
7967.0	0.01466377
7968.0	0.015135755
7969.0	0.01560676
7970.0	0.016077710000000002
7971.0	0.016547705000000003
7972.0	0.01701741
7973.0	0.01762938
7974.0	0.018274560000000002
7975.0	0.01891903
7976.0	0.019562490000000002
7977.0	0.020206185
7978.0	0.02084824
7979.0	0.021490215
7980.0	0.022130854999999998
7981.0	0.02277337
7982.0	0.023415315
7983.0	0.024175845
7984.0	0.024964515
7985.0	0.025752095
7986.0	0.026539735000000002
7987.0	0.027326285
7988.0	0.028112525
7989.0	0.028897295
7990.0	0.02968173
7991.0	0.030463209999999998
7992.0	0.031243855
7993.0	0.032232965
7994.0	0.033272090000000004
7995.0	0.034311129999999995
7996.0	0.035348065
7997.0	0.036385445
7998.0	0.037420220000000004
7999.0	0.03845441
8000.0	0.03948751
8001.0	0.040520829999999994
8002.0	0.041553145
8003.0	0.042781925
8004.0	0.044058885
8005.0	0.045333975
8006.0	0.046609045
8007.0	0.047882209999999994
8008.0	0.049154155
8009.0	0.050424825
8010.0	0.051694235000000005
8011.0	0.052958215
8012.0	0.05422076
8013.0	0.055614645000000004
8014.0	0.05704074
8015.0	0.058465205
8016.0	0.059887300000000004
8017.0	0.061309185
8018.0	0.06272871000000001
8019.0	0.06414658
8020.0	0.06556283
8021.0	0.06697787
8022.0	0.06839129
8023.0	0.06985760499999999
8024.0	0.07133637
8025.0	0.072813405
8026.0	0.074288755
8027.0	0.075762385
8028.0	0.077234355
8029.0	0.07870459499999999
8030.0	0.08017317
8031.0	0.081648625
8032.0	0.08312268
8033.0	0.0846076
8034.0	0.086094315
8035.0	0.087579625
8036.0	0.089063555
8037.0	0.090546075
8038.0	0.092027235
8039.0	0.093506955
8040.0	0.0949853
8041.0	0.09645358
8042.0	0.09792021
8043.0	0.09927358
8044.0	0.10059562
8045.0	0.10191610000000001
8046.0	0.1032351
8047.0	0.1045533
8048.0	0.10586860000000001
8049.0	0.10718375
8050.0	0.1084961
8051.0	0.10980765
8052.0	0.11111765000000001
8053.0	0.11224835
8054.0	0.1133294
8055.0	0.1144086
8056.0	0.11548765
8057.0	0.11656495
8058.0	0.11764145000000001
8059.0	0.11871570000000001
8060.0	0.1197897
8061.0	0.1208725
8062.0	0.12195485
8063.0	0.1228159
8064.0	0.12361549999999999
8065.0	0.12441425
8066.0	0.1252118
8067.0	0.12600975
8068.0	0.1268058
8069.0	0.1276014
8070.0	0.12839615
8071.0	0.12917885
8072.0	0.12995974999999999
8073.0	0.1305501
8074.0	0.13108704999999998
8075.0	0.131623
8076.0	0.13215835
8077.0	0.132693
8078.0	0.1332272
8079.0	0.13376035
8080.0	0.134293
8081.0	0.134825
8082.0	0.13535645
8083.0	0.1357365
8084.0	0.13607305
8085.0	0.13640950000000002
8086.0	0.13674515
8087.0	0.1370807
8088.0	0.1374157
8089.0	0.13775035
8090.0	0.1380842
8091.0	0.13843044999999998
8092.0	0.13877635
8093.0	0.13900205
8094.0	0.13919285
8095.0	0.1393833
8096.0	0.13957370000000002
8097.0	0.13976375000000002
8098.0	0.13995365
8099.0	0.14014315
8100.0	0.14033250000000003
8101.0	0.1405088
8102.0	0.1406848
8103.0	0.1407613
8104.0	0.1408084
8105.0	0.14085535
8106.0	0.1409022
8107.0	0.14094895
8108.0	0.1409955
8109.0	0.141042
8110.0	0.14108835
8111.0	0.1411346
8112.0	0.14118065
8113.0	0.14119340000000002
8114.0	0.1411962
8115.0	0.14119895
8116.0	0.1412016
8117.0	0.14120414999999997
8118.0	0.14120665
8119.0	0.14120909999999998
8120.0	0.1412114
8121.0	0.14122665
8122.0	0.14124185
8123.0	0.14121994999999998
8124.0	0.14118695
8125.0	0.1411538
8126.0	0.14112065000000001
8127.0	0.14108749999999998
8128.0	0.14105425
8129.0	0.14102105
8130.0	0.14098785
8131.0	0.1409416
8132.0	0.1408954
8133.0	0.14083194999999998
8134.0	0.14076315
8135.0	0.1406944
8136.0	0.1406257
8137.0	0.14055695
8138.0	0.14048815
8139.0	0.1404194
8140.0	0.14035075
8141.0	0.140282
8142.0	0.14021335
8143.0	0.14013535
8144.0	0.14005455
8145.0	0.13997385
8146.0	0.13989315
8147.0	0.1398124
8148.0	0.1397316
8149.0	0.13965105
8150.0	0.13957035
8151.0	0.13950255
8152.0	0.13943475
8153.0	0.13936365
8154.0	0.13929165
8155.0	0.13921965
8156.0	0.13914765
8157.0	0.13907555
8158.0	0.13900354999999998
8159.0	0.13893149999999999
8160.0	0.13885955
8161.0	0.13877475
8162.0	0.13869005
8163.0	0.13862555
8164.0	0.13856765
8165.0	0.13850975
8166.0	0.1384518
8167.0	0.1383938
8168.0	0.1383358
8169.0	0.13827785
8170.0	0.13821985
8171.0	0.13816185
8172.0	0.13810385
8173.0	0.13803905
8174.0	0.13797225000000002
8175.0	0.13790524999999998
8176.0	0.1378384
8177.0	0.1377715
8178.0	0.13770464999999998
8179.0	0.13763779999999998
8180.0	0.1375709
8181.0	0.13751675000000002
8182.0	0.13746255000000002
8183.0	0.1374249
8184.0	0.13739285
8185.0	0.1373607
8186.0	0.1373285
8187.0	0.13729635
8188.0	0.1372641
8189.0	0.13723190000000002
8190.0	0.13719955
8191.0	0.13715460000000002
8192.0	0.1371097
8193.0	0.1370769
8194.0	0.1370481
8195.0	0.1370193
8196.0	0.13699044999999999
8197.0	0.13696155
8198.0	0.13693275
8199.0	0.13690370000000002
8200.0	0.13687475
8201.0	0.1368476
8202.0	0.1368204
8203.0	0.13678669999999998
8204.0	0.13675075
8205.0	0.13671485
8206.0	0.1366789
8207.0	0.13664284999999998
8208.0	0.1366069
8209.0	0.13657075000000002
8210.0	0.13653464999999998
8211.0	0.13651115
8212.0	0.1364876
8213.0	0.13648935
8214.0	0.13649975
8215.0	0.1365101
8216.0	0.1365204
8217.0	0.13653055
8218.0	0.13654070000000001
8219.0	0.13655075
8220.0	0.13656079999999998
8221.0	0.13655815
8222.0	0.13655535000000002
8223.0	0.1365294
8224.0	0.13649545000000002
8225.0	0.13646124999999998
8226.0	0.13642715
8227.0	0.13639295
8228.0	0.1363587
8229.0	0.13632444999999999
8230.0	0.13629015
8231.0	0.13626385000000002
8232.0	0.13623744999999998
8233.0	0.1362347
8234.0	0.13624029999999998
8235.0	0.13624585
8236.0	0.1362514
8237.0	0.1362568
8238.0	0.13626215
8239.0	0.13626739999999998
8240.0	0.13627255
8241.0	0.13629035
8242.0	0.13630799999999998
8243.0	0.13631474999999998
8244.0	0.13631759999999998
8245.0	0.1363203
8246.0	0.13632305
8247.0	0.13632565
8248.0	0.1363283
8249.0	0.1363308
8250.0	0.1363333
8251.0	0.1363231
8252.0	0.13631290000000001
8253.0	0.1363001
8254.0	0.13628635
8255.0	0.13627255
8256.0	0.13625874999999998
8257.0	0.13624485
8258.0	0.1362309
8259.0	0.1362169
8260.0	0.1362028
8261.0	0.1361887
8262.0	0.13617455
8263.0	0.1361757
8264.0	0.13618255
8265.0	0.1361893
8266.0	0.13619595
8267.0	0.13620255
8268.0	0.1362091
8269.0	0.13621555
8270.0	0.1362219
8271.0	0.13624085
8272.0	0.13625965
8273.0	0.136249
8274.0	0.1362271
8275.0	0.1362053
8276.0	0.13618334999999998
8277.0	0.13616135000000001
8278.0	0.13613940000000002
8279.0	0.13611735
8280.0	0.1360953
8281.0	0.13606055
8282.0	0.13602585
8283.0	0.136001
8284.0	0.1359799
8285.0	0.1359588
8286.0	0.1359376
8287.0	0.13591635000000002
8288.0	0.1358951
8289.0	0.13587375000000002
8290.0	0.13585235
8291.0	0.1358309
8292.0	0.13580940000000002
8293.0	0.13577355000000002
8294.0	0.1357322
8295.0	0.1356908
8296.0	0.13564935
8297.0	0.1356079
8298.0	0.13556645
8299.0	0.13552485
8300.0	0.13548339999999998
8301.0	0.1354418
8302.0	0.13540025
8303.0	0.1353553
8304.0	0.13530910000000002
8305.0	0.13526280000000002
8306.0	0.1352166
8307.0	0.13517025
8308.0	0.13512395
8309.0	0.13507760000000002
8310.0	0.13503125
8311.0	0.13499735000000002
8312.0	0.13496355
8313.0	0.1349324
8314.0	0.13490225
8315.0	0.13487215
8316.0	0.13484200000000002
8317.0	0.13481179999999998
8318.0	0.1347816
8319.0	0.13475135
8320.0	0.13472105
8321.0	0.1346782
8322.0	0.13463535
8323.0	0.13458365
8324.0	0.1345285
8325.0	0.13447314999999999
8326.0	0.1344179
8327.0	0.1343627
8328.0	0.1343074
8329.0	0.13425209999999999
8330.0	0.1341968
8331.0	0.13414150000000002
8332.0	0.1340862
8333.0	0.134026
8334.0	0.13396375
8335.0	0.1339015
8336.0	0.1338393
8337.0	0.13377705
8338.0	0.13371485
8339.0	0.13365254999999998
8340.0	0.13359035000000002
8341.0	0.1335405
8342.0	0.13349065
8343.0	0.1334378
8344.0	0.1333838
8345.0	0.13332985
8346.0	0.13327585
8347.0	0.13322175
8348.0	0.13316775
8349.0	0.1331137
8350.0	0.13305965
8351.0	0.13299325
8352.0	0.1329268
8353.0	0.1328687
8354.0	0.13281405000000002
8355.0	0.13275935
8356.0	0.1327047
8357.0	0.13265005
8358.0	0.1325953
8359.0	0.1325406
8360.0	0.1324859
8361.0	0.13243110000000002
8362.0	0.1323764
8363.0	0.1323063
8364.0	0.1322297
8365.0	0.13215315
8366.0	0.13207655000000001
8367.0	0.13199994999999998
8368.0	0.13192345
8369.0	0.1318469
8370.0	0.1317704
8371.0	0.13169385
8372.0	0.13161735000000002
8373.0	0.13154475
8374.0	0.13147389999999998
8375.0	0.13140305000000002
8376.0	0.1313322
8377.0	0.13126130000000003
8378.0	0.13119045000000001
8379.0	0.1311196
8380.0	0.13104880000000002
8381.0	0.1309902
8382.0	0.13093155
8383.0	0.13086710000000001
8384.0	0.13080005
8385.0	0.13073305
8386.0	0.13066605
8387.0	0.13059905
8388.0	0.13053205
8389.0	0.13046505
8390.0	0.13039805
8391.0	0.1303188
8392.0	0.1302397
8393.0	0.1301647
8394.0	0.13009155
8395.0	0.1300184
8396.0	0.12994525
8397.0	0.1298721
8398.0	0.129799
8399.0	0.1297259
8400.0	0.1296528
8401.0	0.12958894999999998
8402.0	0.12952514999999998
8403.0	0.12945630000000002
8404.0	0.12938519999999998
8405.0	0.12931405
8406.0	0.12924295000000002
8407.0	0.12917184999999998
8408.0	0.1291007
8409.0	0.12902960000000002
8410.0	0.12895845
8411.0	0.12889945
8412.0	0.12884035
8413.0	0.1287825
8414.0	0.12872515
8415.0	0.1286678
8416.0	0.1286104
8417.0	0.12855295
8418.0	0.1284956
8419.0	0.1284382
8420.0	0.12838085
8421.0	0.12831145
8422.0	0.128242
8423.0	0.12816539999999998
8424.0	0.12808550000000002
8425.0	0.12800555
8426.0	0.1279256
8427.0	0.1278457
8428.0	0.12776575
8429.0	0.12768585
8430.0	0.127606
8431.0	0.12753789999999998
8432.0	0.12746980000000002
8433.0	0.12740065
8434.0	0.127331
8435.0	0.1272614
8436.0	0.12719175
8437.0	0.12712205
8438.0	0.1270525
8439.0	0.1269829
8440.0	0.12691325
8441.0	0.12684355
8442.0	0.1267739
8443.0	0.12670815
8444.0	0.12664415
8445.0	0.1265801
8446.0	0.1265161
8447.0	0.12645204999999998
8448.0	0.1263881
8449.0	0.126324
8450.0	0.12625995
8451.0	0.12620775
8452.0	0.1261556
8453.0	0.12610085
8454.0	0.12604495
8455.0	0.12598900000000002
8456.0	0.12593305
8457.0	0.12587700000000002
8458.0	0.12582105
8459.0	0.12576505
8460.0	0.12570905
8461.0	0.12564125
8462.0	0.12557345
8463.0	0.12550995
8464.0	0.1254486
8465.0	0.1253872
8466.0	0.12532585000000002
8467.0	0.12526445
8468.0	0.125203
8469.0	0.12514160000000002
8470.0	0.1250802
8471.0	0.12501885000000001
8472.0	0.1249575
8473.0	0.12490099999999998
8474.0	0.1248469
8475.0	0.1247928
8476.0	0.12473875
8477.0	0.12468455
8478.0	0.1246305
8479.0	0.12457635
8480.0	0.1245222
8481.0	0.12446815
8482.0	0.1244142
8483.0	0.1242695
8484.0	0.1240802
8485.0	0.12389105
8486.0	0.12370195
8487.0	0.123513
8488.0	0.12332409999999999
8489.0	0.12313535
8490.0	0.12294664999999999
8491.0	0.1227699
8492.0	0.12259325
8493.0	0.1225001
8494.0	0.12244855
8495.0	0.12239705000000001
8496.0	0.12234545
8497.0	0.1222939
8498.0	0.12224225
8499.0	0.12219065
8500.0	0.12213905
8501.0	0.12205805
8502.0	0.121977
8503.0	0.1218957
8504.0	0.12181425
8505.0	0.12173275
8506.0	0.12165129999999999
8507.0	0.1215698
8508.0	0.12148825
8509.0	0.12140680000000001
8510.0	0.12132525
8511.0	0.12124404999999999
8512.0	0.12116285
8513.0	0.12108715
8514.0	0.12101419999999999
8515.0	0.12094125
8516.0	0.1208683
8517.0	0.12079524999999999
8518.0	0.1207223
8519.0	0.1206493
8520.0	0.1205763
8521.0	0.12050340000000001
8522.0	0.12043045
8523.0	0.1203464
8524.0	0.12025659999999999
8525.0	0.1201669
8526.0	0.1200772
8527.0	0.1199874
8528.0	0.1198977
8529.0	0.11980795
8530.0	0.11971825
8531.0	0.11963984999999999
8532.0	0.11956140000000001
8533.0	0.11950025
8534.0	0.1194481
8535.0	0.1193959
8536.0	0.1193437
8537.0	0.11929145
8538.0	0.11923914999999999
8539.0	0.11918680000000001
8540.0	0.11913445
8541.0	0.11907095000000001
8542.0	0.11900725000000001
8543.0	0.11893790000000001
8544.0	0.11886545000000001
8545.0	0.11879300000000001
8546.0	0.1187205
8547.0	0.118648
8548.0	0.1185755
8549.0	0.11850295
8550.0	0.11843039999999999
8551.0	0.1183579
8552.0	0.1182853
8553.0	0.1182218
8554.0	0.1181632
8555.0	0.11810455
8556.0	0.11804590000000001
8557.0	0.11798715
8558.0	0.1179284
8559.0	0.11786959999999999
8560.0	0.1178108
8561.0	0.11775189999999999
8562.0	0.11769305
8563.0	0.11763575
8564.0	0.1175792
8565.0	0.1175226
8566.0	0.11746604999999999
8567.0	0.11740945
8568.0	0.11735275
8569.0	0.11729605
8570.0	0.11723934999999999
8571.0	0.1171937
8572.0	0.11714805
8573.0	0.11709095
8574.0	0.11702775
8575.0	0.1169645
8576.0	0.11690115000000001
8577.0	0.11683785
8578.0	0.1167745
8579.0	0.11671105000000001
8580.0	0.11664769999999999
8581.0	0.1165732
8582.0	0.11649875
8583.0	0.11643375
8584.0	0.1163739
8585.0	0.116314
8586.0	0.1162541
8587.0	0.11619415
8588.0	0.11613425
8589.0	0.1160742
8590.0	0.1160142
8591.0	0.11595415
8592.0	0.115894
8593.0	0.11584825
8594.0	0.11581050000000001
8595.0	0.1157726
8596.0	0.1157347
8597.0	0.11569675
8598.0	0.11565875
8599.0	0.11562069999999999
8600.0	0.11558255
8601.0	0.11554439999999999
8602.0	0.11550615
8603.0	0.1154425
8604.0	0.11536445000000001
8605.0	0.1152864
8606.0	0.11520835
8607.0	0.11513024999999999
8608.0	0.11505214999999999
8609.0	0.11497405
8610.0	0.11489595
8611.0	0.11482875000000001
8612.0	0.11476145
8613.0	0.11469785
8614.0	0.1146362
8615.0	0.1145746
8616.0	0.114513
8617.0	0.11445125
8618.0	0.11438955
8619.0	0.11432780000000001
8620.0	0.11426605
8621.0	0.1141934
8622.0	0.11412074999999999
8623.0	0.1140616
8624.0	0.11401030000000001
8625.0	0.1139589
8626.0	0.11390745
8627.0	0.11385595
8628.0	0.11380445
8629.0	0.1137529
8630.0	0.11370125
8631.0	0.11367255
8632.0	0.11364375
8633.0	0.11360690000000001
8634.0	0.11356545000000001
8635.0	0.11352385000000001
8636.0	0.11348215
8637.0	0.11344045
8638.0	0.11339874999999999
8639.0	0.11335695000000001
8640.0	0.11331515
8641.0	0.11327319999999999
8642.0	0.11323130000000001
8643.0	0.11320554999999999
8644.0	0.1131894
8645.0	0.1131732
8646.0	0.11315685
8647.0	0.1131405
8648.0	0.11312405
8649.0	0.11310755
8650.0	0.11309095
8651.0	0.11307425
8652.0	0.11305745
8653.0	0.1130265
8654.0	0.112987
8655.0	0.11294745
8656.0	0.11290785
8657.0	0.1128682
8658.0	0.11282845
8659.0	0.11278864999999999
8660.0	0.1127488
8661.0	0.1127197
8662.0	0.11269045
8663.0	0.11266480000000001
8664.0	0.1126413
8665.0	0.1126177
8666.0	0.11259405
8667.0	0.11257035
8668.0	0.11254655
8669.0	0.1125227
8670.0	0.11249880000000001
8671.0	0.11246405000000001
8672.0	0.11242935000000001
8673.0	0.11240975
8674.0	0.11239950000000001
8675.0	0.11238915
8676.0	0.1123787
8677.0	0.11236815
8678.0	0.11235755
8679.0	0.11234685
8680.0	0.11233604999999999
8681.0	0.1123252
8682.0	0.1123143
8683.0	0.11228965
8684.0	0.11225650000000001
8685.0	0.1122233
8686.0	0.11219005000000001
8687.0	0.1121567
8688.0	0.11212330000000001
8689.0	0.1120898
8690.0	0.1120563
8691.0	0.1120227
8692.0	0.11198905
8693.0	0.11196215
8694.0	0.1119394
8695.0	0.11191655
8696.0	0.11189365
8697.0	0.11187069999999999
8698.0	0.11184764999999999
8699.0	0.1118245
8700.0	0.11180135
8701.0	0.111778
8702.0	0.11175460000000001
8703.0	0.11171905
8704.0	0.1116756
8705.0	0.11163215
8706.0	0.11158860000000001
8707.0	0.111545
8708.0	0.11150135
8709.0	0.11145764999999999
8710.0	0.1114139
8711.0	0.11138075
8712.0	0.11134749999999999
8713.0	0.1113155
8714.0	0.1112843
8715.0	0.11125299999999999
8716.0	0.1112217
8717.0	0.11119024999999999
8718.0	0.1111588
8719.0	0.11112725
8720.0	0.11109559999999999
8721.0	0.1110533
8722.0	0.111011
8723.0	0.1109681
8724.0	0.1109247
8725.0	0.11088129999999999
8726.0	0.11083785
8727.0	0.11079430000000001
8728.0	0.1107507
8729.0	0.1107071
8730.0	0.11066335
8731.0	0.11061965
8732.0	0.1105758
8733.0	0.1105235
8734.0	0.1104655
8735.0	0.11040755
8736.0	0.1103495
8737.0	0.1102915
8738.0	0.11023335000000001
8739.0	0.11017515
8740.0	0.11011694999999999
8741.0	0.1100587
8742.0	0.1100004
8743.0	0.10993510000000001
8744.0	0.10986504999999999
8745.0	0.10979505
8746.0	0.10972494999999999
8747.0	0.1096549
8748.0	0.10958470000000001
8749.0	0.10951454999999999
8750.0	0.1094443
8751.0	0.109374
8752.0	0.10930375
8753.0	0.10923605
8754.0	0.10917005
8755.0	0.109104
8756.0	0.10903795
8757.0	0.10897180000000001
8758.0	0.10890564999999999
8759.0	0.10883945
8760.0	0.10877325
8761.0	0.10871734999999999
8762.0	0.10866144999999999
8763.0	0.1086007
8764.0	0.1085367
8765.0	0.10847265
8766.0	0.10840849999999999
8767.0	0.10834435
8768.0	0.1082802
8769.0	0.10821595
8770.0	0.10815165
8771.0	0.108077
8772.0	0.1080023
8773.0	0.10791315
8774.0	0.10781405
8775.0	0.10771485
8776.0	0.10761565000000001
8777.0	0.10751654999999999
8778.0	0.10741735
8779.0	0.10731825
8780.0	0.107219
8781.0	0.1071199
8782.0	0.1070207
8783.0	0.10693734999999999
8784.0	0.10686504999999999
8785.0	0.1067928
8786.0	0.10672045
8787.0	0.1066481
8788.0	0.1065757
8789.0	0.10650325
8790.0	0.10643079999999999
8791.0	0.10635834999999999
8792.0	0.10628575000000001
8793.0	0.1062023
8794.0	0.10611105
8795.0	0.1060197
8796.0	0.10592845000000001
8797.0	0.10583719999999999
8798.0	0.10574595
8799.0	0.10565455
8800.0	0.10556325
8801.0	0.1054582
8802.0	0.1053531
8803.0	0.10526640000000001
8804.0	0.1051928
8805.0	0.10511915
8806.0	0.10504545
8807.0	0.1049717
8808.0	0.10489795
8809.0	0.10482415
8810.0	0.1047504
8811.0	0.10468659999999999
8812.0	0.10462284999999999
8813.0	0.10455295
8814.0	0.1044786
8815.0	0.10440425
8816.0	0.10432985
8817.0	0.10425545
8818.0	0.10418105
8819.0	0.10410655
8820.0	0.10403205
8821.0	0.10394755
8822.0	0.10386305000000001
8823.0	0.1037902
8824.0	0.1037258
8825.0	0.1036614
8826.0	0.10359689999999999
8827.0	0.1035324
8828.0	0.1034679
8829.0	0.1034033
8830.0	0.10333865
8831.0	0.1032909
8832.0	0.1032431
8833.0	0.10320415
8834.0	0.10317165
8835.0	0.10313910000000001
8836.0	0.10310649999999999
8837.0	0.1030738
8838.0	0.10304105
8839.0	0.10300814999999999
8840.0	0.10297525
8841.0	0.10294225
8842.0	0.10290915
8843.0	0.10286580000000001
8844.0	0.10281465000000001
8845.0	0.10276350000000001
8846.0	0.1027123
8847.0	0.102661
8848.0	0.10260965
8849.0	0.10255824999999999
8850.0	0.10250680000000001
8851.0	0.1024553
8852.0	0.1024037
8853.0	0.1023075
8854.0	0.10217760000000001
8855.0	0.10204785
8856.0	0.10191805000000001
8857.0	0.10178835
8858.0	0.1016586
8859.0	0.1015289
8860.0	0.1013992
8861.0	0.10126955
8862.0	0.10113995
8863.0	0.10091575
8864.0	0.1006196
8865.0	0.10032369999999999
8866.0	0.10002805000000001
8867.0	0.099732525
8868.0	0.09943726
8869.0	0.09914217
8870.0	0.098847325
8871.0	0.09856222
8872.0	0.098277245
8873.0	0.097809585
8874.0	0.09720119499999999
8875.0	0.096593285
8876.0	0.095985865
8877.0	0.09537884499999999
8878.0	0.094772335
8879.0	0.094166265
8880.0	0.09356068000000001
8881.0	0.09294656500000001
8882.0	0.09233306
8883.0	0.09154929
8884.0	0.09063299999999999
8885.0	0.089717645
8886.0	0.08880322
8887.0	0.087889725
8888.0	0.086977165
8889.0	0.08606555499999999
8890.0	0.08515489
8891.0	0.08424516
8892.0	0.08333637499999999
8893.0	0.08219768
8894.0	0.080878595
8895.0	0.07956096
8896.0	0.07824475
8897.0	0.076929955
8898.0	0.07561661
8899.0	0.07430465
8900.0	0.07299417
8901.0	0.07168514000000001
8902.0	0.07037751
8903.0	0.06894964
8904.0	0.06742645
8905.0	0.065905005
8906.0	0.06438522499999999
8907.0	0.06286718
8908.0	0.06135083
8909.0	0.05983618
8910.0	0.058323269999999997
8911.0	0.056812075000000004
8912.0	0.05530259
8913.0	0.05386796
8914.0	0.05249386
8915.0	0.051121360000000005
8916.0	0.049750409999999995
8917.0	0.04838104
8918.0	0.04701325
8919.0	0.04564703
8920.0	0.04428241
8921.0	0.042919374999999996
8922.0	0.041557915
8923.0	0.040288635
8924.0	0.03909466
8925.0	0.037902069999999996
8926.0	0.036710895
8927.0	0.0355211
8928.0	0.03433272
8929.0	0.03314574
8930.0	0.03196016
8931.0	0.030775990000000003
8932.0	0.029593225
8933.0	0.02855382
8934.0	0.027632715
8935.0	0.02671271
8936.0	0.025793815
8937.0	0.024876005
8938.0	0.023959295
8939.0	0.023043695000000003
8940.0	0.022129205
8941.0	0.02121788
8942.0	0.02030747
8943.0	0.019545515
8944.0	0.01890698
8945.0	0.018269105
8946.0	0.01763187
8947.0	0.01699529
8948.0	0.016359365
8949.0	0.01572409
8950.0	0.015089475
8951.0	0.014454125
8952.0	0.01381954
8953.0	0.01329168
8954.0	0.012853574999999999
8955.0	0.012416015
8956.0	0.01197899
8957.0	0.0115425
8958.0	0.011106555
8959.0	0.01067115
8960.0	0.010236285
8961.0	0.0098019675
8962.0	0.009368195999999999
8963.0	0.0090067375
8964.0	0.008706819000000001
8965.0	0.0084072795
8966.0	0.00810811
8967.0	0.0078093165
8968.0	0.0075108985
8969.0	0.007212855
8970.0	0.0069151895
8971.0	0.0066179105
8972.0	0.0063210025
8973.0	0.0060797855000000005
8974.0	0.005886507
8975.0	0.0056934765
8976.0	0.0055006885
8977.0	0.005308144
8978.0	0.0051158455000000005
8979.0	0.004923791
8980.0	0.004731985
8981.0	0.004540428
8982.0	0.004349116
8983.0	0.0041908564999999995
8984.0	0.0040612735
8985.0	0.0039318565
8986.0	0.0038026055000000003
8987.0	0.0036735205
8988.0	0.0035446015000000003
8989.0	0.0034158495
8990.0	0.003287264
8991.0	0.003158846
8992.0	0.003030597
8993.0	0.002925567
8994.0	0.0028409194999999996
8995.0	0.0027563825
8996.0	0.002671955
8997.0	0.0025876375
8998.0	0.0025034295000000003
8999.0	0.0024193325000000003
9000.0	0.0023353460000000003
9001.0	0.00225134
9002.0	0.0021674545
9003.0	0.0020981899999999998
9004.0	0.00204191
9005.0	0.00198571
9006.0	0.0019295900000000001
9007.0	0.0018735515
9008.0	0.001817593
9009.0	0.0017617145
9010.0	0.001705917
9011.0	0.001650365
9012.0	0.0015948825
9013.0	0.0015437135000000001
9014.0	0.001496424
9015.0	0.0014491945000000002
9016.0	0.001402023
9017.0	0.0013549125
9018.0	0.001307861
9019.0	0.001260869
9020.0	0.0012139375
9021.0	0.0011669525
9022.0	0.001120037
9023.0	0.001085985
9024.0	0.0010636235
9025.0	0.0010412935000000002
9026.0	0.0010189955
9027.0	0.00099672975
9028.0	0.00097449655
9029.0	0.00095229525
9030.0	0.0009301263
9031.0	0.0009080482
9032.0	0.00088599935
9033.0	0.0008678748
9034.0	0.00085334525
9035.0	0.0008388351500000001
9036.0	0.0008243439500000001
9037.0	0.00080987225
9038.0	0.00079541945
9039.0	0.00078098565
9040.0	0.00076657145
9041.0	0.00075217745
9042.0	0.0007378027
9043.0	0.0007200934999999999
9044.0	0.0006992959
9045.0	0.00067852705
9046.0	0.0006577867
9047.0	0.0006370745
9048.0	0.00061639095
9049.0	0.0005957359999999999
9050.0	0.00057510945
9051.0	0.0005545124
9052.0	0.0005339438
9053.0	0.00052135735
9054.0	0.0005162538
9055.0	0.0005111569
9056.0	0.0005060665500000001
9057.0	0.0005009828
9058.0	0.00049590565
9059.0	0.0004908349
9060.0	0.00048577085
9061.0	0.0004807142
9062.0	0.00047566395
9063.0	0.0004661337
9064.0	0.0004523555
9065.0	0.00043859635
9066.0	0.00042485660000000003
9067.0	0.0004111361
9068.0	0.000397435
9069.0	0.0003837532
9070.0	0.00037009075
9071.0	0.00035644824999999996
9072.0	0.0003428252
9072.999	0.0003354886
9074.0	0.0003341579
9075.0	0.00033282975
9076.0	0.00033150300000000003
9077.0	0.0003301777
9078.001	0.00032885274999999996
9079.0	0.00032753155
9080.0	0.00032621055000000003
9081.0	0.0003249236
9082.0	0.00032363755
9083.0	0.0003204717
9084.0	0.00031548735
9085.0	0.00031050909999999997
9086.0	0.00030553674999999995
9087.0	0.0003005704
9088.0	0.00029560990000000004
9089.0	0.00029065555
9090.0	0.00028570715
9091.0	0.00028073765
9092.0	0.0002757749
9093.0	0.00027215080000000003
9094.0	0.00026983650000000003
9094.999	0.00026752745
9096.001	0.00026521475
9097.0	0.00026291179999999995
9098.0	0.00026060965
9099.0	0.00025831055
9100.0	0.0002560145
9101.0	0.0002537218
9102.0	0.00025143215000000005
9103.0	0.000249366
9103.999	0.0002475228
9105.0	0.00024567855
9106.0	0.0002438384
9107.0	0.00024200065
9108.0	0.0002401653
9109.0	0.00023833250000000002
9110.0	0.00023650195000000002
9111.0	0.00023467425000000001
9112.0	0.00023284885
9113.0	0.0002294275
9114.0	0.00022441395
9115.0	0.0002194076
9116.0	0.0002144087
9117.0	0.0002094171
9118.0	0.00020443285000000002
9119.0	0.00019945595000000002
9120.0	0.00019448645
9121.0	0.00018952455
9122.0	0.00018457
9123.0	0.00018201954999999998
9124.0	0.00018189565
9125.0	0.0001817718
9126.0	0.0001816477
9127.0	0.00018152339999999998
9128.0	0.00018139915
9129.0	0.0001812746
9130.0	0.00018115010000000002
9131.0	0.00018102565
9132.0	0.0001809011
9133.0	0.00017729015
9134.0	0.00017011855
9135.0	0.00016295795
9136.0	0.00015580839999999998
9137.001	0.00014866285
9138.0	0.0001415424
9139.0	0.000134426
9140.0	0.00012732075
9141.0	0.00012022665
9142.0	0.00011314365
9143.0	0.00011049045
9144.0	0.00011241445
9145.0	0.0001143351
9146.001	0.00011625435
9147.0	0.0001181666
9148.0	0.00012007745
9149.0	0.00012198495
9150.0	0.00012388915000000002
9151.0	0.0001257902
9152.0	0.00012768795
9153.0	0.00012907425
9153.999	0.0001299273
9155.0	0.00013078029999999999
9156.0	0.00013163085
9157.0	0.00013247980000000002
9158.0	0.00013332705
9159.001	0.00013417355
9160.0	0.0001350168
9161.0	0.0001358593
9162.0	0.00013670025
9162.999	0.0001364119
9164.0	0.0001349291
9165.0	0.00013345000000000002
9166.0	0.00013197304999999998
9167.0	0.00013049835
9168.001	0.00012902429999999998
9169.0	0.00012755539999999998
9170.0	0.00012608725000000002
9171.0	0.0001246214
9171.999	0.00012315915000000001
9173.0	0.00012160835
9174.0	0.00011996755000000001
9175.0	0.0001183292
9176.0	0.00011669330000000001
9177.001	0.00011505845
9178.0	0.0001134292
9179.0	0.00011180080000000001
9180.0	0.00011017505
9181.0	0.00010856265
9182.0	0.00010695244999999999
9183.0	0.000108546
9184.0	0.00011359624999999999
9184.999	0.00011863385
9186.001	0.00012367845
9187.0	0.0001287005
9188.0	0.0001337198
9189.0	0.00013873125
9190.0	0.00014373495000000002
9191.0	0.00014871615000000001
9192.0	0.00015368865
9193.0	0.00015461605000000002
9193.999	0.0001511327
9195.0	0.00014764824999999998
9196.0	0.0001441729
9197.0	0.00014070315
9198.0	0.0001372392
9199.0	0.0001337808
9200.0	0.0001303282
9201.0	0.00012687309999999998
9202.0	0.00012342419999999998
9203.0	0.00012139145000000001
9204.0	0.0001209154
9205.0	0.00012044
9206.0	0.00011996525
9207.0	0.00011949104999999999
9208.0	0.0001190175
9209.0	0.00011854465
9210.0	0.0001180723
9211.0	0.00011760075
9212.0	0.00011712985
9213.0	0.00011688105000000001
9214.0	0.0001168792
9215.0	0.0001168772
9216.0	0.00011687485000000001
9217.0	0.00011687224999999999
9218.0	0.0001168694
9219.0	0.0001168663
9220.0	0.00011686294999999999
9221.0	0.00011685944999999999
9222.0	0.00011685565
9223.0	0.00011516995000000001
9224.0	0.0001115906
9225.0	0.00010801794999999999
9226.0	0.00010445185
9227.0	0.00010089229999999999
9228.0	9.733941499999999e-05
9229.0	9.3793135e-05
9230.0	9.025347499999999e-05
9231.0	8.672429e-05
9232.0	8.320141e-05
9233.0	8.22753e-05
9234.0	8.4306875e-05
9235.0	8.633446000000001e-05
9236.001	8.8360085e-05
9237.0	9.037777e-05
9238.0	9.239348500000001e-05
9239.0	9.440518999999999e-05
9240.0	9.6412945e-05
9241.0	9.8416735e-05
9242.0	0.00010041665
9243.0	0.00010168275
9243.999	0.00010210659999999999
9245.0	0.00010253025
9246.0	0.0001029525
9247.0	0.00010337365
9248.0	0.00010379375000000001
9249.001	0.0001042132
9250.0	0.00010463085
9251.0	0.0001050479
9252.0	0.00010546395
9253.0	0.00010582315
9254.0	0.0001061164
9255.0	0.00010640885
9256.0	0.0001067005
9257.0	0.0001069913
9258.0	0.00010728134999999999
9259.0	0.0001075705
9260.0	0.00010785885
9261.0	0.0001081465
9261.999	0.00010843295
9263.0	0.000107855
9264.0	0.0001062599
9265.0	0.00010466760000000001
9266.0	0.0001030782
9267.001	0.00010149
9268.0	9.990775500000001e-05
9269.0	9.8326885e-05
9270.0	9.674879500000001e-05
9271.0	9.5173625e-05
9272.0	9.3601295e-05
9273.0	9.227684e-05
9274.0	9.1246685e-05
9274.999	9.021938e-05
9276.0	8.9191875e-05
9277.0	8.8167135e-05
9278.0	8.7144225e-05
9279.0	8.612305999999999e-05
9280.0	8.510376500000001e-05
9281.0	8.408633e-05
9282.0	8.307069000000001e-05
9283.0	8.3411025e-05
9283.999	8.5381355e-05
9285.0	8.7351335e-05
9286.0	8.931526e-05
9287.0	9.127496e-05
9288.0	9.3230495e-05
9289.0	9.518185e-05
9290.0	9.712904e-05
9291.0	9.907209e-05
9292.0	0.00010101095000000001
9293.0	0.00010076515
9294.0	9.7869915e-05
9295.0	9.4980295e-05
9296.0	9.209627e-05
9297.0	8.921788999999999e-05
9298.0	8.634516e-05
9299.0	8.3478025e-05
9300.0	8.0616595e-05
9301.0	7.776859999999999e-05
9302.0	7.492572e-05
9303.0	7.259663e-05
9304.0	7.089725e-05
9305.0	6.920089e-05
9306.0	6.7507505e-05
9307.0	6.581710999999999e-05
9308.0	6.41297e-05
9309.0	6.244531000000001e-05
9310.0	6.076391e-05
9311.0	5.907964e-05
9312.0	5.739872e-05
9313.0	5.7641965e-05
9314.0	6.027472e-05
9315.0	6.2901795e-05
9316.0	6.552317e-05
9317.0	6.813883e-05
9318.0	7.074883e-05
9319.0	7.335307e-05
9320.0	7.595163e-05
9321.0	7.8544505e-05
9322.0	8.113162e-05
9323.0	8.1595385e-05
9324.0	7.939152000000001e-05
9325.0	7.7192105e-05
9326.001	7.4995015e-05
9327.0	7.280666499999999e-05
9328.0	7.062068e-05
9329.0	6.8439135e-05
9330.0	6.626209e-05
9331.0	6.408957e-05
9332.0	6.192154500000001e-05
9333.0	6.158839e-05
9333.999	6.3576885e-05
9335.0	6.556478e-05
9336.0	6.754622e-05
9337.0	6.9523155e-05
9338.0	7.1495575e-05
9339.0	7.3463495e-05
9340.0	7.542689e-05
9341.0	7.738579e-05
9342.0	7.934016e-05
9342.999	7.955789999999999e-05
9344.0	7.7543895e-05
9345.0	7.5536055e-05
9346.0	7.3532425e-05
9347.0	7.1532955e-05
9348.001	6.953577999999999e-05
9349.0	6.754667499999999e-05
9350.0	6.5559825e-05
9351.0	6.357723e-05
9351.999	6.160075e-05
9353.001	6.104177e-05
9354.0	6.232343e-05
9355.0	6.3603305e-05
9355.999	6.487884e-05
9357.001	6.6155045e-05
9358.0	6.742444e-05
9359.0	6.869198e-05
9360.0	6.995649e-05
9361.0	7.1217895e-05
9362.001	7.247747e-05
9363.0	7.253331499999999e-05
9364.0	7.1014135e-05
9364.999	6.949965e-05
9366.001	6.798395500000001e-05
9367.0	6.647593500000001e-05
9368.0	6.496966e-05
9368.999	6.346809999999999e-05
9370.0	6.196685e-05
9371.001	6.046882e-05
9372.0	5.897698e-05
9373.0	5.7807725e-05
9373.999	5.7066985e-05
9375.0	5.6326325000000005e-05
9376.0	5.5587920000000005e-05
9377.0	5.4851039999999997e-05
9377.999	5.4116395e-05
9379.0	5.338187e-05
9380.001	5.2648869999999995e-05
9381.0	5.1918850000000005e-05
9382.0	5.118964e-05
9383.0	5.143352e-05
9384.0	5.298019e-05
9385.0	5.4523025e-05
9386.0	5.6062025e-05
9386.999	5.759571e-05
9388.0	5.9128550000000005e-05
9389.0	6.065603e-05
9390.0	6.2179685e-05
9391.0	6.369953499999999e-05
9392.0	6.521551e-05
9393.0	6.560639e-05
9394.0	6.447365e-05
9395.0	6.3343375e-05
9395.999	6.221671000000001e-05
9397.0	6.109032e-05
9398.0	5.996753e-05
9399.0	5.8847224999999996e-05
9400.0	5.7729410000000004e-05
9401.0	5.660816e-05
9402.0	5.5489680000000004e-05
9403.0	5.497142e-05
9404.0	5.527534e-05
9405.0	5.557827e-05
9406.0	5.588016e-05
9407.0	5.618101e-05
9408.0	5.648085e-05
9408.999	5.677939e-05
9410.0	5.7077465e-05
9411.0	5.737421e-05
9412.0	5.7669975e-05
9413.0	5.7908155e-05
9414.0	5.8066759999999995e-05
9415.0	5.8224725e-05
9416.0	5.8382045e-05
9417.0	5.8538675e-05
9417.999	5.8694495000000005e-05
9419.0	5.8849955e-05
9420.0	5.900461e-05
9421.0	5.9158615e-05
9422.0	5.9311935e-05
9423.0	5.933127e-05
9424.0	5.916344e-05
9425.0	5.8995785e-05
9426.0	5.882835e-05
9427.0	5.8661139999999996e-05
9428.0	5.8494139999999996e-05
9429.0	5.8327335e-05
9430.0	5.8160765e-05
9431.0	5.7998215e-05
9432.0	5.7835865000000004e-05
9433.0	5.80573e-05
9434.0	5.882218e-05
9435.0	5.958481e-05
9436.0	6.0345154999999996e-05
9437.0	6.1103235e-05
9438.0	6.1859035e-05
9439.0	6.2612565e-05
9440.001	6.336453e-05
9441.0	6.4112735e-05
9442.0	6.485942499999999e-05
9443.0	6.492680499999999e-05
9444.0	6.402146e-05
9445.0	6.31183e-05
9446.0	6.221732499999999e-05
9447.0	6.131849e-05
9448.0	6.0421854999999995e-05
9449.0	5.952737e-05
9450.0	5.8635075e-05
9451.0	5.7744975e-05
9452.0	5.6857014999999996e-05
9453.0	5.581981e-05
9454.0	5.4565055e-05
9455.0	5.331348e-05
9456.0	5.2065145e-05
9457.0	5.0820015e-05
9458.0	4.9578105000000006e-05
9459.0	4.8339395e-05
9460.0	4.7103919999999996e-05
9461.0	4.587168e-05
9462.001	4.4641445000000006e-05
9463.0	4.372433500000001e-05
9464.0	4.3259034999999996e-05
9465.0	4.2794854999999996e-05
9466.0	4.233177e-05
9467.0	4.1869784999999996e-05
9468.0	4.1408925e-05
9469.0	4.094915e-05
9470.0	4.0490499999999995e-05
9471.001	4.0032509999999994e-05
9472.0	3.9576535e-05
9473.0	3.9346929999999996e-05
9474.0	3.94526e-05
9475.0	3.95578e-05
9476.0	3.9662505e-05
9477.0	3.9766695e-05
9478.0	3.9870415e-05
9479.0	3.9973649999999996e-05
9480.001	4.0076485e-05
9481.0	4.0178619999999996e-05
9482.0	4.028037e-05
9483.0	4.061477e-05
9484.001	4.1298705e-05
9485.0	4.197912e-05
9486.0	4.2658025e-05
9487.0	4.333471e-05
9488.0	4.400921e-05
9489.0	4.4681509999999996e-05
9490.0	4.535162e-05
9491.0	4.6019504999999996e-05
9492.0	4.6685210000000006e-05
9493.001	4.6928205e-05
9494.0	4.6532520000000004e-05
9495.0	4.6137385e-05
9496.0	4.574318e-05
9497.0	4.5349925e-05
9498.0	4.4957605000000005e-05
9499.0	4.456623e-05
9500.0	4.4175795e-05
9501.0	4.3807310000000004e-05
9502.001	4.343909e-05
9503.0	4.1508935e-05
9504.0	3.7175769999999995e-05
9505.0	3.2851445e-05
9506.001	2.853173e-05
9507.0	2.4229285e-05
9508.0	1.9931470000000002e-05
9508.999	1.5646685e-05
9510.0	1.1362405e-05
9511.001	7.0869945e-06
9512.0	2.8287985e-06
9513.0	2.394589e-07
9513.999	2.382655e-07
9515.001	2.370705e-07
9516.0	2.3588095e-07
9517.0	2.346919e-07
9517.999	2.33506e-07
9519.0	2.3231959999999998e-07
9520.001	2.3113515e-07
9521.0	2.299547e-07
9522.0	2.2877505e-07
9522.999	2.281005e-07
9524.001	2.2821815e-07
9525.0	2.2833455e-07
9526.0	2.2845025e-07
9526.999	2.2856490000000002e-07
9528.001	2.2867899999999998e-07
9529.0	2.2879185000000001e-07
9530.0	2.28904e-07
9531.0	2.2901515e-07
9531.999	2.2912525e-07
9533.001	2.2833215e-07
9534.0	2.2611185e-07
9535.0	2.238936e-07
9535.999	2.2168165000000001e-07
9537.001	2.1946735000000001e-07
9538.0	2.172637e-07
9539.0	2.1506210000000002e-07
9540.0	2.1286470000000002e-07
9540.999	2.106734e-07
9542.001	2.084799e-07
9543.0	2.0582620000000002e-07
9544.0	2.024172e-07
9544.999	1.9901845e-07
9546.001	1.956166e-07
9547.0	1.9223175e-07
9548.0	1.8885025e-07
9548.999	1.854791e-07
9550.0	1.8210820000000002e-07
9551.001	1.787441e-07
9552.0	1.7539360000000002e-07
9553.0	1.7310285e-07
9553.999	1.7253215e-07
9555.0	1.7196115e-07
9556.0	1.7139145e-07
9557.0	1.7082244999999998e-07
9557.999	1.7025475e-07
9559.0	1.696868e-07
9560.001	1.691196e-07
9561.0	1.685542e-07
9562.0	1.6798895000000001e-07
9562.999	1.680595e-07
9564.0	1.6917735e-07
9565.0	1.702911e-07
9566.0	1.7140175e-07
9566.999	1.7250825e-07
9568.0	1.736139e-07
9569.0	1.747154e-07
9570.0	1.7581385e-07
9571.0	1.769091e-07
9572.0	1.7800129999999998e-07
9573.0	1.796785e-07
9574.0	1.8233015e-07
9575.0	1.849751e-07
9575.999	1.8761085e-07
9577.0	1.9024495e-07
9578.0	1.9286994999999998e-07
9579.0	1.9548805e-07
9580.0	1.9809959999999999e-07
9581.0	2.007043e-07
9582.0	2.033023e-07
9583.0	2.032155e-07
9584.0	1.9861390000000002e-07
9585.0	1.9402235e-07
9586.0	1.8944105e-07
9587.0	1.8486974999999998e-07
9588.0	1.8030875e-07
9588.999	1.7576225e-07
9590.0	1.7121705e-07
9591.0	1.6668625e-07
9592.0	1.621657e-07
9593.0	1.599205e-07
9594.0	1.6154645e-07
9595.0	1.6316815e-07
9596.0	1.647853e-07
9597.0	1.66398e-07
9597.999	1.680049e-07
9599.0	1.6961040000000002e-07
9600.0	1.7120994999999999e-07
9601.0	1.728164e-07
9602.0	1.7441865e-07
9603.0	1.746625e-07
9604.0	1.7257395e-07
9605.0	1.7048965e-07
9606.0	1.684095e-07
9607.0	1.663336e-07
9608.0	1.642619e-07
9609.0	1.6219450000000002e-07
9610.0	1.601312e-07
9611.0	1.5803945000000002e-07
9612.0	1.5595270000000002e-07
9613.0	1.539547e-07
9614.0	1.5210710000000002e-07
9615.0	1.5026405e-07
9616.0	1.4842545e-07
9617.0	1.4659135000000002e-07
9618.0	1.4476164999999998e-07
9619.0	1.429364e-07
9620.001	1.4111389999999998e-07
9621.0	1.393137e-07
9622.0	1.375159e-07
9623.0	1.3675965000000002e-07
9624.0	1.3783639999999999e-07
9625.0	1.3890975e-07
9626.0	1.399798e-07
9627.0	1.4104655e-07
9628.0	1.4211005000000002e-07
9629.0	1.4317015e-07
9630.0	1.4422699999999999e-07
9631.0	1.4528e-07
9632.0	1.4632969999999998e-07
9633.0	1.4622240000000002e-07
9634.0	1.4405210000000002e-07
9635.0	1.4188699999999998e-07
9636.0	1.3972700000000002e-07
9637.0	1.3757215e-07
9638.0	1.3542245e-07
9639.0	1.3327795000000001e-07
9640.0	1.311386e-07
9641.0	1.2900425000000002e-07
9642.001	1.268729e-07
9643.0	1.245332e-07
9644.0	1.218043e-07
9645.0	1.1908224999999999e-07
9646.0	1.16367e-07
9647.0	1.136585e-07
9648.0	1.109569e-07
9649.0	1.082621e-07
9650.0	1.0557410000000001e-07
9651.001	1.0289029999999999e-07
9652.0	1.00218535e-07
9653.0	9.845661000000001e-08
9654.0	9.835285500000001e-08
9655.0	9.8248985e-08
9656.0	9.814498500000001e-08
9657.0	9.804086e-08
9658.0	9.7936625e-08
9659.0	9.7832225e-08
9660.001	9.772762e-08
9661.0	9.7622985e-08
9662.0	9.7518125e-08
9663.0	9.8934895e-08
9664.001	1.0316655e-07
9665.0	1.073777e-07
9666.0	1.115809e-07
9667.0	1.157719e-07
9668.0	1.199507e-07
9669.0	1.241173e-07
9670.0	1.282718e-07
9671.0	1.324139e-07
9672.0	1.3654385e-07
9673.001	1.380777e-07
9674.0	1.3477755e-07
9675.0	1.3148295000000002e-07
9676.0	1.2819705e-07
9677.0	1.2491985e-07
9678.0	1.2165135e-07
9679.0	1.1839164999999999e-07
9680.0	1.1514070000000001e-07
9681.0	1.118983e-07
9682.001	1.086616e-07
9683.0	1.071267e-07
9684.0	1.0879415e-07
9685.0	1.1045634999999999e-07
9686.001	1.121148e-07
9687.0	1.137648e-07
9688.0	1.1541105e-07
9688.999	1.170504e-07
9690.0	1.1868770000000001e-07
9691.001	1.2031955000000002e-07
9692.0	1.219429e-07
9693.0	1.223978e-07
9693.999	1.2062259999999999e-07
9695.001	1.1884680000000001e-07
9696.0	1.1708085e-07
9697.0	1.1531775e-07
9697.999	1.13561e-07
9699.0	1.1180555e-07
9700.001	1.1005464999999999e-07
9701.0	1.083117e-07
9702.0	1.065717e-07
9702.999	1.0576195e-07
9704.001	1.067542e-07
9705.0	1.0774005e-07
9706.0	1.0872340000000001e-07
9706.999	1.0970229999999999e-07
9708.001	1.1068054999999999e-07
9709.0	1.116525e-07
9710.0	1.126219e-07
9711.0	1.135877e-07
9711.999	1.145491e-07
9713.001	1.1457460000000001e-07
9714.0	1.127697e-07
9715.0	1.1096799999999999e-07
9715.999	1.091729e-07
9717.001	1.0737745e-07
9718.0	1.055922e-07
9719.0	1.0381009999999999e-07
9720.0	1.0203295e-07
9720.999	1.00262335e-07
9722.001	9.849149e-08
9723.0	9.782905500000001e-08
9724.0	9.935314000000001e-08
9724.999	1.0087049999999999e-07
9726.001	1.0238705e-07
9727.0	1.0389395e-07
9728.0	1.0539709999999999e-07
9728.999	1.068935e-07
9730.0	1.083876e-07
9731.001	1.0987625e-07
9732.0	1.1135675e-07
9733.0	1.112017e-07
9733.999	1.0777225e-07
9735.001	1.0434304999999999e-07
9736.0	1.0093415e-07
9737.0	9.753213e-08
9737.999	9.414366999999999e-08
9739.0	9.0758855e-08
9740.001	8.738435000000001e-08
9741.0	8.402662e-08
9742.0	8.067584e-08
9742.999	7.798605e-08
9744.0	7.6623455e-08
9745.0	7.5266145e-08
9746.0	7.391278e-08
9746.999	7.256466e-08
9748.0	7.1217905e-08
9749.0	6.987638e-08
9750.0	6.853881499999999e-08
9751.0	6.720514999999999e-08
9752.0	6.5875415e-08
9753.0	6.587212000000001e-08
9754.0	6.859601e-08
9755.0	7.1310555e-08
9755.999	7.4013075e-08
9757.0	7.6711525e-08
9758.0	7.939797e-08
9759.0	8.207503499999999e-08
9760.0	8.474276999999999e-08
9761.0	8.740101e-08
9762.0	9.0049885e-08
9763.0	9.1188775e-08
9764.0	8.918679499999999e-08
9764.999	8.7192915e-08
9766.0	8.520135499999999e-08
9767.0	8.321791500000001e-08
9768.0	8.124061500000001e-08
9768.999	7.927143e-08
9770.0	7.730457500000001e-08
9771.0	7.5345725e-08
9772.0	7.339306999999999e-08
9773.0	7.3178345e-08
9774.0	7.663234000000001e-08
9775.0	8.007401e-08
9776.0	8.350337e-08
9777.0	8.692040000000001e-08
9777.999	9.0321815e-08
9779.0	9.371755e-08
9780.0	9.709764e-08
9781.0	1.0046525e-07
9782.0	1.0382055e-07
9783.0	1.0492885e-07
9784.0	1.012565e-07
9785.0	9.7596355e-08
9786.0	9.394832000000001e-08
9786.999	9.031608499999999e-08
9788.0	8.668886e-08
9789.0	8.307736e-08
9790.0	7.947807000000001e-08
9791.0	7.589085e-08
9792.0	7.231585999999999e-08
9793.0	7.0135205e-08
9794.0	7.0956115e-08
9795.0	7.1773615e-08
9796.0	7.258769499999999e-08
9797.0	7.339836500000001e-08
9798.0	7.4205615e-08
9799.0	7.500944e-08
9800.0	7.580983999999999e-08
9801.0	7.6602265e-08
9802.0	7.739116999999999e-08
9803.0	7.790742499999999e-08
9804.0	7.783005e-08
9805.0	7.77524e-08
9806.0	7.767449e-08
9807.0	7.759628e-08
9808.0	7.7517795e-08
9809.0	7.743899499999999e-08
9810.0	7.7359975e-08
9811.0	7.728050499999999e-08
9812.0	7.720078499999999e-08
9813.0	7.7069735e-08
9814.0	7.6824855e-08
9815.0	7.658034e-08
9816.0	7.6336195e-08
9817.0	7.609237999999999e-08
9818.0	7.584891e-08
9819.0	7.5605805e-08
9820.0	7.536306500000001e-08
9821.0	7.512054499999999e-08
9822.0	7.4878385e-08
9823.0	7.424114e-08
9824.0	7.271750500000001e-08
9825.0	7.1199235e-08
9826.0	6.9686415e-08
9827.0	6.8178955e-08
9828.0	6.667692000000001e-08
9829.0	6.518027e-08
9830.0	6.3689025e-08
9831.001	6.2204105e-08
9832.0	6.0727395e-08
9833.0	6.000621000000001e-08
9834.0	6.099942500000001e-08
9835.0	6.198822500000001e-08
9836.0	6.297262500000001e-08
9837.0	6.395262e-08
9838.0	6.4928185e-08
9839.0	6.589933999999999e-08
9840.001	6.686703500000001e-08
9841.0	6.782833e-08
9842.0	6.878614e-08
9843.0	6.928127e-08
9844.0	6.8715565e-08
9845.0	6.815155e-08
9846.0	6.7589245e-08
9847.0	6.702862999999999e-08
9848.0	6.64697e-08
9849.0	6.591244e-08
9850.0	6.535691e-08
9851.0	6.4802935e-08
9852.0	6.425066e-08
9853.001	6.3262665e-08
9854.0	6.126245e-08
9855.0	5.9267975e-08
9856.0	5.7281205e-08
9857.0	5.5302140000000006e-08
9858.0	5.333078e-08
9859.0	5.136713e-08
9860.0	4.9411205e-08
9861.0	4.7462915e-08
9862.001	4.5520454999999996e-08
9863.0	4.5217595e-08
9864.0	4.8761505e-08
9865.0	5.2290005e-08
9866.001	5.5806500000000004e-08
9867.0	5.930077e-08
9868.0	6.278301e-08
9868.999	6.6246445e-08
9870.0	6.9701205e-08
9871.001	7.3140395e-08
9872.0	7.6557415e-08
9873.0	7.86778e-08
9874.0	7.7709545e-08
9875.001	7.674378000000001e-08
9876.0	7.578332000000001e-08
9877.0	7.482532e-08
9877.999	7.387167000000001e-08
9879.0	7.291963499999999e-08
9880.001	7.1970965e-08
9881.0	7.102752e-08
9882.0	7.0086555e-08
9882.999	6.8644355e-08
9884.001	6.596689e-08
9885.0	6.3308435e-08
9886.0	6.0658515e-08
9886.999	5.8022325e-08
9888.001	5.5389615e-08
9889.0	5.2775780000000005e-08
9890.0	5.0170565000000003e-08
9891.0	4.7576415e-08
9891.999	4.4995994999999996e-08
9893.001	4.3182750000000003e-08
9894.0	4.3255765e-08
9895.0	4.332808e-08
9895.999	4.3399495e-08
9897.001	4.3470325e-08
9898.0	4.3540165e-08
9899.0	4.360925e-08
9900.0	4.3677545e-08
9900.999	4.3740240000000004e-08
9902.001	4.380232e-08
9903.0	4.4328870000000004e-08
9904.0	4.6016430000000005e-08
9904.999	4.7693575e-08
9906.001	4.9366865e-08
9907.0	5.1026495000000005e-08
9908.0	5.267898e-08
9908.999	5.432106e-08
9910.0	5.59576e-08
9911.001	5.7591425e-08
9912.0	5.9213625e-08
9913.0	6.02276e-08
9913.999	5.971810499999999e-08
9915.001	5.9208794999999995e-08
9916.0	5.8702775e-08
9917.0	5.819793e-08
9917.999	5.7695300000000004e-08
9919.0	5.7193439999999996e-08
9920.001	5.6693329999999996e-08
9921.0	5.6195815e-08
9922.0	5.5699519999999995e-08
9922.999	5.4845585000000004e-08
9924.0	5.306653e-08
9925.0	5.1297285e-08
9926.0	4.9536114999999995e-08
9926.999	4.778474e-08
9928.0	4.6038025e-08
9929.0	4.4301054999999995e-08
9930.0	4.2572205e-08
9931.0	4.0851355000000004e-08
9932.0	3.913861e-08
9933.0	3.799853e-08
9934.0	3.8331065e-08
9935.0	3.8661434999999994e-08
9935.999	3.898929e-08
9937.0	3.931559e-08
9938.0	3.963937e-08
9939.0	3.996098e-08
9940.0	4.0280395000000004e-08
9941.0	4.059754e-08
9942.0	4.0912495e-08
9943.0	4.108859e-08
9944.0	4.0902805e-08
9944.999	4.071755e-08
9946.0	4.053236e-08
9947.0	4.034775e-08
9948.0	4.016352e-08
9948.999	3.997986e-08
9950.0	3.9796225000000003e-08
9951.0	3.9613115e-08
9952.0	3.9430375e-08
9953.0	3.9339245e-08
9954.0	3.9490934999999995e-08
9955.0	3.9641255e-08
9956.0	3.979017e-08
9957.0	3.9937670000000004e-08
9957.999	4.0083639999999995e-08
9959.0	4.02285e-08
9960.0	4.0371834999999996e-08
9961.0	4.0513685e-08
9962.0	4.0654145e-08
9963.0	4.0327340000000004e-08
9964.0	3.87427e-08
9965.0	3.716617e-08
9966.0	3.559777e-08
9966.999	3.4039000000000005e-08
9968.0	3.248534e-08
9969.0	3.094132e-08
9970.0	2.940544e-08
9971.0	2.7877625e-08
9972.0	2.6357965000000002e-08
9973.0	2.5841260000000003e-08
9974.0	2.8055945000000002e-08
9975.0	3.0257580000000004e-08
9976.0	3.244619e-08
9977.0	3.4621719999999994e-08
9978.0	3.678424e-08
9979.0	3.8933670000000004e-08
9980.0	4.107007e-08
9981.0	4.319331e-08
9982.0	4.5303489999999996e-08
9983.0	4.6645845e-08
9984.0	4.5878045e-08
9985.0	4.511394e-08
9986.0	4.435351e-08
9987.0	4.359677e-08
9988.0	4.2843725000000005e-08
9988.999	4.2095115e-08
9990.0	4.134871e-08
9991.0	4.060665e-08
9992.0	3.9868285e-08
9993.0	3.903023e-08
9994.0	3.790425e-08
9995.0	3.678436e-08
9996.0	3.5670585e-08
9997.0	3.456289e-08
9998.0	3.3461305000000006e-08
9999.0	3.2365815000000004e-08
10000.0	3.127644e-08
10001.0	3.0216175000000004e-08
10002.0	2.916053e-08
10003.0	2.8533500000000002e-08
10004.0	2.9120639999999998e-08
10005.0	2.9704705000000002e-08
10006.0	3.0285685e-08
10007.0	3.086359e-08
10008.0	3.1438419999999995e-08
10009.0	3.201017e-08
10010.0	3.257885e-08
10011.0	3.3144944999999996e-08
10012.0	3.3706855e-08
10013.0	3.3766325e-08
10014.0	3.2374695e-08
10015.0	3.0989375e-08
10016.0	2.961039e-08
10017.0	2.8237725e-08
10018.0	2.6871385e-08
10019.0	2.5511359999999998e-08
10020.0	2.4156325000000002e-08
10021.0	2.281023e-08
10022.0	2.1469139999999997e-08
10023.0	2.0699185000000002e-08
10024.0	2.1596935e-08
10025.0	2.249001e-08
10026.0	2.3378385e-08
10027.0	2.426208e-08
10028.0	2.514108e-08
10029.0	2.601539e-08
10030.0	2.6885025e-08
10031.0	2.7746915e-08
10032.0	2.860392e-08
10033.0	2.9195605000000002e-08
10034.0	2.900539e-08
10035.0	2.8815634999999998e-08
10036.0	2.8626474999999997e-08
10037.0	2.843794e-08
10038.0	2.825001e-08
10039.0	2.8062705e-08
10040.0	2.787602e-08
10041.0	2.7692914999999998e-08
10042.0	2.7510205000000002e-08
10043.0	2.7421065000000002e-08
10044.0	2.7611935e-08
10045.0	2.780146e-08
10046.0	2.798961e-08
10047.0	2.817641e-08
10048.0	2.836184e-08
10049.0	2.8545735e-08
10050.0	2.872863e-08
10051.0	2.8910119999999997e-08
10052.0	2.9089895e-08
10053.0	2.906505e-08
10054.0	2.8415125e-08
10055.0	2.7767630000000002e-08
10056.0	2.712446e-08
10057.0	2.648371e-08
10058.0	2.5846655e-08
10059.0	2.5211415e-08
10060.0	2.4579245e-08
10061.0	2.395133e-08
10062.0	2.3325865e-08
10063.0	2.277908e-08
10064.0	2.246908e-08
10065.0	2.216135e-08
10066.0	2.185467e-08
10067.0	2.154965e-08
10068.0	2.124539e-08
10069.0	2.0942785e-08
10070.0	2.064155e-08
10071.0	2.0341635e-08
10072.0	2.0043379999999998e-08
10073.0	2.0159000000000002e-08
10074.0	2.1569675e-08
10075.0	2.2973435e-08
10076.0	2.436755e-08
10077.0	2.5757455e-08
10078.0	2.713499e-08
10079.0	2.850561e-08
10080.0	2.986794e-08
10081.0	3.1220605e-08
10082.0	3.256895e-08
10083.0	3.3421795e-08
10084.0	3.2721765e-08
10085.0	3.2025929999999996e-08
10086.0	3.1331575e-08
10087.0	3.064274e-08
10088.0	2.9956755e-08
10089.0	2.9274934999999998e-08
10090.0	2.8595305e-08
10091.0	2.7919145e-08
10092.0	2.72478e-08
10093.0	2.6642325000000002e-08
10094.0	2.624552e-08
10095.0	2.5849465e-08
10096.0	2.5456475e-08
10097.0	2.506501e-08
10098.0	2.4675825e-08
10099.0	2.428778e-08
10100.0	2.3901645e-08
10101.0	2.351814e-08
10102.0	2.3136165e-08
10103.0	2.2914505e-08
10104.0	2.321981e-08
10105.0	2.352251e-08
10106.0	2.3822905e-08
10107.0	2.41207e-08
10108.0	2.441676e-08
10109.0	2.4710219999999998e-08
10110.0	2.5001385e-08
10111.0	2.5290195000000003e-08
10112.0	2.55767e-08
10113.0	2.5664720000000002e-08
10114.0	2.509152e-08
10115.0	2.452146e-08
10116.0	2.395508e-08
10117.0	2.3390725000000002e-08
10118.0	2.2830064999999998e-08
10119.0	2.227253e-08
10120.0	2.1718125e-08
10121.0	2.116451e-08
10122.0	2.0614135e-08
10123.0	2.0140279999999997e-08
10124.0	1.991983e-08
10125.0	1.9700635e-08
10126.0	1.948208e-08
10127.0	1.9264785000000002e-08
10128.0	1.904854e-08
10129.0	1.8833345e-08
10130.0	1.86192e-08
10131.0	1.84081e-08
10132.0	1.8198005e-08
10133.0	1.8041195000000002e-08
10134.0	1.806691e-08
10135.0	1.8092055000000002e-08
10136.0	1.8116585e-08
10137.0	1.8140560000000002e-08
10138.0	1.8163915e-08
10139.0	1.8186730000000003e-08
10140.0	1.820895e-08
10141.0	1.823054e-08
10142.0	1.825157e-08
10143.0	1.8372195e-08
10144.0	1.8844055e-08
10145.0	1.931216e-08
10146.0	1.9776505e-08
10147.0	2.0236635e-08
10148.0	2.06939e-08
10149.0	2.1146965e-08
10150.0	2.159627e-08
10151.0	2.204179e-08
10152.0	2.248355e-08
10153.0	2.2574165e-08
10154.0	2.1420265e-08
10155.0	2.027419e-08
10156.0	1.9135909999999998e-08
10157.0	1.800545e-08
10158.0	1.688279e-08
10159.0	1.5767925e-08
10160.0	1.4660875e-08
10161.0	1.3561595e-08
10162.0	1.2470124999999999e-08
10163.0	1.174607e-08
10164.0	1.233638e-08
10165.0	1.29219e-08
10166.0	1.3502635000000001e-08
10167.0	1.4078595e-08
10168.0	1.464977e-08
10169.0	1.521671e-08
10170.0	1.577777e-08
10171.0	1.6334564999999997e-08
10172.0	1.688658e-08
10173.0	1.74741e-08
10174.0	1.8205689999999998e-08
10175.0	1.893102e-08
10176.0	1.965009e-08
10177.0	2.0362895e-08
10178.0	2.1069445e-08
10179.0	2.1769725e-08
10180.0	2.2463745e-08
10181.0	2.3151485e-08
10182.0	2.383296e-08
10183.0	2.4148785e-08
10184.0	2.311441e-08
10185.0	2.2087674999999998e-08
10186.0	2.1068595e-08
10187.0	2.0057145e-08
10188.0	1.9053345e-08
10189.0	1.8057175e-08
10190.0	1.706865e-08
10191.0	1.6086785e-08
10192.0	1.5114464999999998e-08
10193.0	1.427686e-08
10194.0	1.3934075e-08
10195.0	1.3593685000000001e-08
10196.0	1.325571e-08
10197.0	1.2920125e-08
10198.0	1.2586955000000001e-08
10199.0	1.225618e-08
10200.0	1.192751e-08
10201.0	1.1620965e-08
10202.0	1.131562e-08
10203.0	1.1243485e-08
10204.0	1.207265e-08
10205.0	1.2897105e-08
10206.0	1.3716855e-08
10207.0	1.4531895e-08
10208.0	1.534224e-08
10209.0	1.6148664999999997e-08
10210.0	1.694883e-08
10211.0	1.774703e-08
10212.0	1.854071e-08
10213.0	1.9172175e-08
10214.0	1.9179175000000002e-08
10215.0	1.9185875e-08
10216.0	1.9192265e-08
10217.0	1.9198335000000002e-08
10218.0	1.9204100000000003e-08
10219.0	1.9209545000000002e-08
10220.0	1.9214685e-08
10221.0	1.921949e-08
10222.0	1.922398e-08
10223.0	1.9165235e-08
10224.0	1.885435e-08
10225.0	1.8544895e-08
10226.0	1.8236875e-08
10227.0	1.7930290000000002e-08
10228.0	1.7625145e-08
10229.0	1.7321435e-08
10230.0	1.701916e-08
10231.0	1.6718005000000003e-08
10232.0	1.6418875e-08
10233.0	1.619986e-08
10234.0	1.6304260000000002e-08
10235.0	1.6407915e-08
10236.0	1.6510509999999997e-08
10237.0	1.6612350000000003e-08
10238.0	1.6713235e-08
10239.0	1.6813469999999997e-08
10240.0	1.6912855e-08
10241.0	1.7011165000000002e-08
10242.0	1.710872e-08
10243.0	1.71236e-08
10244.0	1.67955e-08
10245.0	1.6469989999999998e-08
10246.0	1.61458e-08
10247.0	1.5823555e-08
10248.0	1.5502315e-08
10249.0	1.5182705e-08
10250.0	1.4865355e-08
10251.0	1.4549315000000001e-08
10252.0	1.4235199999999999e-08
10253.0	1.3975314999999999e-08
10254.0	1.3941335e-08
10255.0	1.3907275e-08
10256.0	1.3873195e-08
10257.0	1.383898e-08
10258.0	1.380482e-08
10259.0	1.3770575e-08
10260.0	1.3736300000000001e-08
10261.0	1.3701985e-08
10262.0	1.366753e-08
10263.0	1.3650460000000001e-08
10264.0	1.370755e-08
10265.0	1.3763975e-08
10266.0	1.381996e-08
10267.0	1.387515e-08
10268.0	1.3929795e-08
10269.0	1.398381e-08
10270.0	1.403717e-08
10271.0	1.4088480000000001e-08
10272.0	1.413901e-08
10273.0	1.4172335e-08
10274.0	1.4131955e-08
10275.0	1.409143e-08
10276.0	1.4050995e-08
10277.0	1.401049e-08
10278.0	1.3969995e-08
10279.0	1.39294e-08
10280.0	1.3888769999999999e-08
10281.0	1.3849725e-08
10282.0	1.3810605e-08
10283.0	1.374938e-08
10284.0	1.3588805e-08
10285.0	1.3429155e-08
10286.0	1.3270275e-08
10287.0	1.3112315e-08
10288.0	1.295481e-08
10289.0	1.2798075e-08
10290.0	1.2642415e-08
10291.0	1.2487354999999999e-08
10292.0	1.2333215e-08
10293.0	1.2167724999999999e-08
10294.0	1.1949460000000001e-08
10295.0	1.1732414999999999e-08
10296.0	1.1516789999999999e-08
10297.0	1.1301965e-08
10298.0	1.1088565000000001e-08
10299.0	1.087638e-08
10300.0	1.066541e-08
10301.0	1.045564e-08
10302.0	1.024709e-08
10303.0	1.0119270500000001e-08
10304.0	1.0361154999999999e-08
10305.0	1.060086e-08
10306.0	1.0839055e-08
10307.0	1.1075060000000001e-08
10308.0	1.1309100000000001e-08
10309.0	1.154118e-08
10310.0	1.1771305000000001e-08
10311.0	1.199944e-08
10312.0	1.222563e-08
10313.0	1.242946e-08
10314.0	1.253491e-08
10315.0	1.263926e-08
10316.0	1.2742505e-08
10317.0	1.2844650000000001e-08
10318.0	1.294559e-08
10319.0	1.3045635e-08
10320.0	1.314447e-08
10321.0	1.3242200000000001e-08
10322.0	1.3338815e-08
10323.0	1.3389015e-08
10324.0	1.322089e-08
10325.0	1.305366e-08
10326.0	1.288733e-08
10327.0	1.2722059999999999e-08
10328.0	1.255736e-08
10329.0	1.2393725e-08
10330.0	1.2230999999999999e-08
10331.0	1.2069155e-08
10332.0	1.1908204999999999e-08
10333.0	1.1765935e-08
10334.0	1.171152e-08
10335.0	1.165719e-08
10336.0	1.1602905000000001e-08
10337.0	1.1548705e-08
10338.0	1.1494575000000002e-08
10339.0	1.1440509999999999e-08
10340.0	1.138652e-08
10341.0	1.133131e-08
10342.0	1.1276185e-08
10343.0	1.120223e-08
10344.0	1.103394e-08
10345.0	1.0866685e-08
10346.0	1.070047e-08
10347.0	1.053529e-08
10348.0	1.0371155e-08
10349.0	1.0207889999999999e-08
10350.0	1.0045981499999998e-08
10351.0	9.886061e-09
10352.0	9.727141499999999e-09
10353.0	9.627888500000001e-09
10354.0	9.826789000000001e-09
10355.0	1.002364e-08
10356.0	1.0218444999999999e-08
10357.0	1.04112e-08
10358.0	1.0601915e-08
10359.0	1.0790565e-08
10360.0	1.097718e-08
10361.0	1.1161725e-08
10362.0	1.1344235e-08
10363.0	1.1431565e-08
10364.0	1.1034975000000001e-08
10365.0	1.064149e-08
10366.0	1.0251095e-08
10367.0	9.863794e-09
10368.0	9.479596e-09
10369.0	9.098485e-09
10370.0	8.7204705e-09
10371.0	8.345175500000001e-09
10372.0	7.973702e-09
10373.0	7.7030575e-09
10374.0	7.9541415e-09
10375.0	8.2025575e-09
10376.0	8.4482965e-09
10377.0	8.691356e-09
10378.0	8.931744000000001e-09
10379.0	9.169457000000001e-09
10380.0	9.4047235e-09
10381.0	9.636858e-09
10382.0	9.866549e-09
10383.0	1.000745e-08
10384.0	9.683761500000001e-09
10385.0	9.3627685e-09
10386.0	9.044475499999999e-09
10387.0	8.7288765e-09
10388.0	8.415975e-09
10389.0	8.105468500000001e-09
10390.0	7.7982625e-09
10391.0	7.4934395e-09
10392.0	7.191314e-09
10393.0	6.9530025e-09
10394.0	7.051831e-09
10395.0	7.149375500000001e-09
10396.0	7.2455435e-09
10397.0	7.3403315e-09
10398.0	7.433747000000001e-09
10399.0	7.525782e-09
10400.0	7.616442e-09
10401.0	7.724913e-09
10402.0	7.832759e-09
10403.0	7.9119875e-09
10404.0	7.8348185e-09
10405.0	7.757968e-09
10406.0	7.681438999999999e-09
10407.0	7.605227499999999e-09
10408.0	7.5293365e-09
10409.0	7.453761e-09
10410.0	7.3785095e-09
10411.0	7.3043285e-09
10412.0	7.2305945e-09
10413.0	7.1506875e-09
10414.0	7.034214e-09
10415.0	6.9181695000000006e-09
10416.0	6.8028995e-09
10417.0	6.6880585000000005e-09
10418.0	6.573873e-09
10419.0	6.460014000000001e-09
10420.0	6.3466985e-09
10421.0	6.234142e-09
10422.0	6.1220205e-09
10423.0	6.0209195e-09
10424.0	5.9817885e-09
10425.0	5.9429010000000005e-09
10426.0	5.9041015e-09
10427.0	5.86547e-09
10428.0	5.8268895e-09
10429.0	5.788437500000001e-09
10430.0	5.7501875000000004e-09
10431.0	5.7120245e-09
10432.0	5.6740265e-09
10433.0	5.6335210000000005e-09
10434.0	5.578145e-09
10435.0	5.5229515e-09
10436.0	5.4680409999999996e-09
10437.0	5.413202e-09
10438.0	5.358757e-09
10439.0	5.304491e-09
10440.0	5.2504575e-09
10441.0	5.196704e-09
10442.0	5.143029e-09
10443.0	5.1205595e-09
10444.0	5.2889205e-09
10445.0	5.455997e-09
10446.0	5.622439e-09
10447.0	5.7872709999999995e-09
10448.0	5.9511405e-09
10449.0	6.1138885e-09
10450.0	6.2753575e-09
10451.0	6.435435e-09
10452.0	6.593885499999999e-09
10453.0	6.7386985e-09
10454.0	6.802849e-09
10455.0	6.8666295000000006e-09
10456.0	6.9296705e-09
10457.0	6.9922194999999995e-09
10458.0	7.054152e-09
10459.0	7.1156539999999995e-09
10460.0	7.1766010000000005e-09
10461.0	7.237702e-09
10462.0	7.298323999999999e-09
10463.0	7.345587500000001e-09
10464.0	7.3093345e-09
10465.0	7.273272e-09
10466.0	7.237255e-09
10467.0	7.20136e-09
10468.0	7.1654759999999995e-09
10469.0	7.1296800000000006e-09
10470.0	7.094035e-09
10471.0	7.0584355e-09
10472.0	7.0229565000000004e-09
10473.0	6.981349e-09
10474.0	6.8992415e-09
10475.0	6.817529e-09
10476.0	6.7362944999999995e-09
10477.0	6.655299e-09
10478.0	6.5747795e-09
10479.0	6.494659e-09
10480.0	6.4149375e-09
10481.0	6.3356065e-09
10482.0	6.2566725e-09
10483.0	6.190149e-09
10484.0	6.2055335e-09
10485.0	6.220652e-09
10486.0	6.235548e-09
10487.0	6.250177e-09
10488.0	6.264559e-09
10489.0	6.278682000000001e-09
10490.0	6.292562e-09
10491.0	6.3061835e-09
10492.0	6.3195535e-09
10493.0	6.299929000000001e-09
10494.0	6.0541435e-09
10495.0	5.8094865e-09
10496.0	5.5666735e-09
10497.0	5.3254655e-09
10498.0	5.0860965e-09
10499.0	4.8478645e-09
10500.0	4.6114715000000005e-09
10501.0	4.376175e-09
10502.0	4.1425360000000004e-09
10503.0	3.9573535e-09
10504.0	4.1057315e-09
10505.0	4.2528645e-09
10506.0	4.3987539999999996e-09
10507.0	4.5432565000000004e-09
10508.0	4.6867975e-09
10509.0	4.828954e-09
10510.0	4.969871e-09
10511.0	5.1101309999999995e-09
10512.0	5.2491845000000005e-09
10513.0	5.357455000000001e-09
10514.0	5.248962e-09
10515.0	5.141149e-09
10516.0	5.0341195e-09
10517.0	4.927561e-09
10518.0	4.821787e-09
10519.0	4.7166935e-09
10520.0	4.6122805e-09
10521.0	4.5085439999999994e-09
10522.0	4.405484e-09
10523.0	4.319085e-09
10524.0	4.3520115e-09
10525.0	4.3845405e-09
10526.0	4.4166705e-09
10527.0	4.4484025000000004e-09
10528.0	4.4797354999999995e-09
10529.0	4.510671e-09
10530.0	4.541211e-09
10531.0	4.5713495e-09
10532.0	4.6010920000000005e-09
10533.0	4.6079425000000005e-09
10534.0	4.4425675e-09
10535.0	4.278415e-09
10536.0	4.1154775e-09
10537.0	3.9537615e-09
10538.0	3.793265e-09
10539.0	3.633985e-09
10540.0	3.4759264999999997e-09
10541.0	3.3190805e-09
10542.0	3.1634559999999997e-09
10543.0	3.048257e-09
10544.0	3.242532e-09
10545.0	3.435013e-09
10546.0	3.625698e-09
10547.0	3.814589e-09
10548.0	4.001688e-09
10549.0	4.1869905e-09
10550.0	4.3705025e-09
10551.0	4.5516935e-09
10552.0	4.7310495e-09
10553.0	4.8720315e-09
10554.0	4.7153365e-09
10555.0	4.5598919999999995e-09
10556.0	4.4057e-09
10557.0	4.252762e-09
10558.0	4.1010750000000005e-09
10559.0	3.950636e-09
10560.0	3.801302999999999e-09
10561.0	3.6539305e-09
10562.0	3.507629e-09
10563.0	3.3776955000000003e-09
10564.0	3.3741475e-09
10565.0	3.3704870000000003e-09
10566.0	3.366711e-09
10567.0	3.362822e-09
10568.0	3.358819e-09
10569.0	3.3546975e-09
10570.0	3.350471e-09
10571.0	3.3461235e-09
10572.0	3.341662e-09
10573.0	3.3406555e-09
10574.0	3.3699365e-09
10575.0	3.398797e-09
10576.0	3.427206e-09
10577.0	3.4551644999999997e-09
10578.0	3.482672e-09
10579.0	3.5097285e-09
10580.0	3.5363359999999998e-09
10581.0	3.562492e-09
10582.0	3.588223e-09
10583.0	3.616997e-09
10584.0	3.6768180000000003e-09
10585.0	3.735824e-09
10586.0	3.794018e-09
10587.0	3.8513954999999996e-09
10588.0	3.9079605e-09
10589.0	3.9637105e-09
10590.0	4.0186495e-09
10591.0	4.072826e-09
10592.0	4.1260845000000005e-09
10593.0	4.1578485e-09
10594.0	4.0005795e-09
10595.0	3.844637499999999e-09
10596.0	3.6904785e-09
10597.0	3.537644e-09
10598.0	3.3864365e-09
10599.0	3.236411e-09
10600.0	3.0878765e-09
10601.0	2.9506695e-09
10602.0	2.813961e-09
10603.0	2.701858e-09
10604.0	2.8176355e-09
10605.0	2.9324815e-09
10606.0	3.0468465e-09
10607.0	3.1605075e-09
10608.0	3.273798e-09
10609.0	3.386494e-09
10610.0	3.4983785e-09
10611.0	3.6102024999999998e-09
10612.0	3.7213549999999997e-09
10613.0	3.815223e-09
10614.0	3.7441105e-09
10615.0	3.6732249999999998e-09
10616.0	3.602707e-09
10617.0	3.532278e-09
10618.0	3.462352e-09
10619.0	3.3926534999999997e-09
10620.0	3.3232520000000003e-09
10621.0	3.2542145e-09
10622.0	3.18527e-09
10623.0	3.1272215e-09
10624.0	3.174419e-09
10625.0	3.2213069999999998e-09
10626.0	3.2680669999999997e-09
10627.0	3.314426e-09
10628.0	3.3605655e-09
10629.0	3.4064405e-09
10630.0	3.452007e-09
10631.0	3.4974425e-09
10632.0	3.54248e-09
10633.0	3.575195e-09
10634.0	3.4825040000000004e-09
10635.0	3.3899615000000002e-09
10636.0	3.2981079999999997e-09
10637.0	3.206584e-09
10638.0	3.1155645e-09
10639.0	3.0247865e-09
10640.0	2.9344285e-09
10641.0	2.84433e-09
10642.0	2.7545824999999998e-09
10643.0	2.66625e-09
10644.0	2.5877905e-09
10645.0	2.509944e-09
10646.0	2.4324015e-09
10647.0	2.3553165000000002e-09
10648.0	2.278462e-09
10649.0	2.201989e-09
10650.0	2.126046e-09
10651.0	2.0506499999999997e-09
10652.0	1.975689e-09
10653.0	1.9219015e-09
10654.0	2.102332e-09
10655.0	2.2817985e-09
10656.0	2.460124e-09
10657.0	2.6378345e-09
10658.0	2.8144055e-09
10659.0	2.9900124999999997e-09
10660.0	3.1646555e-09
10661.0	3.3383335000000003e-09
10662.0	3.5110495e-09
10663.0	3.656655e-09
10664.0	3.501855e-09
10665.0	3.3479825e-09
10666.0	3.1945869999999997e-09
10667.0	3.0421155e-09
10668.0	2.8904215e-09
10669.0	2.7395034999999998e-09
10670.0	2.589361e-09
10671.0	2.4399919999999998e-09
10672.0	2.291398e-09
10673.0	2.164307e-09
10674.0	2.285015e-09
10675.0	2.405265e-09
10676.0	2.524706e-09
10677.0	2.643453e-09
10678.0	2.7613935e-09
10679.0	2.8788715e-09
10680.0	2.9955424999999997e-09
10681.0	3.111521e-09
10682.0	3.2268075e-09
10683.0	3.322121e-09
10684.0	3.1770064999999997e-09
10685.0	3.0326555e-09
10686.0	2.889069e-09
10687.0	2.7463870000000004e-09
10688.0	2.604191e-09
10689.0	2.4628975e-09
10690.0	2.3223685e-09
10691.0	2.1823455000000002e-09
10692.0	2.0431185000000002e-09
10693.0	1.919123e-09
10694.0	1.983322e-09
10695.0	2.0471054999999998e-09
10696.0	2.110409e-09
10697.0	2.1734174999999997e-09
10698.0	2.235948e-09
10699.0	2.298062e-09
10700.0	2.3597590000000002e-09
10701.0	2.4213255e-09
10702.0	2.4824905e-09
10703.0	2.5415455e-09
10704.0	2.5773275e-09
10705.0	2.612855e-09
10706.0	2.648126e-09
10707.0	2.683144e-09
10708.0	2.7179050000000002e-09
10709.0	2.7524104999999998e-09
10710.0	2.7866629999999997e-09
10711.0	2.8206585e-09
10712.0	2.854401e-09
10713.0	2.8844225e-09
10714.0	2.865643e-09
10715.0	2.8469275e-09
10716.0	2.8282745e-09
10717.0	2.8096835e-09
10718.0	2.7911720000000002e-09
10719.0	2.772689e-09
10720.0	2.754286e-09
10721.0	2.7359455e-09
10722.0	2.717667e-09
10723.0	2.698744e-09
10724.0	2.6694740000000003e-09
10725.0	2.640336e-09
10726.0	2.6113295e-09
10727.0	2.582456e-09
10728.0	2.5537125000000002e-09
10729.0	2.525104e-09
10730.0	2.4966279999999997e-09
10731.0	2.467989e-09
10732.0	2.4394895e-09
10733.0	2.4115385e-09
10734.0	2.3900529999999997e-09
10735.0	2.3686625e-09
10736.0	2.347362e-09
10737.0	2.3261575e-09
10738.0	2.3050445e-09
10739.0	2.2840245e-09
10740.0	2.263078e-09
10741.0	2.242533e-09
10742.0	2.2220555e-09
10743.0	2.2018234999999996e-09
10744.0	2.184254e-09
10745.0	2.166754e-09
10746.0	2.149323e-09
10747.0	2.131962e-09
10748.0	2.114671e-09
10749.0	2.097433e-09
10750.0	2.0802985000000003e-09
10751.0	2.0632169999999997e-09
10752.0	2.0462055e-09
10753.0	2.031174e-09
10754.0	2.049117e-09
10755.0	2.0668889999999998e-09
10756.0	2.084491e-09
10757.0	2.101923e-09
10758.0	2.1191845e-09
10759.0	2.136275e-09
10760.0	2.1531965e-09
10761.0	2.1699470000000002e-09
10762.0	2.186545e-09
10763.0	2.200405e-09
10764.0	2.1678505000000003e-09
10765.0	2.135475e-09
10766.0	2.103276e-09
10767.0	2.0712555e-09
10768.0	2.0394135e-09
10769.0	2.007747e-09
10770.0	1.976259e-09
10771.0	1.944685e-09
10772.0	1.9133565e-09
10773.0	1.8826945e-09
10774.0	1.8619105e-09
10775.0	1.8412355e-09
10776.0	1.8206654999999999e-09
10777.0	1.800203e-09
10778.0	1.7798665e-09
10779.0	1.7595965e-09
10780.0	1.7394345e-09
10781.0	1.7196245e-09
10782.0	1.6998965e-09
10783.0	1.6799935e-09
10784.0	1.6545575e-09
10785.0	1.629317e-09
10786.0	1.604199e-09
10787.0	1.579251e-09
10788.0	1.5544015e-09
10789.0	1.529698e-09
10790.0	1.5051895e-09
10791.0	1.480803e-09
10792.0	1.4565865e-09
10793.0	1.4338895000000001e-09
10794.0	1.441941e-09
10795.0	1.449892e-09
10796.0	1.4577275000000001e-09
10797.0	1.4654789999999999e-09
10798.0	1.4730995e-09
10799.0	1.48062e-09
10800.0	1.488034e-09
10801.0	1.4967865e-09
10802.0	1.505483e-09
10803.0	1.5145775e-09
10804.0	1.5350875e-09
10805.0	1.5554215e-09
10806.0	1.575658e-09
10807.0	1.5956785e-09
10808.0	1.6155629999999999e-09
10809.0	1.6352905e-09
10810.0	1.6548430000000002e-09
10811.0	1.6740945000000001e-09
10812.0	1.6931295e-09
10813.0	1.7110025e-09
10814.0	1.7037325e-09
10815.0	1.696454e-09
10816.0	1.6892095e-09
10817.0	1.6819715e-09
10818.0	1.674753e-09
10819.0	1.6675345e-09
10820.0	1.660327e-09
10821.0	1.653347e-09
10822.0	1.6463715e-09
10823.0	1.6394795e-09
10824.0	1.6343705e-09
10825.0	1.629276e-09
10826.0	1.624174e-09
10827.0	1.6190775e-09
10828.0	1.6139684999999999e-09
10829.0	1.6088589999999999e-09
10830.0	1.603758e-09
10831.0	1.5986525e-09
10832.0	1.5935500000000001e-09
10833.0	1.588874e-09
10834.0	1.5968945e-09
10835.0	1.6048245e-09
10836.0	1.6126550000000002e-09
10837.0	1.620411e-09
10838.0	1.6280675000000002e-09
10839.0	1.635633e-09
10840.0	1.6431085e-09
10841.0	1.6502945e-09
10842.0	1.657388e-09
10843.0	1.662744e-09
10844.0	1.617233e-09
10845.0	1.572057e-09
10846.0	1.5270845e-09
10847.0	1.4824465000000001e-09
10848.0	1.4381e-09
10849.0	1.394042e-09
10850.0	1.350275e-09
10851.0	1.3069575e-09
10852.0	1.2639185e-09
10853.0	1.223582e-09
10854.0	1.2662864999999999e-09
10855.0	1.308729e-09
10856.0	1.3507854999999999e-09
10857.0	1.3924975e-09
10858.0	1.433825e-09
10859.0	1.474889e-09
10860.0	1.515569e-09
10861.0	1.5559045e-09
10862.0	1.5958975e-09
10863.0	1.6335559999999999e-09
10864.0	1.5947835e-09
10865.0	1.5562605e-09
10866.0	1.517984e-09
10867.0	1.4799945000000002e-09
10868.0	1.4421779999999999e-09
10869.0	1.404646e-09
10870.0	1.367363e-09
10871.0	1.3303285e-09
10872.0	1.293541e-09
10873.0	1.2580200000000002e-09
10874.0	1.2649685e-09
10875.0	1.2718245e-09
10876.0	1.278582e-09
10877.0	1.28526e-09
10878.0	1.2918395e-09
10879.0	1.2983255e-09
10880.0	1.3047205000000002e-09
10881.0	1.3108635e-09
10882.0	1.3169135e-09
10883.0	1.323214e-09
10884.0	1.3466905e-09
10885.0	1.3699250000000001e-09
10886.0	1.3929175e-09
10887.0	1.4156680000000001e-09
10888.0	1.4381785e-09
10889.0	1.4604474999999999e-09
10890.0	1.482475e-09
10891.0	1.5044465e-09
10892.0	1.526182e-09
10893.0	1.546867e-09
10894.0	1.519155e-09
10895.0	1.4916239999999999e-09
10896.0	1.4642745e-09
10897.0	1.4371055e-09
10898.0	1.4100915000000001e-09
10899.0	1.3833110000000002e-09
10900.0	1.3566849999999998e-09
10901.0	1.3302400000000002e-09
10902.0	1.3039765e-09
10903.0	1.2788195e-09
10904.0	1.320393e-09
10905.0	1.3615505e-09
10906.0	1.40229e-09
10907.0	1.4426135e-09
10908.0	1.48252e-09
10909.0	1.5220095e-09
10910.0	1.561084e-09
10911.0	1.599742e-09
10912.0	1.6379845e-09
10913.0	1.674381e-09
10914.0	1.590455e-09
10915.0	1.5072345000000002e-09
10916.0	1.42472e-09
10917.0	1.3429115e-09
10918.0	1.2618085000000002e-09
10919.0	1.1814109999999999e-09
10920.0	1.1016415e-09
10921.0	1.022607e-09
10922.0	9.442186999999999e-10
10923.0	8.6725035e-10
10924.0	8.690662e-10
10925.0	8.7082295e-10
10926.0	8.725214e-10
10927.0	8.741609999999999e-10
10928.0	8.757417500000001e-10
10929.0	8.772657999999999e-10
10930.0	8.7872845e-10
10931.0	8.8024255e-10
10932.0	8.816985499999999e-10
10933.0	8.8305975e-10
10934.0	8.781229e-10
10935.0	8.7319235e-10
10936.0	8.682666999999999e-10
10937.0	8.633472000000001e-10
10938.0	8.584285e-10
10939.0	8.535247e-10
10940.0	8.486225e-10
10941.0	8.4372595e-10
10942.0	8.388307499999999e-10
10943.0	8.3390745e-10
10944.0	8.181251e-10
10945.0	8.024647e-10
10946.0	7.8692585e-10
10947.0	7.7150925e-10
10948.0	7.562147e-10
10949.0	7.4104155e-10
10950.0	7.259904e-10
10951.0	7.109595e-10
10952.0	6.960830000000001e-10
10953.0	6.813598e-10
10954.0	7.10193e-10
10955.0	7.3865195e-10
10956.0	7.667365e-10
10957.0	7.9444725e-10
10958.0	8.2178475e-10
10959.0	8.4874815e-10
10960.0	8.7536455e-10
10961.0	9.016675e-10
10962.0	9.276308e-10
10963.0	9.532278e-10
10964.0	9.3223275e-10
10965.0	9.113722e-10
10966.0	8.9067545e-10
10967.0	8.701836e-10
10968.0	8.4983595e-10
10969.0	8.296731e-10
10970.0	8.0973375e-10
10971.0	7.899592e-10
10972.0	7.703880500000001e-10
10973.0	7.509441e-10
10974.0	7.547612e-10
10975.0	7.5856535e-10
10976.0	7.622581e-10
10977.0	7.658501e-10
10978.0	7.693341e-10
10979.0	7.727035499999999e-10
10980.0	7.759688e-10
10981.0	7.7902755e-10
10982.0	7.819866500000001e-10
10983.0	7.84829e-10
10984.0	7.749487e-10
10985.0	7.6505635e-10
10986.0	7.5520055e-10
10987.0	7.454393e-10
10988.0	7.357337e-10
10989.0	7.2609345e-10
10990.0	7.1652835e-10
10991.0	7.070743500000001e-10
10992.0	6.977111e-10
10993.0	6.8840245e-10
10994.0	6.778708e-10
10995.0	6.6737765e-10
10996.0	6.569973999999999e-10
10997.0	6.46689e-10
10998.0	6.364628e-10
10999.0	6.263286e-10
11000.0	6.162485e-10
11001.0	6.078243e-10
11002.0	5.994457999999999e-10
11003.0	5.911289000000001e-10
11004.0	6.8912705e-12
11005.0	0.0
11006.0	0.0
11007.0	0.0
11008.0	0.0
11009.0	0.0
11010.0	0.0
11011.0	0.0
11012.0	0.0
11013.0	0.0
11014.0	0.0
11015.0	0.0
11016.0	0.0
11017.0	0.0
11018.0	0.0
11019.0	0.0
11020.0	0.0
11021.0	0.0
11022.0	0.0
11023.0	0.0
11024.0	0.0
11025.0	0.0
11026.0	0.0
11027.0	0.0
11028.0	0.0
11029.0	0.0
11030.0	0.0
11031.0	0.0
11032.0	0.0
11033.0	0.0
11034.0	0.0
11035.0	0.0
11036.0	0.0
11037.0	0.0
11038.0	0.0
11039.0	0.0
11040.0	0.0
11041.0	0.0
11042.0	0.0
11043.0	0.0
11044.0	0.0
11045.0	0.0
11046.0	0.0
11047.0	0.0
11048.0	0.0
11049.0	0.0
11050.0	0.0
11051.0	0.0
11052.0	0.0
11053.0	0.0
11054.0	0.0
11055.0	0.0
11056.0	0.0
11057.0	0.0
11058.0	0.0
11059.0	0.0
11060.0	0.0
11061.0	0.0
11062.0	0.0
11063.0	0.0
11064.0	0.0
11065.0	0.0
11066.0	0.0
11067.0	0.0
11068.0	0.0
11069.0	0.0
11070.0	0.0
11071.0	0.0
11072.0	0.0
11073.0	0.0
11074.0	0.0
11075.0	0.0
11076.0	0.0
11077.0	0.0
11078.0	0.0
11079.0	0.0
11080.0	0.0
11081.0	0.0
11082.0	0.0
11083.0	0.0
11084.0	0.0
11085.0	0.0
11086.0	0.0
11087.0	0.0
11088.0	0.0
11089.0	0.0
11090.0	0.0
11091.0	0.0
11092.0	0.0
11093.0	0.0
11094.0	0.0
11095.0	0.0
11096.0	0.0
11097.0	0.0
11098.0	0.0
11099.0	0.0
11100.0	0.0
11101.0	0.0
11102.0	0.0
11103.0	0.0
11104.0	0.0
11105.0	0.0
11106.0	0.0
11107.0	0.0
11108.0	0.0
11109.0	0.0
11110.0	0.0
11111.0	0.0
11112.0	0.0
11113.0	0.0
11114.0	0.0
11115.0	0.0
11116.0	0.0
11117.0	0.0
11118.0	0.0
11119.0	0.0
11120.0	0.0
11121.0	0.0
11122.0	0.0
11123.0	0.0
11124.0	0.0
11125.0	0.0
11126.0	0.0
11127.0	0.0
11128.0	0.0
11129.0	0.0
11130.0	0.0
11131.0	0.0
11132.0	0.0
11133.0	0.0
11134.0	0.0
11135.0	0.0
11136.0	0.0
11137.0	0.0
11138.0	0.0
11139.0	0.0
11140.0	0.0
11141.0	0.0
11142.0	0.0
11143.0	0.0
11144.0	0.0
11145.0	0.0
11146.0	0.0
11147.0	0.0
11148.0	0.0
11149.0	0.0
11150.0	0.0
11151.0	0.0
11152.0	0.0
11153.0	0.0
11154.0	0.0
11155.0	0.0
11156.0	0.0
11157.0	0.0
11158.0	0.0
11159.0	0.0
11160.0	0.0
11161.0	0.0
11162.0	0.0
11163.0	0.0
11164.0	0.0
11165.0	0.0
11166.0	0.0
11167.0	0.0
11168.0	0.0
11169.0	0.0
11170.0	0.0
11171.0	0.0
11172.0	0.0
11173.0	0.0
11174.0	0.0
11175.0	0.0
11176.0	0.0
11177.0	0.0
11178.0	0.0
11179.0	0.0
11180.0	0.0
11181.0	0.0
11182.0	0.0
11183.0	0.0
11184.0	0.0
11185.0	0.0
11186.0	0.0
11187.0	0.0
11188.0	0.0
11189.0	0.0
11190.0	0.0
11191.0	0.0
11192.0	0.0
11193.0	0.0
11194.0	0.0
11195.0	0.0
11196.0	0.0
11197.0	0.0
11198.0	0.0
11199.0	0.0
11200.0	0.0
11201.0	0.0
11202.0	0.0
11203.0	0.0
11204.0	0.0
11205.0	0.0
11206.0	0.0
11207.0	0.0
11208.0	0.0
11209.0	0.0
11210.0	0.0
11211.0	0.0
11212.0	0.0
11213.0	0.0
11214.0	0.0
11215.0	0.0
11216.0	0.0
11217.0	0.0
11218.0	0.0
11219.0	0.0
11220.0	0.0
11221.0	0.0
11222.0	0.0
11223.0	0.0
11224.0	0.0
11225.0	0.0
11226.0	0.0
11227.0	0.0
11228.0	0.0
11229.0	0.0
11230.0	0.0
11231.0	0.0
11232.0	0.0
11233.0	0.0
11234.0	0.0
11235.0	0.0
11236.0	0.0
11237.0	0.0
11238.0	0.0
11239.0	0.0
11240.0	0.0
11241.0	0.0
11242.0	0.0
11243.0	0.0
11244.0	0.0
11245.0	0.0
11246.0	0.0
11247.0	0.0
11248.0	0.0
11249.0	0.0
11250.0	0.0
11251.0	0.0
11252.0	0.0
11253.0	0.0
11254.0	0.0
11255.0	0.0
11256.0	0.0
11257.0	0.0
11258.0	0.0
11259.0	0.0
11260.0	0.0
11261.0	0.0
11262.0	0.0
11263.0	0.0
11264.0	0.0
11265.0	0.0
11266.0	0.0
11267.0	0.0
11268.0	0.0
11269.0	0.0
11270.0	0.0
11271.0	0.0
11272.0	0.0
11273.0	0.0
11274.0	0.0
11275.0	0.0
11276.0	0.0
11277.0	0.0
11278.0	0.0
11279.0	0.0
11280.0	0.0
11281.0	0.0
11282.0	0.0
11283.0	0.0
11284.0	0.0
11285.0	0.0
11286.0	0.0
11287.0	0.0
11288.0	0.0
11289.0	0.0
11290.0	0.0
11291.0	0.0
11292.0	0.0
11293.0	0.0
11294.0	0.0
11295.0	0.0
11296.0	0.0
11297.0	0.0
11298.0	0.0
11299.0	0.0
11300.0	0.0
11301.0	0.0
11302.0	0.0
11303.0	0.0
11304.0	0.0
11305.0	0.0
11306.0	0.0
11307.0	0.0
11308.0	0.0
11309.0	0.0
11310.0	0.0
11311.0	0.0
11312.0	0.0
11313.0	0.0
11314.0	0.0
11315.0	0.0
11316.0	0.0
11317.0	0.0
11318.0	0.0
11319.0	0.0
11320.0	0.0
11321.0	0.0
11322.0	0.0
11323.0	0.0
11324.0	0.0
11325.0	0.0
11326.0	0.0
11327.0	0.0
11328.0	0.0
11329.0	0.0
11330.0	0.0
11331.0	0.0
11332.0	0.0
11333.0	0.0
11334.0	0.0
11335.0	0.0
11336.0	0.0
11337.0	0.0
11338.0	0.0
11339.0	0.0
11340.0	0.0
11341.0	0.0
11342.0	0.0
11343.0	0.0
11344.0	0.0
11345.0	0.0
11346.0	0.0
11347.0	0.0
11348.0	0.0
11349.0	0.0
11350.0	0.0
11351.0	0.0
11352.0	0.0
11353.0	0.0
11354.0	0.0
11355.0	0.0
11356.0	0.0
11357.0	0.0
11358.0	0.0
11359.0	0.0
11360.0	0.0
11361.0	0.0
11362.0	0.0
11363.0	0.0
11364.0	0.0
11365.0	0.0
11366.0	0.0
11367.0	0.0
11368.0	0.0
11369.0	0.0
11370.0	0.0
11371.0	0.0
11372.0	0.0
11373.0	0.0
11374.0	0.0
11375.0	0.0
11376.0	0.0
11377.0	0.0
11378.0	0.0
11379.0	0.0
11380.0	0.0
11381.0	0.0
11382.0	0.0
11383.0	0.0
11384.0	0.0
11385.0	0.0
11386.0	0.0
11387.0	0.0
11388.0	0.0
11389.0	0.0
11390.0	0.0
11391.0	0.0
11392.0	0.0
11393.0	0.0
11394.0	0.0
11395.0	0.0
11396.0	0.0
11397.0	0.0
11398.0	0.0
11399.0	0.0
11400.0	0.0
11401.0	0.0
11402.0	0.0
11403.0	0.0
11404.0	0.0
11405.0	0.0
11406.0	0.0
11407.0	0.0
11408.0	0.0
11409.0	0.0
11410.0	0.0
11411.0	0.0
11412.0	0.0
11413.0	0.0
11414.0	0.0
11415.0	0.0
11416.0	0.0
11417.0	0.0
11418.0	0.0
11419.0	0.0
11420.0	0.0
11421.0	0.0
11422.0	0.0
11423.0	0.0
11424.0	0.0
11425.0	0.0
11426.0	0.0
11427.0	0.0
11428.0	0.0
11429.0	0.0
11430.0	0.0
11431.0	0.0
11432.0	0.0
11433.0	0.0
11434.0	0.0
11435.0	0.0
11436.0	0.0
11437.0	0.0
11438.0	0.0
11439.0	0.0
11440.0	0.0
11441.0	0.0
11442.0	0.0
11443.0	0.0
11444.0	0.0
11445.0	0.0
11446.0	0.0
11447.0	0.0
11448.0	0.0
11449.0	0.0
11450.0	0.0
11451.0	0.0
11452.0	0.0
11453.0	0.0
11454.0	0.0
11455.0	0.0
11456.0	0.0
11457.0	0.0
11458.0	0.0
11459.0	0.0
11460.0	0.0
11461.0	0.0
11462.0	0.0
11463.0	0.0
11464.0	0.0
11465.0	0.0
11466.0	0.0
11467.0	0.0
11468.0	0.0
11469.0	0.0
11470.0	0.0
11471.0	0.0
11472.0	0.0
11473.0	0.0
11474.0	0.0
11475.0	0.0
11476.0	0.0
11477.0	0.0
11478.0	0.0
11479.0	0.0
11480.0	0.0
11481.0	0.0
11482.0	0.0
11483.0	0.0
11484.0	0.0
11485.0	0.0
11486.0	0.0
11487.0	0.0
11488.0	0.0
11489.0	0.0
11490.0	0.0
11491.0	0.0
11492.0	0.0
11493.0	0.0
11494.0	0.0
11495.0	0.0
11496.0	0.0
11497.0	0.0
11498.0	0.0
11499.0	0.0
11500.0	0.0
11501.0	0.0
11502.0	0.0
11503.0	0.0
11504.0	0.0
11505.0	0.0
11506.0	0.0
11507.0	0.0
11508.0	0.0
11509.0	0.0
11510.0	0.0
11511.0	0.0
11512.0	0.0
11513.0	0.0
11514.0	0.0
11515.0	0.0
11516.0	0.0
11517.0	0.0
11518.0	0.0
11519.0	0.0
11520.0	0.0
11521.0	0.0
11522.0	0.0
11523.0	0.0
11524.0	0.0
11525.0	0.0
11526.0	0.0
11527.0	0.0
11528.0	0.0
11529.0	0.0
11530.0	0.0
11531.0	0.0
11532.0	0.0
11533.0	0.0
11534.0	0.0
11535.0	0.0
11536.0	0.0
11537.0	0.0
11538.0	0.0
11539.0	0.0
11540.0	0.0
11541.0	0.0
11542.0	0.0
11543.0	0.0
11544.0	0.0
11545.0	0.0
11546.0	0.0
11547.0	0.0
11548.0	0.0
11549.0	0.0
11550.0	0.0
11551.0	0.0
11552.0	0.0
11553.0	0.0
11554.0	0.0
11555.0	0.0
11556.0	0.0
11557.0	0.0
11558.0	0.0
11559.0	0.0
11560.0	0.0
11561.0	0.0
11562.0	0.0
11563.0	0.0
11564.0	0.0
11565.0	0.0
11566.0	0.0
11567.0	0.0
11568.0	0.0
11569.0	0.0
11570.0	0.0
11571.0	0.0
11572.0	0.0
11573.0	0.0
11574.0	0.0
11575.0	0.0
11576.0	0.0
11577.0	0.0
11578.0	0.0
11579.0	0.0
11580.0	0.0
11581.0	0.0
11582.0	0.0
11583.0	0.0
11584.0	0.0
11585.0	0.0
11586.0	0.0
11587.0	0.0
11588.0	0.0
11589.0	0.0
11590.0	0.0
11591.0	0.0
11592.0	0.0
11593.0	0.0
11594.0	0.0
11595.0	0.0
11596.0	0.0
11597.0	0.0
11598.0	0.0
11599.0	0.0
11600.0	0.0
11601.0	0.0
11602.0	0.0
11603.0	0.0
11604.0	0.0
11605.0	0.0
11606.0	0.0
11607.0	0.0
11608.0	0.0
11609.0	0.0
11610.0	0.0
11611.0	0.0
11612.0	0.0
11613.0	0.0
11614.0	0.0
11615.0	0.0
11616.0	0.0
11617.0	0.0
11618.0	0.0
11619.0	0.0
11620.0	0.0
11621.0	0.0
11622.0	0.0
11623.0	0.0
11624.0	0.0
11625.0	0.0
11626.0	0.0
11627.0	0.0
11628.0	0.0
11629.0	0.0
11630.0	0.0
11631.0	0.0
11632.0	0.0
11633.0	0.0
11634.0	0.0
11635.0	0.0
11636.0	0.0
11637.0	0.0
11638.0	0.0
11639.0	0.0
11640.0	0.0
11641.0	0.0
11642.0	0.0
11643.0	0.0
11644.0	0.0
11645.0	0.0
11646.0	0.0
11647.0	0.0
11648.0	0.0
11649.0	0.0
11650.0	0.0
11651.0	0.0
11652.0	0.0
11653.0	0.0
11654.0	0.0
11655.0	0.0
11656.0	0.0
11657.0	0.0
11658.0	0.0
11659.0	0.0
11660.0	0.0
11661.0	0.0
11662.0	0.0
11663.0	0.0
11664.0	0.0
11665.0	0.0
11666.0	0.0
11667.0	0.0
11668.0	0.0
11669.0	0.0
11670.0	0.0
11671.0	0.0
11672.0	0.0
11673.0	0.0
11674.0	0.0
11675.0	0.0
11676.0	0.0
11677.0	0.0
11678.0	0.0
11679.0	0.0
11680.0	0.0
11681.0	0.0
11682.0	0.0
11683.0	0.0
11684.0	0.0
11685.0	0.0
11686.0	0.0
11687.0	0.0
11688.0	0.0
11689.0	0.0
11690.0	0.0
11691.0	0.0
11692.0	0.0
11693.0	0.0
11694.0	0.0
11695.0	0.0
11696.0	0.0
11697.0	0.0
11698.0	0.0
11699.0	0.0
11700.0	0.0
11701.0	0.0
11702.0	0.0
11703.0	0.0
11704.0	0.0
11705.0	0.0
11706.0	0.0
11707.0	0.0
11708.0	0.0
11709.0	0.0
11710.0	0.0
11711.0	0.0
11712.0	0.0
11713.0	0.0
11714.0	0.0
11715.0	0.0
11716.0	0.0
11717.0	0.0
11718.0	0.0
11719.0	0.0
11720.0	0.0
11721.0	0.0
11722.0	0.0
11723.0	0.0
11724.0	0.0
11725.0	0.0
11726.0	0.0
11727.0	0.0
11728.0	0.0
11729.0	0.0
11730.0	0.0
11731.0	0.0
11732.0	0.0
11733.0	0.0
11734.0	0.0
11735.0	0.0
11736.0	0.0
11737.0	0.0
11738.0	0.0
11739.0	0.0
11740.0	0.0
11741.0	0.0
11742.0	0.0
11743.0	0.0
11744.0	0.0
11745.0	0.0
11746.0	0.0
11747.0	0.0
11748.0	0.0
11749.0	0.0
11750.0	0.0
11751.0	0.0
11752.0	0.0
11753.0	0.0
11754.0	0.0
11755.0	0.0
11756.0	0.0
11757.0	0.0
11758.0	0.0
11759.0	0.0
11760.0	0.0
11761.0	0.0
11762.0	0.0
11763.0	0.0
11764.0	0.0
11765.0	0.0
11766.0	0.0
11767.0	0.0
11768.0	0.0
11769.0	0.0
11770.0	0.0
11771.0	0.0
11772.0	0.0
11773.0	0.0
11774.0	0.0
11775.0	0.0
11776.0	0.0
11777.0	0.0
11778.0	0.0
11779.0	0.0
11780.0	0.0
11781.0	0.0
11782.0	0.0
11783.0	0.0
11784.0	0.0
11785.0	0.0
11786.0	0.0
11787.0	0.0
11788.0	0.0
11789.0	0.0
11790.0	0.0
11791.0	0.0
11792.0	0.0
11793.0	0.0
11794.0	0.0
11795.0	0.0
11796.0	0.0
11797.0	0.0
11798.0	0.0
11799.0	0.0
11800.0	0.0
11801.0	0.0
11802.0	0.0
11803.0	0.0
11804.0	0.0
11805.0	0.0
11806.0	0.0
11807.0	0.0
11808.0	0.0
11809.0	0.0
11810.0	0.0
11811.0	0.0
11812.0	0.0
11813.0	0.0
11814.0	0.0
11815.0	0.0
11816.0	0.0
11817.0	0.0
11818.0	0.0
11819.0	0.0
11820.0	0.0
11821.0	0.0
11822.0	0.0
11823.0	0.0
11824.0	0.0
11825.0	0.0
11826.0	0.0
11827.0	0.0
11828.0	0.0
11829.0	0.0
11830.0	0.0
11831.0	0.0
11832.0	0.0
11833.0	0.0
11834.0	0.0
11835.0	0.0
11836.0	0.0
11837.0	0.0
11838.0	0.0
11839.0	0.0
11840.0	0.0
11841.0	0.0
11842.0	0.0
11843.0	0.0
11844.0	0.0
11845.0	0.0
11846.0	0.0
11847.0	0.0
11848.0	0.0
11849.0	0.0
11850.0	0.0
11851.0	0.0
11852.0	0.0
11853.0	0.0
11854.0	0.0
11855.0	0.0
11856.0	0.0
11857.0	0.0
11858.0	0.0
11859.0	0.0
11860.0	0.0
11861.0	0.0
11862.0	0.0
11863.0	0.0
11864.0	0.0
11865.0	0.0
11866.0	0.0
11867.0	0.0
11868.0	0.0
11869.0	0.0
11870.0	0.0
11871.0	0.0
11872.0	0.0
11873.0	0.0
11874.0	0.0
11875.0	0.0
11876.0	0.0
11877.0	0.0
11878.0	0.0
11879.0	0.0
11880.0	0.0
11881.0	0.0
11882.0	0.0
11883.0	0.0
11884.0	0.0
11885.0	0.0
11886.0	0.0
11887.0	0.0
11888.0	0.0
11889.0	0.0
11890.0	0.0
11891.0	0.0
11892.0	0.0
11893.0	0.0
11894.0	0.0
11895.0	0.0
11896.0	0.0
11897.0	0.0
11898.0	0.0
11899.0	0.0
11900.0	0.0
11901.0	0.0
11902.0	0.0
11903.0	0.0
11904.0	0.0
11905.0	0.0
11906.0	0.0
11907.0	0.0
11908.0	0.0
11909.0	0.0
11910.0	0.0
11911.0	0.0
11912.0	0.0
11913.0	0.0
11914.0	0.0
11915.0	0.0
11916.0	0.0
11917.0	0.0
11918.0	0.0
11919.0	0.0
11920.0	0.0
11921.0	0.0
11922.0	0.0
11923.0	0.0
11924.0	0.0
11925.0	0.0
11926.0	0.0
11927.0	0.0
11928.0	0.0
11929.0	0.0
11930.0	0.0
11931.0	0.0
11932.0	0.0
11933.0	0.0
11934.0	0.0
11935.0	0.0
11936.0	0.0
11937.0	0.0
11938.0	0.0
11939.0	0.0
11940.0	0.0
11941.0	0.0
11942.0	0.0
11943.0	0.0
11944.0	0.0
11945.0	0.0
11946.0	0.0
11947.0	0.0
11948.0	0.0
11949.0	0.0
11950.0	0.0
11951.0	0.0
11952.0	0.0
11953.0	0.0
11954.0	0.0
11955.0	0.0
11956.0	0.0
11957.0	0.0
11958.0	0.0
11959.0	0.0
11960.0	0.0
11961.0	0.0
11962.0	0.0
11963.0	0.0
11964.0	0.0
11965.0	0.0
11966.0	0.0
11967.0	0.0
11968.0	0.0
11969.0	0.0
11970.0	0.0
11971.0	0.0
11972.0	0.0
11973.0	0.0
11974.0	0.0
11975.0	0.0
11976.0	0.0
11977.0	0.0
11978.0	0.0
11979.0	0.0
11980.0	0.0
11981.0	0.0
11982.0	0.0
11983.0	0.0
11984.0	0.0
11985.0	0.0
11986.0	0.0
11987.0	0.0
11988.0	0.0
11989.0	0.0
11990.0	0.0
11991.0	0.0
11992.0	0.0
11993.0	0.0
11994.0	0.0
11995.0	0.0
11996.0	0.0
11997.0	0.0
11998.0	0.0
11999.0	0.0
12000.0	0.0
12001.0	0.0
12002.0	0.0
12003.0	0.0
12004.0	0.0
12005.0	0.0
12006.0	0.0
12007.0	0.0
12008.0	0.0
12009.0	0.0
12010.0	0.0
12011.0	0.0
12012.0	0.0
12013.0	0.0
12014.0	0.0
12015.0	0.0
12016.0	0.0
12017.0	0.0
12018.0	0.0
12019.0	0.0
12020.0	0.0
12021.0	0.0
12022.0	0.0
12023.0	0.0
12024.0	0.0
12025.0	0.0
12026.0	0.0
12027.0	0.0
12028.0	0.0
12029.0	0.0
12030.0	0.0
12031.0	0.0
12032.0	0.0
12033.0	0.0
12034.0	0.0
12035.0	0.0
12036.0	0.0
12037.0	0.0
12038.0	0.0
12039.0	0.0
12040.0	0.0
12041.0	0.0
12042.0	0.0
12043.0	0.0
12044.0	0.0
12045.0	0.0
12046.0	0.0
12047.0	0.0
12048.0	0.0
12049.0	0.0
12050.0	0.0
12051.0	0.0
12052.0	0.0
12053.0	0.0
12054.0	0.0
12055.0	0.0
12056.0	0.0
12057.0	0.0
12058.0	0.0
12059.0	0.0
12060.0	0.0
12061.0	0.0
12062.0	0.0
12063.0	0.0
12064.0	0.0
12065.0	0.0
12066.0	0.0
12067.0	0.0
12068.0	0.0
12069.0	0.0
12070.0	0.0
12071.0	0.0
12072.0	0.0
12073.0	0.0
12074.0	0.0
12075.0	0.0
12076.0	0.0
12077.0	0.0
12078.0	0.0
12079.0	0.0
12080.0	0.0
12081.0	0.0
12082.0	0.0
12083.0	0.0
12084.0	0.0
12085.0	0.0
12086.0	0.0
12087.0	0.0
12088.0	0.0
12089.0	0.0
12090.0	0.0
12091.0	0.0
12092.0	0.0
12093.0	0.0
12094.0	0.0
12095.0	0.0
12096.0	0.0
12097.0	0.0
12098.0	0.0
12099.0	0.0
12100.0	0.0
12101.0	0.0
12102.0	0.0
12103.0	0.0
12104.0	0.0
12105.0	0.0
12106.0	0.0
12107.0	0.0
12108.0	0.0
12109.0	0.0
12110.0	0.0
12111.0	0.0
12112.0	0.0
12113.0	0.0
12114.0	0.0
12115.0	0.0
12116.0	0.0
12117.0	0.0
12118.0	0.0
12119.0	0.0
12120.0	0.0
12121.0	0.0
12122.0	0.0
12123.0	0.0
12124.0	0.0
12125.0	0.0
12126.0	0.0
12127.0	0.0
12128.0	0.0
12129.0	0.0
12130.0	0.0
12131.0	0.0
12132.0	0.0
12133.0	0.0
12134.0	0.0
12135.0	0.0
12136.0	0.0
12137.0	0.0
12138.0	0.0
12139.0	0.0
12140.0	0.0
12141.0	0.0
12142.0	0.0
12143.0	0.0
12144.0	0.0
12145.0	0.0
12146.0	0.0
12147.0	0.0
12148.0	0.0
12149.0	0.0
12150.0	0.0
12151.0	0.0
12152.0	0.0
12153.0	0.0
12154.0	0.0
12155.0	0.0
12156.0	0.0
12157.0	0.0
12158.0	0.0
12159.0	0.0
12160.0	0.0
12161.0	0.0
12162.0	0.0
12163.0	0.0
12164.0	0.0
12165.0	0.0
12166.0	0.0
12167.0	0.0
12168.0	0.0
12169.0	0.0
12170.0	0.0
12171.0	0.0
12172.0	0.0
12173.0	0.0
12174.0	0.0
12175.0	0.0
12176.0	0.0
12177.0	0.0
12178.0	0.0
12179.0	0.0
12180.0	0.0
12181.0	0.0
12182.0	0.0
12183.0	0.0
12184.0	0.0
12185.0	0.0
12186.0	0.0
12187.0	0.0
12188.0	0.0
12189.0	0.0
12190.0	0.0
12191.0	0.0
12192.0	0.0
12193.0	0.0
12194.0	0.0
12195.0	0.0
12196.0	0.0
12197.0	0.0
12198.0	0.0
12199.0	0.0
12200.0	0.0
12201.0	0.0
12202.0	0.0
12203.0	0.0
12204.0	0.0
12205.0	0.0
12206.0	0.0
12207.0	0.0
12208.0	0.0
12209.0	0.0
12210.0	0.0
12211.0	0.0
12212.0	0.0
12213.0	0.0
12214.0	0.0
12215.0	0.0
12216.0	0.0
12217.0	0.0
12218.0	0.0
12219.0	0.0
12220.0	0.0
12221.0	0.0
12222.0	0.0
12223.0	0.0
12224.0	0.0
12225.0	0.0
12226.0	0.0
12227.0	0.0
12228.0	0.0
12229.0	0.0
12230.0	0.0
12231.0	0.0
12232.0	0.0
12233.0	0.0
12234.0	0.0
12235.0	0.0
12236.0	0.0
12237.0	0.0
12238.0	0.0
12239.0	0.0
12240.0	0.0
12241.0	0.0
12242.0	0.0
12243.0	0.0
12244.0	0.0
12245.0	0.0
12246.0	0.0
12247.0	0.0
12248.0	0.0
12249.0	0.0
12250.0	0.0
12251.0	0.0
12252.0	0.0
12253.0	0.0
12254.0	0.0
12255.0	0.0
12256.0	0.0
12257.0	0.0
12258.0	0.0
12259.0	0.0
12260.0	0.0
12261.0	0.0
12262.0	0.0
12263.0	0.0
12264.0	0.0
12265.0	0.0
12266.0	0.0
12267.0	0.0
12268.0	0.0
12269.0	0.0
12270.0	0.0
12271.0	0.0
12272.0	0.0
12273.0	0.0
12274.0	0.0
12275.0	0.0
12276.0	0.0
12277.0	0.0
12278.0	0.0
12279.0	0.0
12280.0	0.0
12281.0	0.0
12282.0	0.0
12283.0	0.0
12284.0	0.0
12285.0	0.0
12286.0	0.0
12287.0	0.0
12288.0	0.0
12289.0	0.0
12290.0	0.0
12291.0	0.0
12292.0	0.0
12293.0	0.0
12294.0	0.0
12295.0	0.0
12296.0	0.0
12297.0	0.0
12298.0	0.0
12299.0	0.0
12300.0	0.0
12301.0	0.0
12302.0	0.0
12303.0	0.0
12304.0	0.0
12305.0	0.0
12306.0	0.0
12307.0	0.0
12308.0	0.0
12309.0	0.0
12310.0	0.0
12311.0	0.0
12312.0	0.0
12313.0	0.0
12314.0	0.0
12315.0	0.0
12316.0	0.0
12317.0	0.0
12318.0	0.0
12319.0	0.0
12320.0	0.0
12321.0	0.0
12322.0	0.0
12323.0	0.0
12324.0	0.0
12325.0	0.0
12326.0	0.0
12327.0	0.0
12328.0	0.0
12329.0	0.0
12330.0	0.0
12331.0	0.0
12332.0	0.0
12333.0	0.0
12334.0	0.0
12335.0	0.0
12336.0	0.0
12337.0	0.0
12338.0	0.0
12339.0	0.0
12340.0	0.0
12341.0	0.0
12342.0	0.0
12343.0	0.0
12344.0	0.0
12345.0	0.0
12346.0	0.0
12347.0	0.0
12348.0	0.0
12349.0	0.0
12350.0	0.0
12351.0	0.0
12352.0	0.0
12353.0	0.0
12354.0	0.0
12355.0	0.0
12356.0	0.0
12357.0	0.0
12358.0	0.0
12359.0	0.0
12360.0	0.0
12361.0	0.0
12362.0	0.0
12363.0	0.0
12364.0	0.0
12365.0	0.0
12366.0	0.0
12367.0	0.0
12368.0	0.0
12369.0	0.0
12370.0	0.0
12371.0	0.0
12372.0	0.0
12373.0	0.0
12374.0	0.0
12375.0	0.0
12376.0	0.0
12377.0	0.0
12378.0	0.0
12379.0	0.0
12380.0	0.0
12381.0	0.0
12382.0	0.0
12383.0	0.0
12384.0	0.0
12385.0	0.0
12386.0	0.0
12387.0	0.0
12388.0	0.0
12389.0	0.0
12390.0	0.0
12391.0	0.0
12392.0	0.0
12393.0	0.0
12394.0	0.0
12395.0	0.0
12396.0	0.0
12397.0	0.0
12398.0	0.0
12399.0	0.0
12400.0	0.0
12401.0	0.0
12402.0	0.0
12403.0	0.0
12404.0	0.0
12405.0	0.0
12406.0	0.0
12407.0	0.0
12408.0	0.0
12409.0	0.0
12410.0	0.0
12411.0	0.0
12412.0	0.0
12413.0	0.0
12414.0	0.0
12415.0	0.0
12416.0	0.0
12417.0	0.0
12418.0	0.0
12419.0	0.0
12420.0	0.0
12421.0	0.0
12422.0	0.0
12423.0	0.0
12424.0	0.0
12425.0	0.0
12426.0	0.0
12427.0	0.0
12428.0	0.0
12429.0	0.0
12430.0	0.0
12431.0	0.0
12432.0	0.0
12433.0	0.0
12434.0	0.0
12435.0	0.0
12436.0	0.0
12437.0	0.0
12438.0	0.0
12439.0	0.0
12440.0	0.0
12441.0	0.0
12442.0	0.0
12443.0	0.0
12444.0	0.0
12445.0	0.0
12446.0	0.0
12447.0	0.0
12448.0	0.0
12449.0	0.0
12450.0	0.0
12451.0	0.0
12452.0	0.0
12453.0	0.0
12454.0	0.0
12455.0	0.0
12456.0	0.0
12457.0	0.0
12458.0	0.0
12459.0	0.0
12460.0	0.0
12461.0	0.0
12462.0	0.0
12463.0	0.0
12464.0	0.0
12465.0	0.0
12466.0	0.0
12467.0	0.0
12468.0	0.0
12469.0	0.0
12470.0	0.0
12471.0	0.0
12472.0	0.0
12473.0	0.0
12474.0	0.0
12475.0	0.0
12476.0	0.0
12477.0	0.0
12478.0	0.0
12479.0	0.0
12480.0	0.0
12481.0	0.0
12482.0	0.0
12483.0	0.0
12484.0	0.0
12485.0	0.0
12486.0	0.0
12487.0	0.0
12488.0	0.0
12489.0	0.0
12490.0	0.0
12491.0	0.0
12492.0	0.0
12493.0	0.0
12494.0	0.0
12495.0	0.0
12496.0	0.0
12497.0	0.0
12498.0	0.0
12499.0	0.0
12500.0	0.0
12501.0	0.0
12502.0	0.0
12503.0	0.0
12504.0	0.0
12505.0	0.0
12506.0	0.0
12507.0	0.0
12508.0	0.0
12509.0	0.0
12510.0	0.0
12511.0	0.0
12512.0	0.0
12513.0	0.0
12514.0	0.0
12515.0	0.0
12516.0	0.0
12517.0	0.0
12518.0	0.0
12519.0	0.0
12520.0	0.0
12521.0	0.0
12522.0	0.0
12523.0	0.0
12524.0	0.0
12525.0	0.0
12526.0	0.0
12527.0	0.0
12528.0	0.0
12529.0	0.0
12530.0	0.0
12531.0	0.0
12532.0	0.0
12533.0	0.0
12534.0	0.0
12535.0	0.0
12536.0	0.0
12537.0	0.0
12538.0	0.0
12539.0	0.0
12540.0	0.0
12541.0	0.0
12542.0	0.0
12543.0	0.0
12544.0	0.0
12545.0	0.0
12546.0	0.0
12547.0	0.0
12548.0	0.0
12549.0	0.0
12550.0	0.0
12551.0	0.0
12552.0	0.0
12553.0	0.0
12554.0	0.0
12555.0	0.0
12556.0	0.0
12557.0	0.0
12558.0	0.0
12559.0	0.0
12560.0	0.0
12561.0	0.0
12562.0	0.0
12563.0	0.0
12564.0	0.0
12565.0	0.0
12566.0	0.0
12567.0	0.0
12568.0	0.0
12569.0	0.0
12570.0	0.0
12571.0	0.0
12572.0	0.0
12573.0	0.0
12574.0	0.0
12575.0	0.0
12576.0	0.0
12577.0	0.0
12578.0	0.0
12579.0	0.0
12580.0	0.0
12581.0	0.0
12582.0	0.0
12583.0	0.0
12584.0	0.0
12585.0	0.0
12586.0	0.0
12587.0	0.0
12588.0	0.0
12589.0	0.0
12590.0	0.0
12591.0	0.0
12592.0	0.0
12593.0	0.0
12594.0	0.0
12595.0	0.0
12596.0	0.0
12597.0	0.0
12598.0	0.0
12599.0	0.0
12600.0	0.0
12601.0	0.0
12602.0	0.0
12603.0	0.0
12604.0	0.0
12605.0	0.0
12606.0	0.0
12607.0	0.0
12608.0	0.0
12609.0	0.0
12610.0	0.0
12611.0	0.0
12612.0	0.0
12613.0	0.0
12614.0	0.0
12615.0	0.0
12616.0	0.0
12617.0	0.0
12618.0	0.0
12619.0	0.0
12620.0	0.0
12621.0	0.0
12622.0	0.0
12623.0	0.0
12624.0	0.0
12625.0	0.0
12626.0	0.0
12627.0	0.0
12628.0	0.0
12629.0	0.0
12630.0	0.0
12631.0	0.0
12632.0	0.0
12633.0	0.0
12634.0	0.0
12635.0	0.0
12636.0	0.0
12637.0	0.0
12638.0	0.0
12639.0	0.0
12640.0	0.0
12641.0	0.0
12642.0	0.0
12643.0	0.0
12644.0	0.0
12645.0	0.0
12646.0	0.0
12647.0	0.0
12648.0	0.0
12649.0	0.0
12650.0	0.0
12651.0	0.0
12652.0	0.0
12653.0	0.0
12654.0	0.0
12655.0	0.0
12656.0	0.0
12657.0	0.0
12658.0	0.0
12659.0	0.0
12660.0	0.0
12661.0	0.0
12662.0	0.0
12663.0	0.0
12664.0	0.0
12665.0	0.0
12666.0	0.0
12667.0	0.0
12668.0	0.0
12669.0	0.0
12670.0	0.0
12671.0	0.0
12672.0	0.0
12673.0	0.0
12674.0	0.0
12675.0	0.0
12676.0	0.0
12677.0	0.0
12678.0	0.0
12679.0	0.0
12680.0	0.0
12681.0	0.0
12682.0	0.0
12683.0	0.0
12684.0	0.0
12685.0	0.0
12686.0	0.0
12687.0	0.0
12688.0	0.0
12689.0	0.0
12690.0	0.0
12691.0	0.0
12692.0	0.0
12693.0	0.0
12694.0	0.0
12695.0	0.0
12696.0	0.0
12697.0	0.0
12698.0	0.0
12699.0	0.0
12700.0	0.0
12701.0	0.0
12702.0	0.0
12703.0	0.0
12704.0	0.0
12705.0	0.0
12706.0	0.0
12707.0	0.0
12708.0	0.0
12709.0	0.0
12710.0	0.0
12711.0	0.0
12712.0	0.0
12713.0	0.0
12714.0	0.0
12715.0	0.0
12716.0	0.0
12717.0	0.0
12718.0	0.0
12719.0	0.0
12720.0	0.0
12721.0	0.0
12722.0	0.0
12723.0	0.0
12724.0	0.0
12725.0	0.0
12726.0	0.0
12727.0	0.0
12728.0	0.0
12729.0	0.0
12730.0	0.0
12731.0	0.0
12732.0	0.0
12733.0	0.0
12734.0	0.0
12735.0	0.0
12736.0	0.0
12737.0	0.0
12738.0	0.0
12739.0	0.0
12740.0	0.0
12741.0	0.0
12742.0	0.0
12743.0	0.0
12744.0	0.0
12745.0	0.0
12746.0	0.0
12747.0	0.0
12748.0	0.0
12749.0	0.0
12750.0	0.0
12751.0	0.0
12752.0	0.0
12753.0	0.0
12754.0	0.0
12755.0	0.0
12756.0	0.0
12757.0	0.0
12758.0	0.0
12759.0	0.0
12760.0	0.0
12761.0	0.0
12762.0	0.0
12763.0	0.0
12764.0	0.0
12765.0	0.0
12766.0	0.0
12767.0	0.0
12768.0	0.0
12769.0	0.0
12770.0	0.0
12771.0	0.0
12772.0	0.0
12773.0	0.0
12774.0	0.0
12775.0	0.0
12776.0	0.0
12777.0	0.0
12778.0	0.0
12779.0	0.0
12780.0	0.0
12781.0	0.0
12782.0	0.0
12783.0	0.0
12784.0	0.0
12785.0	0.0
12786.0	0.0
12787.0	0.0
12788.0	0.0
12789.0	0.0
12790.0	0.0
12791.0	0.0
12792.0	0.0
12793.0	0.0
12794.0	0.0
12795.0	0.0
12796.0	0.0
12797.0	0.0
12798.0	0.0
12799.0	0.0
12800.0	0.0
12801.0	0.0
12802.0	0.0
12803.0	0.0
12804.0	0.0
12805.0	0.0
12806.0	0.0
12807.0	0.0
12808.0	0.0
12809.0	0.0
12810.0	0.0
12811.0	0.0
12812.0	0.0
12813.0	0.0
12814.0	0.0
12815.0	0.0
12816.0	0.0
12817.0	0.0
12818.0	0.0
12819.0	0.0
12820.0	0.0
12821.0	0.0
12822.0	0.0
12823.0	0.0
12824.0	0.0
12825.0	0.0
12826.0	0.0
12827.0	0.0
12828.0	0.0
12829.0	0.0
12830.0	0.0
12831.0	0.0
12832.0	0.0
12833.0	0.0
12834.0	0.0
12835.0	0.0
12836.0	0.0
12837.0	0.0
12838.0	0.0
12839.0	0.0
12840.0	0.0
12841.0	0.0
12842.0	0.0
12843.0	0.0
12844.0	0.0
12845.0	0.0
12846.0	0.0
12847.0	0.0
12848.0	0.0
12849.0	0.0
12850.0	0.0
12851.0	0.0
12852.0	0.0
12853.0	0.0
12854.0	0.0
12855.0	0.0
12856.0	0.0
12857.0	0.0
12858.0	0.0
12859.0	0.0
12860.0	0.0
12861.0	0.0
12862.0	0.0
12863.0	0.0
12864.0	0.0
12865.0	0.0
12866.0	0.0
12867.0	0.0
12868.0	0.0
12869.0	0.0
12870.0	0.0
12871.0	0.0
12872.0	0.0
12873.0	0.0
12874.0	0.0
12875.0	0.0
12876.0	0.0
12877.0	0.0
12878.0	0.0
12879.0	0.0
12880.0	0.0
12881.0	0.0
12882.0	0.0
12883.0	0.0
12884.0	0.0
12885.0	0.0
12886.0	0.0
12887.0	0.0
12888.0	0.0
12889.0	0.0
12890.0	0.0
12891.0	0.0
12892.0	0.0
12893.0	0.0
12894.0	0.0
12895.0	0.0
12896.0	0.0
12897.0	0.0
12898.0	0.0
12899.0	0.0
12900.0	0.0
12901.0	0.0
12902.0	0.0
12903.0	0.0
12904.0	0.0
12905.0	0.0
12906.0	0.0
12907.0	0.0
12908.0	0.0
12909.0	0.0
12910.0	0.0
12911.0	0.0
12912.0	0.0
12913.0	0.0
12914.0	0.0
12915.0	0.0
12916.0	0.0
12917.0	0.0
12918.0	0.0
12919.0	0.0
12920.0	0.0
12921.0	0.0
12922.0	0.0
12923.0	0.0
12924.0	0.0
12925.0	0.0
12926.0	0.0
12927.0	0.0
12928.0	0.0
12929.0	0.0
12930.0	0.0
12931.0	0.0
12932.0	0.0
12933.0	0.0
12934.0	0.0
12935.0	0.0
12936.0	0.0
12937.0	0.0
12938.0	0.0
12939.0	0.0
12940.0	0.0
12941.0	0.0
12942.0	0.0
12943.0	0.0
12944.0	0.0
12945.0	0.0
12946.0	0.0
12947.0	0.0
12948.0	0.0
12949.0	0.0
12950.0	0.0
12951.0	0.0
12952.0	0.0
12953.0	0.0
12954.0	0.0
12955.0	0.0
12956.0	0.0
12957.0	0.0
12958.0	0.0
12959.0	0.0
12960.0	0.0
12961.0	0.0
12962.0	0.0
12963.0	0.0
12964.0	0.0
12965.0	0.0
12966.0	0.0
12967.0	0.0
12968.0	0.0
12969.0	0.0
12970.0	0.0
12971.0	0.0
12972.0	0.0
12973.0	0.0
12974.0	0.0
12975.0	0.0
12976.0	0.0
12977.0	0.0
12978.0	0.0
12979.0	0.0
12980.0	0.0
12981.0	0.0
12982.0	0.0
12983.0	0.0
12984.0	0.0
12985.0	0.0
12986.0	0.0
12987.0	0.0
12988.0	0.0
12989.0	0.0
12990.0	0.0
12991.0	0.0
12992.0	0.0
12993.0	0.0
12994.0	0.0
12995.0	0.0
12996.0	0.0
12997.0	0.0
12998.0	0.0
12999.0	0.0
13000.0	0.0
13001.0	0.0
13002.0	0.0
13003.0	0.0
13004.0	0.0
13005.0	0.0
13006.0	0.0
13007.0	0.0
13008.0	0.0
13009.0	0.0
13010.0	0.0
13011.0	0.0
13012.0	0.0
13013.0	0.0
13014.0	0.0
13015.0	0.0
13016.0	0.0
13017.0	0.0
13018.0	0.0
13019.0	0.0
13020.0	0.0
13021.0	0.0
13022.0	0.0
13023.0	0.0
13024.0	0.0
13025.0	0.0
13026.0	0.0
13027.0	0.0
13028.0	0.0
13029.0	0.0
13030.0	0.0
13031.0	0.0
13032.0	0.0
13033.0	0.0
13034.0	0.0
13035.0	0.0
13036.0	0.0
13037.0	0.0
13038.0	0.0
13039.0	0.0
13040.0	0.0
13041.0	0.0
13042.0	0.0
13043.0	0.0
13044.0	0.0
13045.0	0.0
13046.0	0.0
13047.0	0.0
13048.0	0.0
13049.0	0.0
13050.0	0.0
13051.0	0.0
13052.0	0.0
13053.0	0.0
13054.0	0.0
13055.0	0.0
13056.0	0.0
13057.0	0.0
13058.0	0.0
13059.0	0.0
13060.0	0.0
13061.0	0.0
13062.0	0.0
13063.0	0.0
13064.0	0.0
13065.0	0.0
13066.0	0.0
13067.0	0.0
13068.0	0.0
13069.0	0.0
13070.0	0.0
13071.0	0.0
13072.0	0.0
13073.0	0.0
13074.0	0.0
13075.0	0.0
13076.0	0.0
13077.0	0.0
13078.0	0.0
13079.0	0.0
13080.0	0.0
13081.0	0.0
13082.0	0.0
13083.0	0.0
13084.0	0.0
13085.0	0.0
13086.0	0.0
13087.0	0.0
13088.0	0.0
13089.0	0.0
13090.0	0.0
13091.0	0.0
13092.0	0.0
13093.0	0.0
13094.0	0.0
13095.0	0.0
13096.0	0.0
13097.0	0.0
13098.0	0.0
13099.0	0.0
13100.0	0.0
13101.0	0.0
13102.0	0.0
13103.0	0.0
13104.0	0.0
13105.0	0.0
13106.0	0.0
13107.0	0.0
13108.0	0.0
13109.0	0.0
13110.0	0.0
13111.0	0.0
13112.0	0.0
13113.0	0.0
13114.0	0.0
13115.0	0.0
13116.0	0.0
13117.0	0.0
13118.0	0.0
13119.0	0.0
13120.0	0.0
13121.0	0.0
13122.0	0.0
13123.0	0.0
13124.0	0.0
13125.0	0.0
13126.0	0.0
13127.0	0.0
13128.0	0.0
13129.0	0.0
13130.0	0.0
13131.0	0.0
13132.0	0.0
13133.0	0.0
13134.0	0.0
13135.0	0.0
13136.0	0.0
13137.0	0.0
13138.0	0.0
13139.0	0.0
13140.0	0.0
13141.0	0.0
13142.0	0.0
13143.0	0.0
13144.0	0.0
13145.0	0.0
13146.0	0.0
13147.0	0.0
13148.0	0.0
13149.0	0.0
13150.0	0.0
13151.0	0.0
13152.0	0.0
13153.0	0.0
13154.0	0.0
13155.0	0.0
13156.0	0.0
13157.0	0.0
13158.0	0.0
13159.0	0.0
13160.0	0.0
13161.0	0.0
13162.0	0.0
13163.0	0.0
13164.0	0.0
13165.0	0.0
13166.0	0.0
13167.0	0.0
13168.0	0.0
13169.0	0.0
13170.0	0.0
13171.0	0.0
13172.0	0.0
13173.0	0.0
13174.0	0.0
13175.0	0.0
13176.0	0.0
13177.0	0.0
13178.0	0.0
13179.0	0.0
13180.0	0.0
13181.0	0.0
13182.0	0.0
13183.0	0.0
13184.0	0.0
13185.0	0.0
13186.0	0.0
13187.0	0.0
13188.0	0.0
13189.0	0.0
13190.0	0.0
13191.0	0.0
13192.0	0.0
13193.0	0.0
13194.0	0.0
13195.0	0.0
13196.0	0.0
13197.0	0.0
13198.0	0.0
13199.0	0.0
13200.0	0.0
13201.0	0.0
13202.0	0.0
13203.0	0.0
13204.0	0.0
13205.0	0.0
13206.0	0.0
13207.0	0.0
13208.0	0.0
13209.0	0.0
13210.0	0.0
13211.0	0.0
13212.0	0.0
13213.0	0.0
13214.0	0.0
13215.0	0.0
13216.0	0.0
13217.0	0.0
13218.0	0.0
13219.0	0.0
13220.0	0.0
13221.0	0.0
13222.0	0.0
13223.0	0.0
13224.0	0.0
13225.0	0.0
13226.0	0.0
13227.0	0.0
13228.0	0.0
13229.0	0.0
13230.0	0.0
13231.0	0.0
13232.0	0.0
13233.0	0.0
13234.0	0.0
13235.0	0.0
13236.0	0.0
13237.0	0.0
13238.0	0.0
13239.0	0.0
13240.0	0.0
13241.0	0.0
13242.0	0.0
13243.0	0.0
13244.0	0.0
13245.0	0.0
13246.0	0.0
13247.0	0.0
13248.0	0.0
13249.0	0.0
13250.0	0.0
13251.0	0.0
13252.0	0.0
13253.0	0.0
13254.0	0.0
13255.0	0.0
13256.0	0.0
13257.0	0.0
13258.0	0.0
13259.0	0.0
13260.0	0.0
13261.0	0.0
13262.0	0.0
13263.0	0.0
13264.0	0.0
13265.0	0.0
13266.0	0.0
13267.0	0.0
13268.0	0.0
13269.0	0.0
13270.0	0.0
13271.0	0.0
13272.0	0.0
13273.0	0.0
13274.0	0.0
13275.0	0.0
13276.0	0.0
13277.0	0.0
13278.0	0.0
13279.0	0.0
13280.0	0.0
13281.0	0.0
13282.0	0.0
13283.0	0.0
13284.0	0.0
13285.0	0.0
13286.0	0.0
13287.0	0.0
13288.0	0.0
13289.0	0.0
13290.0	0.0
13291.0	0.0
13292.0	0.0
13293.0	0.0
13294.0	0.0
13295.0	0.0
13296.0	0.0
13297.0	0.0
13298.0	0.0
13299.0	0.0
13300.0	0.0
13301.0	0.0
13302.0	0.0
13303.0	0.0
13304.0	0.0
13305.0	0.0
13306.0	0.0
13307.0	0.0
13308.0	0.0
13309.0	0.0
13310.0	0.0
13311.0	0.0
13312.0	0.0
13313.0	0.0
13314.0	0.0
13315.0	0.0
13316.0	0.0
13317.0	0.0
13318.0	0.0
13319.0	0.0
13320.0	0.0
13321.0	0.0
13322.0	0.0
13323.0	0.0
13324.0	0.0
13325.0	0.0
13326.0	0.0
13327.0	0.0
13328.0	0.0
13329.0	0.0
13330.0	0.0
13331.0	0.0
13332.0	0.0
13333.0	0.0
13334.0	0.0
13335.0	0.0
13336.0	0.0
13337.0	0.0
13338.0	0.0
13339.0	0.0
13340.0	0.0
13341.0	0.0
13342.0	0.0
13343.0	0.0
13344.0	0.0
13345.0	0.0
13346.0	0.0
13347.0	0.0
13348.0	0.0
13349.0	0.0
13350.0	0.0
13351.0	0.0
13352.0	0.0
13353.0	0.0
13354.0	0.0
13355.0	0.0
13356.0	0.0
13357.0	0.0
13358.0	0.0
13359.0	0.0
13360.0	0.0
13361.0	0.0
13362.0	0.0
13363.0	0.0
13364.0	0.0
13365.0	0.0
13366.0	0.0
13367.0	0.0
13368.0	0.0
13369.0	0.0
13370.0	0.0
13371.0	0.0
13372.0	0.0
13373.0	0.0
13374.0	0.0
13375.0	0.0
13376.0	0.0
13377.0	0.0
13378.0	0.0
13379.0	0.0
13380.0	0.0
13381.0	0.0
13382.0	0.0
13383.0	0.0
13384.0	0.0
13385.0	0.0
13386.0	0.0
13387.0	0.0
13388.0	0.0
13389.0	0.0
13390.0	0.0
13391.0	0.0
13392.0	0.0
13393.0	0.0
13394.0	0.0
13395.0	0.0
13396.0	0.0
13397.0	0.0
13398.0	0.0
13399.0	0.0
13400.0	0.0
13401.0	0.0
13402.0	0.0
13403.0	0.0
13404.0	0.0
13405.0	0.0
13406.0	0.0
13407.0	0.0
13408.0	0.0
13409.0	0.0
13410.0	0.0
13411.0	0.0
13412.0	0.0
13413.0	0.0
13414.0	0.0
13415.0	0.0
13416.0	0.0
13417.0	0.0
13418.0	0.0
13419.0	0.0
13420.0	0.0
13421.0	0.0
13422.0	0.0
13423.0	0.0
13424.0	0.0
13425.0	0.0
13426.0	0.0
13427.0	0.0
13428.0	0.0
13429.0	0.0
13430.0	0.0
13431.0	0.0
13432.0	0.0
13433.0	0.0
13434.0	0.0
13435.0	0.0
13436.0	0.0
13437.0	0.0
13438.0	0.0
13439.0	0.0
13440.0	0.0
13441.0	0.0
13442.0	0.0
13443.0	0.0
13444.0	0.0
13445.0	0.0
13446.0	0.0
13447.0	0.0
13448.0	0.0
13449.0	0.0
13450.0	0.0
13451.0	0.0
13452.0	0.0
13453.0	0.0
13454.0	0.0
13455.0	0.0
13456.0	0.0
13457.0	0.0
13458.0	0.0
13459.0	0.0
13460.0	0.0
13461.0	0.0
13462.0	0.0
13463.0	0.0
13464.0	0.0
13465.0	0.0
13466.0	0.0
13467.0	0.0
13468.0	0.0
13469.0	0.0
13470.0	0.0
13471.0	0.0
13472.0	0.0
13473.0	0.0
13474.0	0.0
13475.0	0.0
13476.0	0.0
13477.0	0.0
13478.0	0.0
13479.0	0.0
13480.0	0.0
13481.0	0.0
13482.0	0.0
13483.0	0.0
13484.0	0.0
13485.0	0.0
13486.0	0.0
13487.0	0.0
13488.0	0.0
13489.0	0.0
13490.0	0.0
13491.0	0.0
13492.0	0.0
13493.0	0.0
13494.0	0.0
13495.0	0.0
13496.0	0.0
13497.0	0.0
13498.0	0.0
13499.0	0.0
13500.0	0.0
13501.0	0.0
13502.0	0.0
13503.0	0.0
13504.0	0.0
13505.0	0.0
13506.0	0.0
13507.0	0.0
13508.0	0.0
13509.0	0.0
13510.0	0.0
13511.0	0.0
13512.0	0.0
13513.0	0.0
13514.0	0.0
13515.0	0.0
13516.0	0.0
13517.0	0.0
13518.0	0.0
13519.0	0.0
13520.0	0.0
13521.0	0.0
13522.0	0.0
13523.0	0.0
13524.0	0.0
13525.0	0.0
13526.0	0.0
13527.0	0.0
13528.0	0.0
13529.0	0.0
13530.0	0.0
13531.0	0.0
13532.0	0.0
13533.0	0.0
13534.0	0.0
13535.0	0.0
13536.0	0.0
13537.0	0.0
13538.0	0.0
13539.0	0.0
13540.0	0.0
13541.0	0.0
13542.0	0.0
13543.0	0.0
13544.0	0.0
13545.0	0.0
13546.0	0.0
13547.0	0.0
13548.0	0.0
13549.0	0.0
13550.0	0.0
13551.0	0.0
13552.0	0.0
13553.0	0.0
13554.0	0.0
13555.0	0.0
13556.0	0.0
13557.0	0.0
13558.0	0.0
13559.0	0.0
13560.0	0.0
13561.0	0.0
13562.0	0.0
13563.0	0.0
13564.0	0.0
13565.0	0.0
13566.0	0.0
13567.0	0.0
13568.0	0.0
13569.0	0.0
13570.0	0.0
13571.0	0.0
13572.0	0.0
13573.0	0.0
13574.0	0.0
13575.0	0.0
13576.0	0.0
13577.0	0.0
13578.0	0.0
13579.0	0.0
13580.0	0.0
13581.0	0.0
13582.0	0.0
13583.0	0.0
13584.0	0.0
13585.0	0.0
13586.0	0.0
13587.0	0.0
13588.0	0.0
13589.0	0.0
13590.0	0.0
13591.0	0.0
13592.0	0.0
13593.0	0.0
13594.0	0.0
13595.0	0.0
13596.0	0.0
13597.0	0.0
13598.0	0.0
13599.0	0.0
13600.0	0.0
13601.0	0.0
13602.0	0.0
13603.0	0.0
13604.0	0.0
13605.0	0.0
13606.0	0.0
13607.0	0.0
13608.0	0.0
13609.0	0.0
13610.0	0.0
13611.0	0.0
13612.0	0.0
13613.0	0.0
13614.0	0.0
13615.0	0.0
13616.0	0.0
13617.0	0.0
13618.0	0.0
13619.0	0.0
13620.0	0.0
13621.0	0.0
13622.0	0.0
13623.0	0.0
13624.0	0.0
13625.0	0.0
13626.0	0.0
13627.0	0.0
13628.0	0.0
13629.0	0.0
13630.0	0.0
13631.0	0.0
13632.0	0.0
13633.0	0.0
13634.0	0.0
13635.0	0.0
13636.0	0.0
13637.0	0.0
13638.0	0.0
13639.0	0.0
13640.0	0.0
13641.0	0.0
13642.0	0.0
13643.0	0.0
13644.0	0.0
13645.0	0.0
13646.0	0.0
13647.0	0.0
13648.0	0.0
13649.0	0.0
13650.0	0.0
13651.0	0.0
13652.0	0.0
13653.0	0.0
13654.0	0.0
13655.0	0.0
13656.0	0.0
13657.0	0.0
13658.0	0.0
13659.0	0.0
13660.0	0.0
13661.0	0.0
13662.0	0.0
13663.0	0.0
13664.0	0.0
13665.0	0.0
13666.0	0.0
13667.0	0.0
13668.0	0.0
13669.0	0.0
13670.0	0.0
13671.0	0.0
13672.0	0.0
13673.0	0.0
13674.0	0.0
13675.0	0.0
13676.0	0.0
13677.0	0.0
13678.0	0.0
13679.0	0.0
13680.0	0.0
13681.0	0.0
13682.0	0.0
13683.0	0.0
13684.0	0.0
13685.0	0.0
13686.0	0.0
13687.0	0.0
13688.0	0.0
13689.0	0.0
13690.0	0.0
13691.0	0.0
13692.0	0.0
13693.0	0.0
13694.0	0.0
13695.0	0.0
13696.0	0.0
13697.0	0.0
13698.0	0.0
13699.0	0.0
13700.0	0.0
13701.0	0.0
13702.0	0.0
13703.0	0.0
13704.0	0.0
13705.0	0.0
13706.0	0.0
13707.0	0.0
13708.0	0.0
13709.0	0.0
13710.0	0.0
13711.0	0.0
13712.0	0.0
13713.0	0.0
13714.0	0.0
13715.0	0.0
13716.0	0.0
13717.0	0.0
13718.0	0.0
13719.0	0.0
13720.0	0.0
13721.0	0.0
13722.0	0.0
13723.0	0.0
13724.0	0.0
13725.0	0.0
13726.0	0.0
13727.0	0.0
13728.0	0.0
13729.0	0.0
13730.0	0.0
13731.0	0.0
13732.0	0.0
13733.0	0.0
13734.0	0.0
13735.0	0.0
13736.0	0.0
13737.0	0.0
13738.0	0.0
13739.0	0.0
13740.0	0.0
13741.0	0.0
13742.0	0.0
13743.0	0.0
13744.0	0.0
13745.0	0.0
13746.0	0.0
13747.0	0.0
13748.0	0.0
13749.0	0.0
13750.0	0.0
13751.0	0.0
13752.0	0.0
13753.0	0.0
13754.0	0.0
13755.0	0.0
13756.0	0.0
13757.0	0.0
13758.0	0.0
13759.0	0.0
13760.0	0.0
13761.0	0.0
13762.0	0.0
13763.0	0.0
13764.0	0.0
13765.0	0.0
13766.0	0.0
13767.0	0.0
13768.0	0.0
13769.0	0.0
13770.0	0.0
13771.0	0.0
13772.0	0.0
13773.0	0.0
13774.0	0.0
13775.0	0.0
13776.0	0.0
13777.0	0.0
13778.0	0.0
13779.0	0.0
13780.0	0.0
13781.0	0.0
13782.0	0.0
13783.0	0.0
13784.0	0.0
13785.0	0.0
13786.0	0.0
13787.0	0.0
13788.0	0.0
13789.0	0.0
13790.0	0.0
13791.0	0.0
13792.0	0.0
13793.0	0.0
13794.0	0.0
13795.0	0.0
13796.0	0.0
13797.0	0.0
13798.0	0.0
13799.0	0.0
13800.0	0.0
13801.0	0.0
13802.0	0.0
13803.0	0.0
13804.0	0.0
13805.0	0.0
13806.0	0.0
13807.0	0.0
13808.0	0.0
13809.0	0.0
13810.0	0.0
13811.0	0.0
13812.0	0.0
13813.0	0.0
13814.0	0.0
13815.0	0.0
13816.0	0.0
13817.0	0.0
13818.0	0.0
13819.0	0.0
13820.0	0.0
13821.0	0.0
13822.0	0.0
13823.0	0.0
13824.0	0.0
13825.0	0.0
13826.0	0.0
13827.0	0.0
13828.0	0.0
13829.0	0.0
13830.0	0.0
13831.0	0.0
13832.0	0.0
13833.0	0.0
13834.0	0.0
13835.0	0.0
13836.0	0.0
13837.0	0.0
13838.0	0.0
13839.0	0.0
13840.0	0.0
13841.0	0.0
13842.0	0.0
13843.0	0.0
13844.0	0.0
13845.0	0.0
13846.0	0.0
13847.0	0.0
13848.0	0.0
13849.0	0.0
13850.0	0.0
13851.0	0.0
13852.0	0.0
13853.0	0.0
13854.0	0.0
13855.0	0.0
13856.0	0.0
13857.0	0.0
13858.0	0.0
13859.0	0.0
13860.0	0.0
13861.0	0.0
13862.0	0.0
13863.0	0.0
13864.0	0.0
13865.0	0.0
13866.0	0.0
13867.0	0.0
13868.0	0.0
13869.0	0.0
13870.0	0.0
13871.0	0.0
13872.0	0.0
13873.0	0.0
13874.0	0.0
13875.0	0.0
13876.0	0.0
13877.0	0.0
13878.0	0.0
13879.0	0.0
13880.0	0.0
13881.0	0.0
13882.0	0.0
13883.0	0.0
13884.0	0.0
13885.0	0.0
13886.0	0.0
13887.0	0.0
13888.0	0.0
13889.0	0.0
13890.0	0.0
13891.0	0.0
13892.0	0.0
13893.0	0.0
13894.0	0.0
13895.0	0.0
13896.0	0.0
13897.0	0.0
13898.0	0.0
13899.0	0.0
13900.0	0.0
13901.0	0.0
13902.0	0.0
13903.0	0.0
13904.0	0.0
13905.0	0.0
13906.0	0.0
13907.0	0.0
13908.0	0.0
13909.0	0.0
13910.0	0.0
13911.0	0.0
13912.0	0.0
13913.0	0.0
13914.0	0.0
13915.0	0.0
13916.0	0.0
13917.0	0.0
13918.0	0.0
13919.0	0.0
13920.0	0.0
13921.0	0.0
13922.0	0.0
13923.0	0.0
13924.0	0.0
13925.0	0.0
13926.0	0.0
13927.0	0.0
13928.0	0.0
13929.0	0.0
13930.0	0.0
13931.0	0.0
13932.0	0.0
13933.0	0.0
13934.0	0.0
13935.0	0.0
13936.0	0.0
13937.0	0.0
13938.0	0.0
13939.0	0.0
13940.0	0.0
13941.0	0.0
13942.0	0.0
13943.0	0.0
13944.0	0.0
13945.0	0.0
13946.0	0.0
13947.0	0.0
13948.0	0.0
13949.0	0.0
13950.0	0.0
13951.0	0.0
13952.0	0.0
13953.0	0.0
13954.0	0.0
13955.0	0.0
13956.0	0.0
13957.0	0.0
13958.0	0.0
13959.0	0.0
13960.0	0.0
13961.0	0.0
13962.0	0.0
13963.0	0.0
13964.0	0.0
13965.0	0.0
13966.0	0.0
13967.0	0.0
13968.0	0.0
13969.0	0.0
13970.0	0.0
13971.0	0.0
13972.0	0.0
13973.0	0.0
13974.0	0.0
13975.0	0.0
13976.0	0.0
13977.0	0.0
13978.0	0.0
13979.0	0.0
13980.0	0.0
13981.0	0.0
13982.0	0.0
13983.0	0.0
13984.0	0.0
13985.0	0.0
13986.0	0.0
13987.0	0.0
13988.0	0.0
13989.0	0.0
13990.0	0.0
13991.0	0.0
13992.0	0.0
13993.0	0.0
13994.0	0.0
13995.0	0.0
13996.0	0.0
13997.0	0.0
13998.0	0.0
13999.0	0.0
14000.0	0.0
14001.0	0.0
14002.0	0.0
14003.0	0.0
14004.0	0.0
14005.0	0.0
14006.0	0.0
14007.0	0.0
14008.0	0.0
14009.0	0.0
14010.0	0.0
14011.0	0.0
14012.0	0.0
14013.0	0.0
14014.0	0.0
14015.0	0.0
14016.0	0.0
14017.0	0.0
14018.0	0.0
14019.0	0.0
14020.0	0.0
14021.0	0.0
14022.0	0.0
14023.0	0.0
14024.0	0.0
14025.0	0.0
14026.0	0.0
14027.0	0.0
14028.0	0.0
14029.0	0.0
14030.0	0.0
14031.0	0.0
14032.0	0.0
14033.0	0.0
14034.0	0.0
14035.0	0.0
14036.0	0.0
14037.0	0.0
14038.0	0.0
14039.0	0.0
14040.0	0.0
14041.0	0.0
14042.0	0.0
14043.0	0.0
14044.0	0.0
14045.0	0.0
14046.0	0.0
14047.0	0.0
14048.0	0.0
14049.0	0.0
14050.0	0.0
14051.0	0.0
14052.0	0.0
14053.0	0.0
14054.0	0.0
14055.0	0.0
14056.0	0.0
14057.0	0.0
14058.0	0.0
14059.0	0.0
14060.0	0.0
14061.0	0.0
14062.0	0.0
14063.0	0.0
14064.0	0.0
14065.0	0.0
14066.0	0.0
14067.0	0.0
14068.0	0.0
14069.0	0.0
14070.0	0.0
14071.0	0.0
14072.0	0.0
14073.0	0.0
14074.0	0.0
14075.0	0.0
14076.0	0.0
14077.0	0.0
14078.0	0.0
14079.0	0.0
14080.0	0.0
14081.0	0.0
14082.0	0.0
14083.0	0.0
14084.0	0.0
14085.0	0.0
14086.0	0.0
14087.0	0.0
14088.0	0.0
14089.0	0.0
14090.0	0.0
14091.0	0.0
14092.0	0.0
14093.0	0.0
14094.0	0.0
14095.0	0.0
14096.0	0.0
14097.0	0.0
14098.0	0.0
14099.0	0.0
14100.0	0.0
14101.0	0.0
14102.0	0.0
14103.0	0.0
14104.0	0.0
14105.0	0.0
14106.0	0.0
14107.0	0.0
14108.0	0.0
14109.0	0.0
14110.0	0.0
14111.0	0.0
14112.0	0.0
14113.0	0.0
14114.0	0.0
14115.0	0.0
14116.0	0.0
14117.0	0.0
14118.0	0.0
14119.0	0.0
14120.0	0.0
14121.0	0.0
14122.0	0.0
14123.0	0.0
14124.0	0.0
14125.0	0.0
14126.0	0.0
14127.0	0.0
14128.0	0.0
14129.0	0.0
14130.0	0.0
14131.0	0.0
14132.0	0.0
14133.0	0.0
14134.0	0.0
14135.0	0.0
14136.0	0.0
14137.0	0.0
14138.0	0.0
14139.0	0.0
14140.0	0.0
14141.0	0.0
14142.0	0.0
14143.0	0.0
14144.0	0.0
14145.0	0.0
14146.0	0.0
14147.0	0.0
14148.0	0.0
14149.0	0.0
14150.0	0.0
14151.0	0.0
14152.0	0.0
14153.0	0.0
14154.0	0.0
14155.0	0.0
14156.0	0.0
14157.0	0.0
14158.0	0.0
14159.0	0.0
14160.0	0.0
14161.0	0.0
14162.0	0.0
14163.0	0.0
14164.0	0.0
14165.0	0.0
14166.0	0.0
14167.0	0.0
14168.0	0.0
14169.0	0.0
14170.0	0.0
14171.0	0.0
14172.0	0.0
14173.0	0.0
14174.0	0.0
14175.0	0.0
14176.0	0.0
14177.0	0.0
14178.0	0.0
14179.0	0.0
14180.0	0.0
14181.0	0.0
14182.0	0.0
14183.0	0.0
14184.0	0.0
14185.0	0.0
14186.0	0.0
14187.0	0.0
14188.0	0.0
14189.0	0.0
14190.0	0.0
14191.0	0.0
14192.0	0.0
14193.0	0.0
14194.0	0.0
14195.0	0.0
14196.0	0.0
14197.0	0.0
14198.0	0.0
14199.0	0.0
14200.0	0.0
14201.0	0.0
14202.0	0.0
14203.0	0.0
14204.0	0.0
14205.0	0.0
14206.0	0.0
14207.0	0.0
14208.0	0.0
14209.0	0.0
14210.0	0.0
14211.0	0.0
14212.0	0.0
14213.0	0.0
14214.0	0.0
14215.0	0.0
14216.0	0.0
14217.0	0.0
14218.0	0.0
14219.0	0.0
14220.0	0.0
14221.0	0.0
14222.0	0.0
14223.0	0.0
14224.0	0.0
14225.0	0.0
14226.0	0.0
14227.0	0.0
14228.0	0.0
14229.0	0.0
14230.0	0.0
14231.0	0.0
14232.0	0.0
14233.0	0.0
14234.0	0.0
14235.0	0.0
14236.0	0.0
14237.0	0.0
14238.0	0.0
14239.0	0.0
14240.0	0.0
14241.0	0.0
14242.0	0.0
14243.0	0.0
14244.0	0.0
14245.0	0.0
14246.0	0.0
14247.0	0.0
14248.0	0.0
14249.0	0.0
14250.0	0.0
14251.0	0.0
14252.0	0.0
14253.0	0.0
14254.0	0.0
14255.0	0.0
14256.0	0.0
14257.0	0.0
14258.0	0.0
14259.0	0.0
14260.0	0.0
14261.0	0.0
14262.0	0.0
14263.0	0.0
14264.0	0.0
14265.0	0.0
14266.0	0.0
14267.0	0.0
14268.0	0.0
14269.0	0.0
14270.0	0.0
14271.0	0.0
14272.0	0.0
14273.0	0.0
14274.0	0.0
14275.0	0.0
14276.0	0.0
14277.0	0.0
14278.0	0.0
14279.0	0.0
14280.0	0.0
14281.0	0.0
14282.0	0.0
14283.0	0.0
14284.0	0.0
14285.0	0.0
14286.0	0.0
14287.0	0.0
14288.0	0.0
14289.0	0.0
14290.0	0.0
14291.0	0.0
14292.0	0.0
14293.0	0.0
14294.0	0.0
14295.0	0.0
14296.0	0.0
14297.0	0.0
14298.0	0.0
14299.0	0.0
14300.0	0.0
14301.0	0.0
14302.0	0.0
14303.0	0.0
14304.0	0.0
14305.0	0.0
14306.0	0.0
14307.0	0.0
14308.0	0.0
14309.0	0.0
14310.0	0.0
14311.0	0.0
14312.0	0.0
14313.0	0.0
14314.0	0.0
14315.0	0.0
14316.0	0.0
14317.0	0.0
14318.0	0.0
14319.0	0.0
14320.0	0.0
14321.0	0.0
14322.0	0.0
14323.0	0.0
14324.0	0.0
14325.0	0.0
14326.0	0.0
14327.0	0.0
14328.0	0.0
14329.0	0.0
14330.0	0.0
14331.0	0.0
14332.0	0.0
14333.0	0.0
14334.0	0.0
14335.0	0.0
14336.0	0.0
14337.0	0.0
14338.0	0.0
14339.0	0.0
14340.0	0.0
14341.0	0.0
14342.0	0.0
14343.0	0.0
14344.0	0.0
14345.0	0.0
14346.0	0.0
14347.0	0.0
14348.0	0.0
14349.0	0.0
14350.0	0.0
14351.0	0.0
14352.0	0.0
14353.0	0.0
14354.0	0.0
14355.0	0.0
14356.0	0.0
14357.0	0.0
14358.0	0.0
14359.0	0.0
14360.0	0.0
14361.0	0.0
14362.0	0.0
14363.0	0.0
14364.0	0.0
14365.0	0.0
14366.0	0.0
14367.0	0.0
14368.0	0.0
14369.0	0.0
14370.0	0.0
14371.0	0.0
14372.0	0.0
14373.0	0.0
14374.0	0.0
14375.0	0.0
14376.0	0.0
14377.0	0.0
14378.0	0.0
14379.0	0.0
14380.0	0.0
14381.0	0.0
14382.0	0.0
14383.0	0.0
14384.0	0.0
14385.0	0.0
14386.0	0.0
14387.0	0.0
14388.0	0.0
14389.0	0.0
14390.0	0.0
14391.0	0.0
14392.0	0.0
14393.0	0.0
14394.0	0.0
14395.0	0.0
14396.0	0.0
14397.0	0.0
14398.0	0.0
14399.0	0.0
14400.0	0.0
14401.0	0.0
14402.0	0.0
14403.0	0.0
14404.0	0.0
14405.0	0.0
14406.0	0.0
14407.0	0.0
14408.0	0.0
14409.0	0.0
14410.0	0.0
14411.0	0.0
14412.0	0.0
14413.0	0.0
14414.0	0.0
14415.0	0.0
14416.0	0.0
14417.0	0.0
14418.0	0.0
14419.0	0.0
14420.0	0.0
14421.0	0.0
14422.0	0.0
14423.0	0.0
14424.0	0.0
14425.0	0.0
14426.0	0.0
14427.0	0.0
14428.0	0.0
14429.0	0.0
14430.0	0.0
14431.0	0.0
14432.0	0.0
14433.0	0.0
14434.0	0.0
14435.0	0.0
14436.0	0.0
14437.0	0.0
14438.0	0.0
14439.0	0.0
14440.0	0.0
14441.0	0.0
14442.0	0.0
14443.0	0.0
14444.0	0.0
14445.0	0.0
14446.0	0.0
14447.0	0.0
14448.0	0.0
14449.0	0.0
14450.0	0.0
14451.0	0.0
14452.0	0.0
14453.0	0.0
14454.0	0.0
14455.0	0.0
14456.0	0.0
14457.0	0.0
14458.0	0.0
14459.0	0.0
14460.0	0.0
14461.0	0.0
14462.0	0.0
14463.0	0.0
14464.0	0.0
14465.0	0.0
14466.0	0.0
14467.0	0.0
14468.0	0.0
14469.0	0.0
14470.0	0.0
14471.0	0.0
14472.0	0.0
14473.0	0.0
14474.0	0.0
14475.0	0.0
14476.0	0.0
14477.0	0.0
14478.0	0.0
14479.0	0.0
14480.0	0.0
14481.0	0.0
14482.0	0.0
14483.0	0.0
14484.0	0.0
14485.0	0.0
14486.0	0.0
14487.0	0.0
14488.0	0.0
14489.0	0.0
14490.0	0.0
14491.0	0.0
14492.0	0.0
14493.0	0.0
14494.0	0.0
14495.0	0.0
14496.0	0.0
14497.0	0.0
14498.0	0.0
14499.0	0.0
14500.0	0.0
14501.0	0.0
14502.0	0.0
14503.0	0.0
14504.0	0.0
14505.0	0.0
14506.0	0.0
14507.0	0.0
14508.0	0.0
14509.0	0.0
14510.0	0.0
14511.0	0.0
14512.0	0.0
14513.0	0.0
14514.0	0.0
14515.0	0.0
14516.0	0.0
14517.0	0.0
14518.0	0.0
14519.0	0.0
14520.0	0.0
14521.0	0.0
14522.0	0.0
14523.0	0.0
14524.0	0.0
14525.0	0.0
14526.0	0.0
14527.0	0.0
14528.0	0.0
14529.0	0.0
14530.0	0.0
14531.0	0.0
14532.0	0.0
14533.0	0.0
14534.0	0.0
14535.0	0.0
14536.0	0.0
14537.0	0.0
14538.0	0.0
14539.0	0.0
14540.0	0.0
14541.0	0.0
14542.0	0.0
14543.0	0.0
14544.0	0.0
14545.0	0.0
14546.0	0.0
14547.0	0.0
14548.0	0.0
14549.0	0.0
14550.0	0.0
14551.0	0.0
14552.0	0.0
14553.0	0.0
14554.0	0.0
14555.0	0.0
14556.0	0.0
14557.0	0.0
14558.0	0.0
14559.0	0.0
14560.0	0.0
14561.0	0.0
14562.0	0.0
14563.0	0.0
14564.0	0.0
14565.0	0.0
14566.0	0.0
14567.0	0.0
14568.0	0.0
14569.0	0.0
14570.0	0.0
14571.0	0.0
14572.0	0.0
14573.0	0.0
14574.0	0.0
14575.0	0.0
14576.0	0.0
14577.0	0.0
14578.0	0.0
14579.0	0.0
14580.0	0.0
14581.0	0.0
14582.0	0.0
14583.0	0.0
14584.0	0.0
14585.0	0.0
14586.0	0.0
14587.0	0.0
14588.0	0.0
14589.0	0.0
14590.0	0.0
14591.0	0.0
14592.0	0.0
14593.0	0.0
14594.0	0.0
14595.0	0.0
14596.0	0.0
14597.0	0.0
14598.0	0.0
14599.0	0.0
14600.0	0.0
14601.0	0.0
14602.0	0.0
14603.0	0.0
14604.0	0.0
14605.0	0.0
14606.0	0.0
14607.0	0.0
14608.0	0.0
14609.0	0.0
14610.0	0.0
14611.0	0.0
14612.0	0.0
14613.0	0.0
14614.0	0.0
14615.0	0.0
14616.0	0.0
14617.0	0.0
14618.0	0.0
14619.0	0.0
14620.0	0.0
14621.0	0.0
14622.0	0.0
14623.0	0.0
14624.0	0.0
14625.0	0.0
14626.0	0.0
14627.0	0.0
14628.0	0.0
14629.0	0.0
14630.0	0.0
14631.0	0.0
14632.0	0.0
14633.0	0.0
14634.0	0.0
14635.0	0.0
14636.0	0.0
14637.0	0.0
14638.0	0.0
14639.0	0.0
14640.0	0.0
14641.0	0.0
14642.0	0.0
14643.0	0.0
14644.0	0.0
14645.0	0.0
14646.0	0.0
14647.0	0.0
14648.0	0.0
14649.0	0.0
14650.0	0.0
14651.0	0.0
14652.0	0.0
14653.0	0.0
14654.0	0.0
14655.0	0.0
14656.0	0.0
14657.0	0.0
14658.0	0.0
14659.0	0.0
14660.0	0.0
14661.0	0.0
14662.0	0.0
14663.0	0.0
14664.0	0.0
14665.0	0.0
14666.0	0.0
14667.0	0.0
14668.0	0.0
14669.0	0.0
14670.0	0.0
14671.0	0.0
14672.0	0.0
14673.0	0.0
14674.0	0.0
14675.0	0.0
14676.0	0.0
14677.0	0.0
14678.0	0.0
14679.0	0.0
14680.0	0.0
14681.0	0.0
14682.0	0.0
14683.0	0.0
14684.0	0.0
14685.0	0.0
14686.0	0.0
14687.0	0.0
14688.0	0.0
14689.0	0.0
14690.0	0.0
14691.0	0.0
14692.0	0.0
14693.0	0.0
14694.0	0.0
14695.0	0.0
14696.0	0.0
14697.0	0.0
14698.0	0.0
14699.0	0.0
14700.0	0.0
14701.0	0.0
14702.0	0.0
14703.0	0.0
14704.0	0.0
14705.0	0.0
14706.0	0.0
14707.0	0.0
14708.0	0.0
14709.0	0.0
14710.0	0.0
14711.0	0.0
14712.0	0.0
14713.0	0.0
14714.0	0.0
14715.0	0.0
14716.0	0.0
14717.0	0.0
14718.0	0.0
14719.0	0.0
14720.0	0.0
14721.0	0.0
14722.0	0.0
14723.0	0.0
14724.0	0.0
14725.0	0.0
14726.0	0.0
14727.0	0.0
14728.0	0.0
14729.0	0.0
14730.0	0.0
14731.0	0.0
14732.0	0.0
14733.0	0.0
14734.0	0.0
14735.0	0.0
14736.0	0.0
14737.0	0.0
14738.0	0.0
14739.0	0.0
14740.0	0.0
14741.0	0.0
14742.0	0.0
14743.0	0.0
14744.0	0.0
14745.0	0.0
14746.0	0.0
14747.0	0.0
14748.0	0.0
14749.0	0.0
14750.0	0.0
14751.0	0.0
14752.0	0.0
14753.0	0.0
14754.0	0.0
14755.0	0.0
14756.0	0.0
14757.0	0.0
14758.0	0.0
14759.0	0.0
14760.0	0.0
14761.0	0.0
14762.0	0.0
14763.0	0.0
14764.0	0.0
14765.0	0.0
14766.0	0.0
14767.0	0.0
14768.0	0.0
14769.0	0.0
14770.0	0.0
14771.0	0.0
14772.0	0.0
14773.0	0.0
14774.0	0.0
14775.0	0.0
14776.0	0.0
14777.0	0.0
14778.0	0.0
14779.0	0.0
14780.0	0.0
14781.0	0.0
14782.0	0.0
14783.0	0.0
14784.0	0.0
14785.0	0.0
14786.0	0.0
14787.0	0.0
14788.0	0.0
14789.0	0.0
14790.0	0.0
14791.0	0.0
14792.0	0.0
14793.0	0.0
14794.0	0.0
14795.0	0.0
14796.0	0.0
14797.0	0.0
14798.0	0.0
14799.0	0.0
14800.0	0.0
14801.0	0.0
14802.0	0.0
14803.0	0.0
14804.0	0.0
14805.0	0.0
14806.0	0.0
14807.0	0.0
14808.0	0.0
14809.0	0.0
14810.0	0.0
14811.0	0.0
14812.0	0.0
14813.0	0.0
14814.0	0.0
14815.0	0.0
14816.0	0.0
14817.0	0.0
14818.0	0.0
14819.0	0.0
14820.0	0.0
14821.0	0.0
14822.0	0.0
14823.0	0.0
14824.0	0.0
14825.0	0.0
14826.0	0.0
14827.0	0.0
14828.0	0.0
14829.0	0.0
14830.0	0.0
14831.0	0.0
14832.0	0.0
14833.0	0.0
14834.0	0.0
14835.0	0.0
14836.0	0.0
14837.0	0.0
14838.0	0.0
14839.0	0.0
14840.0	0.0
14841.0	0.0
14842.0	0.0
14843.0	0.0
14844.0	0.0
14845.0	0.0
14846.0	0.0
14847.0	0.0
14848.0	0.0
14849.0	0.0
14850.0	0.0
14851.0	0.0
14852.0	0.0
14853.0	0.0
14854.0	0.0
14855.0	0.0
14856.0	0.0
14857.0	0.0
14858.0	0.0
14859.0	0.0
14860.0	0.0
14861.0	0.0
14862.0	0.0
14863.0	0.0
14864.0	0.0
14865.0	0.0
14866.0	0.0
14867.0	0.0
14868.0	0.0
14869.0	0.0
14870.0	0.0
14871.0	0.0
14872.0	0.0
14873.0	0.0
14874.0	0.0
14875.0	0.0
14876.0	0.0
14877.0	0.0
14878.0	0.0
14879.0	0.0
14880.0	0.0
14881.0	0.0
14882.0	0.0
14883.0	0.0
14884.0	0.0
14885.0	0.0
14886.0	0.0
14887.0	0.0
14888.0	0.0
14889.0	0.0
14890.0	0.0
14891.0	0.0
14892.0	0.0
14893.0	0.0
14894.0	0.0
14895.0	0.0
14896.0	0.0
14897.0	0.0
14898.0	0.0
14899.0	0.0
14900.0	0.0
14901.0	0.0
14902.0	0.0
14903.0	0.0
14904.0	0.0
14905.0	0.0
14906.0	0.0
14907.0	0.0
14908.0	0.0
14909.0	0.0
14910.0	0.0
14911.0	0.0
14912.0	0.0
14913.0	0.0
14914.0	0.0
14915.0	0.0
14916.0	0.0
14917.0	0.0
14918.0	0.0
14919.0	0.0
14920.0	0.0
14921.0	0.0
14922.0	0.0
14923.0	0.0
14924.0	0.0
14925.0	0.0
14926.0	0.0
14927.0	0.0
14928.0	0.0
14929.0	0.0
14930.0	0.0
14931.0	0.0
14932.0	0.0
14933.0	0.0
14934.0	0.0
14935.0	0.0
14936.0	0.0
14937.0	0.0
14938.0	0.0
14939.0	0.0
14940.0	0.0
14941.0	0.0
14942.0	0.0
14943.0	0.0
14944.0	0.0
14945.0	0.0
14946.0	0.0
14947.0	0.0
14948.0	0.0
14949.0	0.0
14950.0	0.0
14951.0	0.0
14952.0	0.0
14953.0	0.0
14954.0	0.0
14955.0	0.0
14956.0	0.0
14957.0	0.0
14958.0	0.0
14959.0	0.0
14960.0	0.0
14961.0	0.0
14962.0	0.0
14963.0	0.0
14964.0	0.0
14965.0	0.0
14966.0	0.0
14967.0	0.0
14968.0	0.0
14969.0	0.0
14970.0	0.0
14971.0	0.0
14972.0	0.0
14973.0	0.0
14974.0	0.0
14975.0	0.0
14976.0	0.0
14977.0	0.0
14978.0	0.0
14979.0	0.0
14980.0	0.0
14981.0	0.0
14982.0	0.0
14983.0	0.0
14984.0	0.0
14985.0	0.0
14986.0	0.0
14987.0	0.0
14988.0	0.0
14989.0	0.0
14990.0	0.0
14991.0	0.0
14992.0	0.0
14993.0	0.0
14994.0	0.0
14995.0	0.0
14996.0	0.0
14997.0	0.0
14998.0	0.0
14999.0	0.0
15000.0	0.0
15001.0	0.0
15002.0	0.0
15003.0	0.0
15004.0	0.0
15005.0	0.0
15006.0	0.0
15007.0	0.0
15008.0	0.0
15009.0	0.0
15010.0	0.0
15011.0	0.0
15012.0	0.0
15013.0	0.0
15014.0	0.0
15015.0	0.0
15016.0	0.0
15017.0	0.0
15018.0	0.0
15019.0	0.0
15020.0	0.0
15021.0	0.0
15022.0	0.0
15023.0	0.0
15024.0	0.0
15025.0	0.0
15026.0	0.0
15027.0	0.0
15028.0	0.0
15029.0	0.0
15030.0	0.0
15031.0	0.0
15032.0	0.0
15033.0	0.0
15034.0	0.0
15035.0	0.0
15036.0	0.0
15037.0	0.0
15038.0	0.0
15039.0	0.0
15040.0	0.0
15041.0	0.0
15042.0	0.0
15043.0	0.0
15044.0	0.0
15045.0	0.0
15046.0	0.0
15047.0	0.0
15048.0	0.0
15049.0	0.0
15050.0	0.0
15051.0	0.0
15052.0	0.0
15053.0	0.0
15054.0	0.0
15055.0	0.0
15056.0	0.0
15057.0	0.0
15058.0	0.0
15059.0	0.0
15060.0	0.0
15061.0	0.0
15062.0	0.0
15063.0	0.0
15064.0	0.0
15065.0	0.0
15066.0	0.0
15067.0	0.0
15068.0	0.0
15069.0	0.0
15070.0	0.0
15071.0	0.0
15072.0	0.0
15073.0	0.0
15074.0	0.0
15075.0	0.0
15076.0	0.0
15077.0	0.0
15078.0	0.0
15079.0	0.0
15080.0	0.0
15081.0	0.0
15082.0	0.0
15083.0	0.0
15084.0	0.0
15085.0	0.0
15086.0	0.0
15087.0	0.0
15088.0	0.0
15089.0	0.0
15090.0	0.0
15091.0	0.0
15092.0	0.0
15093.0	0.0
15094.0	0.0
15095.0	0.0
15096.0	0.0
15097.0	0.0
15098.0	0.0
15099.0	0.0
15100.0	0.0
15101.0	0.0
15102.0	0.0
15103.0	0.0
15104.0	0.0
15105.0	0.0
15106.0	0.0
15107.0	0.0
15108.0	0.0
15109.0	0.0
15110.0	0.0
15111.0	0.0
15112.0	0.0
15113.0	0.0
15114.0	0.0
15115.0	0.0
15116.0	0.0
15117.0	0.0
15118.0	0.0
15119.0	0.0
15120.0	0.0
15121.0	0.0
15122.0	0.0
15123.0	0.0
15124.0	0.0
15125.0	0.0
15126.0	0.0
15127.0	0.0
15128.0	0.0
15129.0	0.0
15130.0	0.0
15131.0	0.0
15132.0	0.0
15133.0	0.0
15134.0	0.0
15135.0	0.0
15136.0	0.0
15137.0	0.0
15138.0	0.0
15139.0	0.0
15140.0	0.0
15141.0	0.0
15142.0	0.0
15143.0	0.0
15144.0	0.0
15145.0	0.0
15146.0	0.0
15147.0	0.0
15148.0	0.0
15149.0	0.0
15150.0	0.0
15151.0	0.0
15152.0	0.0
15153.0	0.0
15154.0	0.0
15155.0	0.0
15156.0	0.0
15157.0	0.0
15158.0	0.0
15159.0	0.0
15160.0	0.0
15161.0	0.0
15162.0	0.0
15163.0	0.0
15164.0	0.0
15165.0	0.0
15166.0	0.0
15167.0	0.0
15168.0	0.0
15169.0	0.0
15170.0	0.0
15171.0	0.0
15172.0	0.0
15173.0	0.0
15174.0	0.0
15175.0	0.0
15176.0	0.0
15177.0	0.0
15178.0	0.0
15179.0	0.0
15180.0	0.0
15181.0	0.0
15182.0	0.0
15183.0	0.0
15184.0	0.0
15185.0	0.0
15186.0	0.0
15187.0	0.0
15188.0	0.0
15189.0	0.0
15190.0	0.0
15191.0	0.0
15192.0	0.0
15193.0	0.0
15194.0	0.0
15195.0	0.0
15196.0	0.0
15197.0	0.0
15198.0	0.0
15199.0	0.0
15200.0	0.0
15201.0	0.0
15202.0	0.0
15203.0	0.0
15204.0	0.0
15205.0	0.0
15206.0	0.0
15207.0	0.0
15208.0	0.0
15209.0	0.0
15210.0	0.0
15211.0	0.0
15212.0	0.0
15213.0	0.0
15214.0	0.0
15215.0	0.0
15216.0	0.0
15217.0	0.0
15218.0	0.0
15219.0	0.0
15220.0	0.0
15221.0	0.0
15222.0	0.0
15223.0	0.0
15224.0	0.0
15225.0	0.0
15226.0	0.0
15227.0	0.0
15228.0	0.0
15229.0	0.0
15230.0	0.0
15231.0	0.0
15232.0	0.0
15233.0	0.0
15234.0	0.0
15235.0	0.0
15236.0	0.0
15237.0	0.0
15238.0	0.0
15239.0	0.0
15240.0	0.0
15241.0	0.0
15242.0	0.0
15243.0	0.0
15244.0	0.0
15245.0	0.0
15246.0	0.0
15247.0	0.0
15248.0	0.0
15249.0	0.0
15250.0	0.0
15251.0	0.0
15252.0	0.0
15253.0	0.0
15254.0	0.0
15255.0	0.0
15256.0	0.0
15257.0	0.0
15258.0	0.0
15259.0	0.0
15260.0	0.0
15261.0	0.0
15262.0	0.0
15263.0	0.0
15264.0	0.0
15265.0	0.0
15266.0	0.0
15267.0	0.0
15268.0	0.0
15269.0	0.0
15270.0	0.0
15271.0	0.0
15272.0	0.0
15273.0	0.0
15274.0	0.0
15275.0	0.0
15276.0	0.0
15277.0	0.0
15278.0	0.0
15279.0	0.0
15280.0	0.0
15281.0	0.0
15282.0	0.0
15283.0	0.0
15284.0	0.0
15285.0	0.0
15286.0	0.0
15287.0	0.0
15288.0	0.0
15289.0	0.0
15290.0	0.0
15291.0	0.0
15292.0	0.0
15293.0	0.0
15294.0	0.0
15295.0	0.0
15296.0	0.0
15297.0	0.0
15298.0	0.0
15299.0	0.0
15300.0	0.0
15301.0	0.0
15302.0	0.0
15303.0	0.0
15304.0	0.0
15305.0	0.0
15306.0	0.0
15307.0	0.0
15308.0	0.0
15309.0	0.0
15310.0	0.0
15311.0	0.0
15312.0	0.0
15313.0	0.0
15314.0	0.0
15315.0	0.0
15316.0	0.0
15317.0	0.0
15318.0	0.0
15319.0	0.0
15320.0	0.0
15321.0	0.0
15322.0	0.0
15323.0	0.0
15324.0	0.0
15325.0	0.0
15326.0	0.0
15327.0	0.0
15328.0	0.0
15329.0	0.0
15330.0	0.0
15331.0	0.0
15332.0	0.0
15333.0	0.0
15334.0	0.0
15335.0	0.0
15336.0	0.0
15337.0	0.0
15338.0	0.0
15339.0	0.0
15340.0	0.0
15341.0	0.0
15342.0	0.0
15343.0	0.0
15344.0	0.0
15345.0	0.0
15346.0	0.0
15347.0	0.0
15348.0	0.0
15349.0	0.0
15350.0	0.0
15351.0	0.0
15352.0	0.0
15353.0	0.0
15354.0	0.0
15355.0	0.0
15356.0	0.0
15357.0	0.0
15358.0	0.0
15359.0	0.0
15360.0	0.0
15361.0	0.0
15362.0	0.0
15363.0	0.0
15364.0	0.0
15365.0	0.0
15366.0	0.0
15367.0	0.0
15368.0	0.0
15369.0	0.0
15370.0	0.0
15371.0	0.0
15372.0	0.0
15373.0	0.0
15374.0	0.0
15375.0	0.0
15376.0	0.0
15377.0	0.0
15378.0	0.0
15379.0	0.0
15380.0	0.0
15381.0	0.0
15382.0	0.0
15383.0	0.0
15384.0	0.0
15385.0	0.0
15386.0	0.0
15387.0	0.0
15388.0	0.0
15389.0	0.0
15390.0	0.0
15391.0	0.0
15392.0	0.0
15393.0	0.0
15394.0	0.0
15395.0	0.0
15396.0	0.0
15397.0	0.0
15398.0	0.0
15399.0	0.0
15400.0	0.0
15401.0	0.0
15402.0	0.0
15403.0	0.0
15404.0	0.0
15405.0	0.0
15406.0	0.0
15407.0	0.0
15408.0	0.0
15409.0	0.0
15410.0	0.0
15411.0	0.0
15412.0	0.0
15413.0	0.0
15414.0	0.0
15415.0	0.0
15416.0	0.0
15417.0	0.0
15418.0	0.0
15419.0	0.0
15420.0	0.0
15421.0	0.0
15422.0	0.0
15423.0	0.0
15424.0	0.0
15425.0	0.0
15426.0	0.0
15427.0	0.0
15428.0	0.0
15429.0	0.0
15430.0	0.0
15431.0	0.0
15432.0	0.0
15433.0	0.0
15434.0	0.0
15435.0	0.0
15436.0	0.0
15437.0	0.0
15438.0	0.0
15439.0	0.0
15440.0	0.0
15441.0	0.0
15442.0	0.0
15443.0	0.0
15444.0	0.0
15445.0	0.0
15446.0	0.0
15447.0	0.0
15448.0	0.0
15449.0	0.0
15450.0	0.0
15451.0	0.0
15452.0	0.0
15453.0	0.0
15454.0	0.0
15455.0	0.0
15456.0	0.0
15457.0	0.0
15458.0	0.0
15459.0	0.0
15460.0	0.0
15461.0	0.0
15462.0	0.0
15463.0	0.0
15464.0	0.0
15465.0	0.0
15466.0	0.0
15467.0	0.0
15468.0	0.0
15469.0	0.0
15470.0	0.0
15471.0	0.0
15472.0	0.0
15473.0	0.0
15474.0	0.0
15475.0	0.0
15476.0	0.0
15477.0	0.0
15478.0	0.0
15479.0	0.0
15480.0	0.0
15481.0	0.0
15482.0	0.0
15483.0	0.0
15484.0	0.0
15485.0	0.0
15486.0	0.0
15487.0	0.0
15488.0	0.0
15489.0	0.0
15490.0	0.0
15491.0	0.0
15492.0	0.0
15493.0	0.0
15494.0	0.0
15495.0	0.0
15496.0	0.0
15497.0	0.0
15498.0	0.0
15499.0	0.0
15500.0	0.0
15501.0	0.0
15502.0	0.0
15503.0	0.0
15504.0	0.0
15505.0	0.0
15506.0	0.0
15507.0	0.0
15508.0	0.0
15509.0	0.0
15510.0	0.0
15511.0	0.0
15512.0	0.0
15513.0	0.0
15514.0	0.0
15515.0	0.0
15516.0	0.0
15517.0	0.0
15518.0	0.0
15519.0	0.0
15520.0	0.0
15521.0	0.0
15522.0	0.0
15523.0	0.0
15524.0	0.0
15525.0	0.0
15526.0	0.0
15527.0	0.0
15528.0	0.0
15529.0	0.0
15530.0	0.0
15531.0	0.0
15532.0	0.0
15533.0	0.0
15534.0	0.0
15535.0	0.0
15536.0	0.0
15537.0	0.0
15538.0	0.0
15539.0	0.0
15540.0	0.0
15541.0	0.0
15542.0	0.0
15543.0	0.0
15544.0	0.0
15545.0	0.0
15546.0	0.0
15547.0	0.0
15548.0	0.0
15549.0	0.0
15550.0	0.0
15551.0	0.0
15552.0	0.0
15553.0	0.0
15554.0	0.0
15555.0	0.0
15556.0	0.0
15557.0	0.0
15558.0	0.0
15559.0	0.0
15560.0	0.0
15561.0	0.0
15562.0	0.0
15563.0	0.0
15564.0	0.0
15565.0	0.0
15566.0	0.0
15567.0	0.0
15568.0	0.0
15569.0	0.0
15570.0	0.0
15571.0	0.0
15572.0	0.0
15573.0	0.0
15574.0	0.0
15575.0	0.0
15576.0	0.0
15577.0	0.0
15578.0	0.0
15579.0	0.0
15580.0	0.0
15581.0	0.0
15582.0	0.0
15583.0	0.0
15584.0	0.0
15585.0	0.0
15586.0	0.0
15587.0	0.0
15588.0	0.0
15589.0	0.0
15590.0	0.0
15591.0	0.0
15592.0	0.0
15593.0	0.0
15594.0	0.0
15595.0	0.0
15596.0	0.0
15597.0	0.0
15598.0	0.0
15599.0	0.0
15600.0	0.0
15601.0	0.0
15602.0	0.0
15603.0	0.0
15604.0	0.0
15605.0	0.0
15606.0	0.0
15607.0	0.0
15608.0	0.0
15609.0	0.0
15610.0	0.0
15611.0	0.0
15612.0	0.0
15613.0	0.0
15614.0	0.0
15615.0	0.0
15616.0	0.0
15617.0	0.0
15618.0	0.0
15619.0	0.0
15620.0	0.0
15621.0	0.0
15622.0	0.0
15623.0	0.0
15624.0	0.0
15625.0	0.0
15626.0	0.0
15627.0	0.0
15628.0	0.0
15629.0	0.0
15630.0	0.0
15631.0	0.0
15632.0	0.0
15633.0	0.0
15634.0	0.0
15635.0	0.0
15636.0	0.0
15637.0	0.0
15638.0	0.0
15639.0	0.0
15640.0	0.0
15641.0	0.0
15642.0	0.0
15643.0	0.0
15644.0	0.0
15645.0	0.0
15646.0	0.0
15647.0	0.0
15648.0	0.0
15649.0	0.0
15650.0	0.0
15651.0	0.0
15652.0	0.0
15653.0	0.0
15654.0	0.0
15655.0	0.0
15656.0	0.0
15657.0	0.0
15658.0	0.0
15659.0	0.0
15660.0	0.0
15661.0	0.0
15662.0	0.0
15663.0	0.0
15664.0	0.0
15665.0	0.0
15666.0	0.0
15667.0	0.0
15668.0	0.0
15669.0	0.0
15670.0	0.0
15671.0	0.0
15672.0	0.0
15673.0	0.0
15674.0	0.0
15675.0	0.0
15676.0	0.0
15677.0	0.0
15678.0	0.0
15679.0	0.0
15680.0	0.0
15681.0	0.0
15682.0	0.0
15683.0	0.0
15684.0	0.0
15685.0	0.0
15686.0	0.0
15687.0	0.0
15688.0	0.0
15689.0	0.0
15690.0	0.0
15691.0	0.0
15692.0	0.0
15693.0	0.0
15694.0	0.0
15695.0	0.0
15696.0	0.0
15697.0	0.0
15698.0	0.0
15699.0	0.0
15700.0	0.0
15701.0	0.0
15702.0	0.0
15703.0	0.0
15704.0	0.0
15705.0	0.0
15706.0	0.0
15707.0	0.0
15708.0	0.0
15709.0	0.0
15710.0	0.0
15711.0	0.0
15712.0	0.0
15713.0	0.0
15714.0	0.0
15715.0	0.0
15716.0	0.0
15717.0	0.0
15718.0	0.0
15719.0	0.0
15720.0	0.0
15721.0	0.0
15722.0	0.0
15723.0	0.0
15724.0	0.0
15725.0	0.0
15726.0	0.0
15727.0	0.0
15728.0	0.0
15729.0	0.0
15730.0	0.0
15731.0	0.0
15732.0	0.0
15733.0	0.0
15734.0	0.0
15735.0	0.0
15736.0	0.0
15737.0	0.0
15738.0	0.0
15739.0	0.0
15740.0	0.0
15741.0	0.0
15742.0	0.0
15743.0	0.0
15744.0	0.0
15745.0	0.0
15746.0	0.0
15747.0	0.0
15748.0	0.0
15749.0	0.0
15750.0	0.0
15751.0	0.0
15752.0	0.0
15753.0	0.0
15754.0	0.0
15755.0	0.0
15756.0	0.0
15757.0	0.0
15758.0	0.0
15759.0	0.0
15760.0	0.0
15761.0	0.0
15762.0	0.0
15763.0	0.0
15764.0	0.0
15765.0	0.0
15766.0	0.0
15767.0	0.0
15768.0	0.0
15769.0	0.0
15770.0	0.0
15771.0	0.0
15772.0	0.0
15773.0	0.0
15774.0	0.0
15775.0	0.0
15776.0	0.0
15777.0	0.0
15778.0	0.0
15779.0	0.0
15780.0	0.0
15781.0	0.0
15782.0	0.0
15783.0	0.0
15784.0	0.0
15785.0	0.0
15786.0	0.0
15787.0	0.0
15788.0	0.0
15789.0	0.0
15790.0	0.0
15791.0	0.0
15792.0	0.0
15793.0	0.0
15794.0	0.0
15795.0	0.0
15796.0	0.0
15797.0	0.0
15798.0	0.0
15799.0	0.0
15800.0	0.0
15801.0	0.0
15802.0	0.0
15803.0	0.0
15804.0	0.0
15805.0	0.0
15806.0	0.0
15807.0	0.0
15808.0	0.0
15809.0	0.0
15810.0	0.0
15811.0	0.0
15812.0	0.0
15813.0	0.0
15814.0	0.0
15815.0	0.0
15816.0	0.0
15817.0	0.0
15818.0	0.0
15819.0	0.0
15820.0	0.0
15821.0	0.0
15822.0	0.0
15823.0	0.0
15824.0	0.0
15825.0	0.0
15826.0	0.0
15827.0	0.0
15828.0	0.0
15829.0	0.0
15830.0	0.0
15831.0	0.0
15832.0	0.0
15833.0	0.0
15834.0	0.0
15835.0	0.0
15836.0	0.0
15837.0	0.0
15838.0	0.0
15839.0	0.0
15840.0	0.0
15841.0	0.0
15842.0	0.0
15843.0	0.0
15844.0	0.0
15845.0	0.0
15846.0	0.0
15847.0	0.0
15848.0	0.0
15849.0	0.0
15850.0	0.0
15851.0	0.0
15852.0	0.0
15853.0	0.0
15854.0	0.0
15855.0	0.0
15856.0	0.0
15857.0	0.0
15858.0	0.0
15859.0	0.0
15860.0	0.0
15861.0	0.0
15862.0	0.0
15863.0	0.0
15864.0	0.0
15865.0	0.0
15866.0	0.0
15867.0	0.0
15868.0	0.0
15869.0	0.0
15870.0	0.0
15871.0	0.0
15872.0	0.0
15873.0	0.0
15874.0	0.0
15875.0	0.0
15876.0	0.0
15877.0	0.0
15878.0	0.0
15879.0	0.0
15880.0	0.0
15881.0	0.0
15882.0	0.0
15883.0	0.0
15884.0	0.0
15885.0	0.0
15886.0	0.0
15887.0	0.0
15888.0	0.0
15889.0	0.0
15890.0	0.0
15891.0	0.0
15892.0	0.0
15893.0	0.0
15894.0	0.0
15895.0	0.0
15896.0	0.0
15897.0	0.0
15898.0	0.0
15899.0	0.0
15900.0	0.0
15901.0	0.0
15902.0	0.0
15903.0	0.0
15904.0	0.0
15905.0	0.0
15906.0	0.0
15907.0	0.0
15908.0	0.0
15909.0	0.0
15910.0	0.0
15911.0	0.0
15912.0	0.0
15913.0	0.0
15914.0	0.0
15915.0	0.0
15916.0	0.0
15917.0	0.0
15918.0	0.0
15919.0	0.0
15920.0	0.0
15921.0	0.0
15922.0	0.0
15923.0	0.0
15924.0	0.0
15925.0	0.0
15926.0	0.0
15927.0	0.0
15928.0	0.0
15929.0	0.0
15930.0	0.0
15931.0	0.0
15932.0	0.0
15933.0	0.0
15934.0	0.0
15935.0	0.0
15936.0	0.0
15937.0	0.0
15938.0	0.0
15939.0	0.0
15940.0	0.0
15941.0	0.0
15942.0	0.0
15943.0	0.0
15944.0	0.0
15945.0	0.0
15946.0	0.0
15947.0	0.0
15948.0	0.0
15949.0	0.0
15950.0	0.0
15951.0	0.0
15952.0	0.0
15953.0	0.0
15954.0	0.0
15955.0	0.0
15956.0	0.0
15957.0	0.0
15958.0	0.0
15959.0	0.0
15960.0	0.0
15961.0	0.0
15962.0	0.0
15963.0	0.0
15964.0	0.0
15965.0	0.0
15966.0	0.0
15967.0	0.0
15968.0	0.0
15969.0	0.0
15970.0	0.0
15971.0	0.0
15972.0	0.0
15973.0	0.0
15974.0	0.0
15975.0	0.0
15976.0	0.0
15977.0	0.0
15978.0	0.0
15979.0	0.0
15980.0	0.0
15981.0	0.0
15982.0	0.0
15983.0	0.0
15984.0	0.0
15985.0	0.0
15986.0	0.0
15987.0	0.0
15988.0	0.0
15989.0	0.0
15990.0	0.0
15991.0	0.0
15992.0	0.0
15993.0	0.0
15994.0	0.0
15995.0	0.0
15996.0	0.0
15997.0	0.0
15998.0	0.0
15999.0	0.0
16000.0	0.0
16001.0	0.0
16002.0	0.0
16003.0	0.0
16004.0	0.0
16005.0	0.0
16006.0	0.0
16007.0	0.0
16008.0	0.0
16009.0	0.0
16010.0	0.0
16011.0	0.0
16012.0	0.0
16013.0	0.0
16014.0	0.0
16015.0	0.0
16016.0	0.0
16017.0	0.0
16018.0	0.0
16019.0	0.0
16020.0	0.0
16021.0	0.0
16022.0	0.0
16023.0	0.0
16024.0	0.0
16025.0	0.0
16026.0	0.0
16027.0	0.0
16028.0	0.0
16029.0	0.0
16030.0	0.0
16031.0	0.0
16032.0	0.0
16033.0	0.0
16034.0	0.0
16035.0	0.0
16036.0	0.0
16037.0	0.0
16038.0	0.0
16039.0	0.0
16040.0	0.0
16041.0	0.0
16042.0	0.0
16043.0	0.0
16044.0	0.0
16045.0	0.0
16046.0	0.0
16047.0	0.0
16048.0	0.0
16049.0	0.0
16050.0	0.0
16051.0	0.0
16052.0	0.0
16053.0	0.0
16054.0	0.0
16055.0	0.0
16056.0	0.0
16057.0	0.0
16058.0	0.0
16059.0	0.0
16060.0	0.0
16061.0	0.0
16062.0	0.0
16063.0	0.0
16064.0	0.0
16065.0	0.0
16066.0	0.0
16067.0	0.0
16068.0	0.0
16069.0	0.0
16070.0	0.0
16071.0	0.0
16072.0	0.0
16073.0	0.0
16074.0	0.0
16075.0	0.0
16076.0	0.0
16077.0	0.0
16078.0	0.0
16079.0	0.0
16080.0	0.0
16081.0	0.0
16082.0	0.0
16083.0	0.0
16084.0	0.0
16085.0	0.0
16086.0	0.0
16087.0	0.0
16088.0	0.0
16089.0	0.0
16090.0	0.0
16091.0	0.0
16092.0	0.0
16093.0	0.0
16094.0	0.0
16095.0	0.0
16096.0	0.0
16097.0	0.0
16098.0	0.0
16099.0	0.0
16100.0	0.0
16101.0	0.0
16102.0	0.0
16103.0	0.0
16104.0	0.0
16105.0	0.0
16106.0	0.0
16107.0	0.0
16108.0	0.0
16109.0	0.0
16110.0	0.0
16111.0	0.0
16112.0	0.0
16113.0	0.0
16114.0	0.0
16115.0	0.0
16116.0	0.0
16117.0	0.0
16118.0	0.0
16119.0	0.0
16120.0	0.0
16121.0	0.0
16122.0	0.0
16123.0	0.0
16124.0	0.0
16125.0	0.0
16126.0	0.0
16127.0	0.0
16128.0	0.0
16129.0	0.0
16130.0	0.0
16131.0	0.0
16132.0	0.0
16133.0	0.0
16134.0	0.0
16135.0	0.0
16136.0	0.0
16137.0	0.0
16138.0	0.0
16139.0	0.0
16140.0	0.0
16141.0	0.0
16142.0	0.0
16143.0	0.0
16144.0	0.0
16145.0	0.0
16146.0	0.0
16147.0	0.0
16148.0	0.0
16149.0	0.0
16150.0	0.0
16151.0	0.0
16152.0	0.0
16153.0	0.0
16154.0	0.0
16155.0	0.0
16156.0	0.0
16157.0	0.0
16158.0	0.0
16159.0	0.0
16160.0	0.0
16161.0	0.0
16162.0	0.0
16163.0	0.0
16164.0	0.0
16165.0	0.0
16166.0	0.0
16167.0	0.0
16168.0	0.0
16169.0	0.0
16170.0	0.0
16171.0	0.0
16172.0	0.0
16173.0	0.0
16174.0	0.0
16175.0	0.0
16176.0	0.0
16177.0	0.0
16178.0	0.0
16179.0	0.0
16180.0	0.0
16181.0	0.0
16182.0	0.0
16183.0	0.0
16184.0	0.0
16185.0	0.0
16186.0	0.0
16187.0	0.0
16188.0	0.0
16189.0	0.0
16190.0	0.0
16191.0	0.0
16192.0	0.0
16193.0	0.0
16194.0	0.0
16195.0	0.0
16196.0	0.0
16197.0	0.0
16198.0	0.0
16199.0	0.0
16200.0	0.0
16201.0	0.0
16202.0	0.0
16203.0	0.0
16204.0	0.0
16205.0	0.0
16206.0	0.0
16207.0	0.0
16208.0	0.0
16209.0	0.0
16210.0	0.0
16211.0	0.0
16212.0	0.0
16213.0	0.0
16214.0	0.0
16215.0	0.0
16216.0	0.0
16217.0	0.0
16218.0	0.0
16219.0	0.0
16220.0	0.0
16221.0	0.0
16222.0	0.0
16223.0	0.0
16224.0	0.0
16225.0	0.0
16226.0	0.0
16227.0	0.0
16228.0	0.0
16229.0	0.0
16230.0	0.0
16231.0	0.0
16232.0	0.0
16233.0	0.0
16234.0	0.0
16235.0	0.0
16236.0	0.0
16237.0	0.0
16238.0	0.0
16239.0	0.0
16240.0	0.0
16241.0	0.0
16242.0	0.0
16243.0	0.0
16244.0	0.0
16245.0	0.0
16246.0	0.0
16247.0	0.0
16248.0	0.0
16249.0	0.0
16250.0	0.0
16251.0	0.0
16252.0	0.0
16253.0	0.0
16254.0	0.0
16255.0	0.0
16256.0	0.0
16257.0	0.0
16258.0	0.0
16259.0	0.0
16260.0	0.0
16261.0	0.0
16262.0	0.0
16263.0	0.0
16264.0	0.0
16265.0	0.0
16266.0	0.0
16267.0	0.0
16268.0	0.0
16269.0	0.0
16270.0	0.0
16271.0	0.0
16272.0	0.0
16273.0	0.0
16274.0	0.0
16275.0	0.0
16276.0	0.0
16277.0	0.0
16278.0	0.0
16279.0	0.0
16280.0	0.0
16281.0	0.0
16282.0	0.0
16283.0	0.0
16284.0	0.0
16285.0	0.0
16286.0	0.0
16287.0	0.0
16288.0	0.0
16289.0	0.0
16290.0	0.0
16291.0	0.0
16292.0	0.0
16293.0	0.0
16294.0	0.0
16295.0	0.0
16296.0	0.0
16297.0	0.0
16298.0	0.0
16299.0	0.0
16300.0	0.0
16301.0	0.0
16302.0	0.0
16303.0	0.0
16304.0	0.0
16305.0	0.0
16306.0	0.0
16307.0	0.0
16308.0	0.0
16309.0	0.0
16310.0	0.0
16311.0	0.0
16312.0	0.0
16313.0	0.0
16314.0	0.0
16315.0	0.0
16316.0	0.0
16317.0	0.0
16318.0	0.0
16319.0	0.0
16320.0	0.0
16321.0	0.0
16322.0	0.0
16323.0	0.0
16324.0	0.0
16325.0	0.0
16326.0	0.0
16327.0	0.0
16328.0	0.0
16329.0	0.0
16330.0	0.0
16331.0	0.0
16332.0	0.0
16333.0	0.0
16334.0	0.0
16335.0	0.0
16336.0	0.0
16337.0	0.0
16338.0	0.0
16339.0	0.0
16340.0	0.0
16341.0	0.0
16342.0	0.0
16343.0	0.0
16344.0	0.0
16345.0	0.0
16346.0	0.0
16347.0	0.0
16348.0	0.0
16349.0	0.0
16350.0	0.0
16351.0	0.0
16352.0	0.0
16353.0	0.0
16354.0	0.0
16355.0	0.0
16356.0	0.0
16357.0	0.0
16358.0	0.0
16359.0	0.0
16360.0	0.0
16361.0	0.0
16362.0	0.0
16363.0	0.0
16364.0	0.0
16365.0	0.0
16366.0	0.0
16367.0	0.0
16368.0	0.0
16369.0	0.0
16370.0	0.0
16371.0	0.0
16372.0	0.0
16373.0	0.0
16374.0	0.0
16375.0	0.0
16376.0	0.0
16377.0	0.0
16378.0	0.0
16379.0	0.0
16380.0	0.0
16381.0	0.0
16382.0	0.0
16383.0	0.0
16384.0	0.0
16385.0	0.0
16386.0	0.0
16387.0	0.0
16388.0	0.0
16389.0	0.0
16390.0	0.0
16391.0	0.0
16392.0	0.0
16393.0	0.0
16394.0	0.0
16395.0	0.0
16396.0	0.0
16397.0	0.0
16398.0	0.0
16399.0	0.0
16400.0	0.0
16401.0	0.0
16402.0	0.0
16403.0	0.0
16404.0	0.0
16405.0	0.0
16406.0	0.0
16407.0	0.0
16408.0	0.0
16409.0	0.0
16410.0	0.0
16411.0	0.0
16412.0	0.0
16413.0	0.0
16414.0	0.0
16415.0	0.0
16416.0	0.0
16417.0	0.0
16418.0	0.0
16419.0	0.0
16420.0	0.0
16421.0	0.0
16422.0	0.0
16423.0	0.0
16424.0	0.0
16425.0	0.0
16426.0	0.0
16427.0	0.0
16428.0	0.0
16429.0	0.0
16430.0	0.0
16431.0	0.0
16432.0	0.0
16433.0	0.0
16434.0	0.0
16435.0	0.0
16436.0	0.0
16437.0	0.0
16438.0	0.0
16439.0	0.0
16440.0	0.0
16441.0	0.0
16442.0	0.0
16443.0	0.0
16444.0	0.0
16445.0	0.0
16446.0	0.0
16447.0	0.0
16448.0	0.0
16449.0	0.0
16450.0	0.0
16451.0	0.0
16452.0	0.0
16453.0	0.0
16454.0	0.0
16455.0	0.0
16456.0	0.0
16457.0	0.0
16458.0	0.0
16459.0	0.0
16460.0	0.0
16461.0	0.0
16462.0	0.0
16463.0	0.0
16464.0	0.0
16465.0	0.0
16466.0	0.0
16467.0	0.0
16468.0	0.0
16469.0	0.0
16470.0	0.0
16471.0	0.0
16472.0	0.0
16473.0	0.0
16474.0	0.0
16475.0	0.0
16476.0	0.0
16477.0	0.0
16478.0	0.0
16479.0	0.0
16480.0	0.0
16481.0	0.0
16482.0	0.0
16483.0	0.0
16484.0	0.0
16485.0	0.0
16486.0	0.0
16487.0	0.0
16488.0	0.0
16489.0	0.0
16490.0	0.0
16491.0	0.0
16492.0	0.0
16493.0	0.0
16494.0	0.0
16495.0	0.0
16496.0	0.0
16497.0	0.0
16498.0	0.0
16499.0	0.0
16500.0	0.0
16501.0	0.0
16502.0	0.0
16503.0	0.0
16504.0	0.0
16505.0	0.0
16506.0	0.0
16507.0	0.0
16508.0	0.0
16509.0	0.0
16510.0	0.0
16511.0	0.0
16512.0	0.0
16513.0	0.0
16514.0	0.0
16515.0	0.0
16516.0	0.0
16517.0	0.0
16518.0	0.0
16519.0	0.0
16520.0	0.0
16521.0	0.0
16522.0	0.0
16523.0	0.0
16524.0	0.0
16525.0	0.0
16526.0	0.0
16527.0	0.0
16528.0	0.0
16529.0	0.0
16530.0	0.0
16531.0	0.0
16532.0	0.0
16533.0	0.0
16534.0	0.0
16535.0	0.0
16536.0	0.0
16537.0	0.0
16538.0	0.0
16539.0	0.0
16540.0	0.0
16541.0	0.0
16542.0	0.0
16543.0	0.0
16544.0	0.0
16545.0	0.0
16546.0	0.0
16547.0	0.0
16548.0	0.0
16549.0	0.0
16550.0	0.0
16551.0	0.0
16552.0	0.0
16553.0	0.0
16554.0	0.0
16555.0	0.0
16556.0	0.0
16557.0	0.0
16558.0	0.0
16559.0	0.0
16560.0	0.0
16561.0	0.0
16562.0	0.0
16563.0	0.0
16564.0	0.0
16565.0	0.0
16566.0	0.0
16567.0	0.0
16568.0	0.0
16569.0	0.0
16570.0	0.0
16571.0	0.0
16572.0	0.0
16573.0	0.0
16574.0	0.0
16575.0	0.0
16576.0	0.0
16577.0	0.0
16578.0	0.0
16579.0	0.0
16580.0	0.0
16581.0	0.0
16582.0	0.0
16583.0	0.0
16584.0	0.0
16585.0	0.0
16586.0	0.0
16587.0	0.0
16588.0	0.0
16589.0	0.0
16590.0	0.0
16591.0	0.0
16592.0	0.0
16593.0	0.0
16594.0	0.0
16595.0	0.0
16596.0	0.0
16597.0	0.0
16598.0	0.0
16599.0	0.0
16600.0	0.0
16601.0	0.0
16602.0	0.0
16603.0	0.0
16604.0	0.0
16605.0	0.0
16606.0	0.0
16607.0	0.0
16608.0	0.0
16609.0	0.0
16610.0	0.0
16611.0	0.0
16612.0	0.0
16613.0	0.0
16614.0	0.0
16615.0	0.0
16616.0	0.0
16617.0	0.0
16618.0	0.0
16619.0	0.0
16620.0	0.0
16621.0	0.0
16622.0	0.0
16623.0	0.0
16624.0	0.0
16625.0	0.0
16626.0	0.0
16627.0	0.0
16628.0	0.0
16629.0	0.0
16630.0	0.0
16631.0	0.0
16632.0	0.0
16633.0	0.0
16634.0	0.0
16635.0	0.0
16636.0	0.0
16637.0	0.0
16638.0	0.0
16639.0	0.0
16640.0	0.0
16641.0	0.0
16642.0	0.0
16643.0	0.0
16644.0	0.0
16645.0	0.0
16646.0	0.0
16647.0	0.0
16648.0	0.0
16649.0	0.0
16650.0	0.0
16651.0	0.0
16652.0	0.0
16653.0	0.0
16654.0	0.0
16655.0	0.0
16656.0	0.0
16657.0	0.0
16658.0	0.0
16659.0	0.0
16660.0	0.0
16661.0	0.0
16662.0	0.0
16663.0	0.0
16664.0	0.0
16665.0	0.0
16666.0	0.0
16667.0	0.0
16668.0	0.0
16669.0	0.0
16670.0	0.0
16671.0	0.0
16672.0	0.0
16673.0	0.0
16674.0	0.0
16675.0	0.0
16676.0	0.0
16677.0	0.0
16678.0	0.0
16679.0	0.0
16680.0	0.0
16681.0	0.0
16682.0	0.0
16683.0	0.0
16684.0	0.0
16685.0	0.0
16686.0	0.0
16687.0	0.0
16688.0	0.0
16689.0	0.0
16690.0	0.0
16691.0	0.0
16692.0	0.0
16693.0	0.0
16694.0	0.0
16695.0	0.0
16696.0	0.0
16697.0	0.0
16698.0	0.0
16699.0	0.0
16700.0	0.0
16701.0	0.0
16702.0	0.0
16703.0	0.0
16704.0	0.0
16705.0	0.0
16706.0	0.0
16707.0	0.0
16708.0	0.0
16709.0	0.0
16710.0	0.0
16711.0	0.0
16712.0	0.0
16713.0	0.0
16714.0	0.0
16715.0	0.0
16716.0	0.0
16717.0	0.0
16718.0	0.0
16719.0	0.0
16720.0	0.0
16721.0	0.0
16722.0	0.0
16723.0	0.0
16724.0	0.0
16725.0	0.0
16726.0	0.0
16727.0	0.0
16728.0	0.0
16729.0	0.0
16730.0	0.0
16731.0	0.0
16732.0	0.0
16733.0	0.0
16734.0	0.0
16735.0	0.0
16736.0	0.0
16737.0	0.0
16738.0	0.0
16739.0	0.0
16740.0	0.0
16741.0	0.0
16742.0	0.0
16743.0	0.0
16744.0	0.0
16745.0	0.0
16746.0	0.0
16747.0	0.0
16748.0	0.0
16749.0	0.0
16750.0	0.0
16751.0	0.0
16752.0	0.0
16753.0	0.0
16754.0	0.0
16755.0	0.0
16756.0	0.0
16757.0	0.0
16758.0	0.0
16759.0	0.0
16760.0	0.0
16761.0	0.0
16762.0	0.0
16763.0	0.0
16764.0	0.0
16765.0	0.0
16766.0	0.0
16767.0	0.0
16768.0	0.0
16769.0	0.0
16770.0	0.0
16771.0	0.0
16772.0	0.0
16773.0	0.0
16774.0	0.0
16775.0	0.0
16776.0	0.0
16777.0	0.0
16778.0	0.0
16779.0	0.0
16780.0	0.0
16781.0	0.0
16782.0	0.0
16783.0	0.0
16784.0	0.0
16785.0	0.0
16786.0	0.0
16787.0	0.0
16788.0	0.0
16789.0	0.0
16790.0	0.0
16791.0	0.0
16792.0	0.0
16793.0	0.0
16794.0	0.0
16795.0	0.0
16796.0	0.0
16797.0	0.0
16798.0	0.0
16799.0	0.0
16800.0	0.0
16801.0	0.0
16802.0	0.0
16803.0	0.0
16804.0	0.0
16805.0	0.0
16806.0	0.0
16807.0	0.0
16808.0	0.0
16809.0	0.0
16810.0	0.0
16811.0	0.0
16812.0	0.0
16813.0	0.0
16814.0	0.0
16815.0	0.0
16816.0	0.0
16817.0	0.0
16818.0	0.0
16819.0	0.0
16820.0	0.0
16821.0	0.0
16822.0	0.0
16823.0	0.0
16824.0	0.0
16825.0	0.0
16826.0	0.0
16827.0	0.0
16828.0	0.0
16829.0	0.0
16830.0	0.0
16831.0	0.0
16832.0	0.0
16833.0	0.0
16834.0	0.0
16835.0	0.0
16836.0	0.0
16837.0	0.0
16838.0	0.0
16839.0	0.0
16840.0	0.0
16841.0	0.0
16842.0	0.0
16843.0	0.0
16844.0	0.0
16845.0	0.0
16846.0	0.0
16847.0	0.0
16848.0	0.0
16849.0	0.0
16850.0	0.0
16851.0	0.0
16852.0	0.0
16853.0	0.0
16854.0	0.0
16855.0	0.0
16856.0	0.0
16857.0	0.0
16858.0	0.0
16859.0	0.0
16860.0	0.0
16861.0	0.0
16862.0	0.0
16863.0	0.0
16864.0	0.0
16865.0	0.0
16866.0	0.0
16867.0	0.0
16868.0	0.0
16869.0	0.0
16870.0	0.0
16871.0	0.0
16872.0	0.0
16873.0	0.0
16874.0	0.0
16875.0	0.0
16876.0	0.0
16877.0	0.0
16878.0	0.0
16879.0	0.0
16880.0	0.0
16881.0	0.0
16882.0	0.0
16883.0	0.0
16884.0	0.0
16885.0	0.0
16886.0	0.0
16887.0	0.0
16888.0	0.0
16889.0	0.0
16890.0	0.0
16891.0	0.0
16892.0	0.0
16893.0	0.0
16894.0	0.0
16895.0	0.0
16896.0	0.0
16897.0	0.0
16898.0	0.0
16899.0	0.0
16900.0	0.0
16901.0	0.0
16902.0	0.0
16903.0	0.0
16904.0	0.0
16905.0	0.0
16906.0	0.0
16907.0	0.0
16908.0	0.0
16909.0	0.0
16910.0	0.0
16911.0	0.0
16912.0	0.0
16913.0	0.0
16914.0	0.0
16915.0	0.0
16916.0	0.0
16917.0	0.0
16918.0	0.0
16919.0	0.0
16920.0	0.0
16921.0	0.0
16922.0	0.0
16923.0	0.0
16924.0	0.0
16925.0	0.0
16926.0	0.0
16927.0	0.0
16928.0	0.0
16929.0	0.0
16930.0	0.0
16931.0	0.0
16932.0	0.0
16933.0	0.0
16934.0	0.0
16935.0	0.0
16936.0	0.0
16937.0	0.0
16938.0	0.0
16939.0	0.0
16940.0	0.0
16941.0	0.0
16942.0	0.0
16943.0	0.0
16944.0	0.0
16945.0	0.0
16946.0	0.0
16947.0	0.0
16948.0	0.0
16949.0	0.0
16950.0	0.0
16951.0	0.0
16952.0	0.0
16953.0	0.0
16954.0	0.0
16955.0	0.0
16956.0	0.0
16957.0	0.0
16958.0	0.0
16959.0	0.0
16960.0	0.0
16961.0	0.0
16962.0	0.0
16963.0	0.0
16964.0	0.0
16965.0	0.0
16966.0	0.0
16967.0	0.0
16968.0	0.0
16969.0	0.0
16970.0	0.0
16971.0	0.0
16972.0	0.0
16973.0	0.0
16974.0	0.0
16975.0	0.0
16976.0	0.0
16977.0	0.0
16978.0	0.0
16979.0	0.0
16980.0	0.0
16981.0	0.0
16982.0	0.0
16983.0	0.0
16984.0	0.0
16985.0	0.0
16986.0	0.0
16987.0	0.0
16988.0	0.0
16989.0	0.0
16990.0	0.0
16991.0	0.0
16992.0	0.0
16993.0	0.0
16994.0	0.0
16995.0	0.0
16996.0	0.0
16997.0	0.0
16998.0	0.0
16999.0	0.0
17000.0	0.0
