1700.0	0.0
1701.0	0.0
1702.0	0.0
1703.0	0.0
1704.0	0.0
1705.0	0.0
1706.0	0.0
1707.0	0.0
1708.0	0.0
1709.0	0.0
1710.0	0.0
1711.0	0.0
1712.0	0.0
1713.0	0.0
1714.0	0.0
1715.0	0.0
1716.0	0.0
1717.0	0.0
1718.0	0.0
1719.0	0.0
1720.0	0.0
1721.0	0.0
1722.0	0.0
1723.0	0.0
1724.0	0.0
1725.0	0.0
1726.0	0.0
1727.0	0.0
1728.0	0.0
1729.0	0.0
1730.0	0.0
1731.0	0.0
1732.0	0.0
1733.0	0.0
1734.0	0.0
1735.0	0.0
1736.0	0.0
1737.0	0.0
1738.0	0.0
1739.0	0.0
1740.0	0.0
1741.0	0.0
1742.0	0.0
1743.0	0.0
1744.0	0.0
1745.0	0.0
1746.0	0.0
1747.0	0.0
1748.0	0.0
1749.0	0.0
1750.0	0.0
1751.0	0.0
1752.0	0.0
1753.0	0.0
1754.0	0.0
1755.0	0.0
1756.0	0.0
1757.0	0.0
1758.0	0.0
1759.0	0.0
1760.0	0.0
1761.0	0.0
1762.0	0.0
1763.0	0.0
1764.0	0.0
1765.0	0.0
1766.0	0.0
1767.0	0.0
1768.0	0.0
1769.0	0.0
1770.0	0.0
1771.0	0.0
1772.0	0.0
1773.0	0.0
1774.0	0.0
1775.0	0.0
1776.0	0.0
1777.0	0.0
1778.0	0.0
1779.0	0.0
1780.0	0.0
1781.0	0.0
1782.0	0.0
1783.0	0.0
1784.0	0.0
1785.0	0.0
1786.0	0.0
1787.0	0.0
1788.0	0.0
1789.0	0.0
1790.0	0.0
1791.0	0.0
1792.0	0.0
1793.0	0.0
1794.0	0.0
1795.0	0.0
1796.0	0.0
1797.0	0.0
1798.0	0.0
1799.0	0.0
1800.0	0.0
1801.0	0.0
1802.0	0.0
1803.0	0.0
1804.0	0.0
1805.0	0.0
1806.0	0.0
1807.0	0.0
1808.0	0.0
1809.0	0.0
1810.0	0.0
1811.0	0.0
1812.0	0.0
1813.0	0.0
1814.0	0.0
1815.0	0.0
1816.0	0.0
1817.0	0.0
1818.0	0.0
1819.0	0.0
1820.0	0.0
1821.0	0.0
1822.0	0.0
1823.0	0.0
1824.0	0.0
1825.0	0.0
1826.0	0.0
1827.0	0.0
1828.0	0.0
1829.0	0.0
1830.0	0.0
1831.0	0.0
1832.0	0.0
1833.0	0.0
1834.0	0.0
1835.0	0.0
1836.0	0.0
1837.0	0.0
1838.0	0.0
1839.0	0.0
1840.0	0.0
1841.0	0.0
1842.0	0.0
1843.0	0.0
1844.0	0.0
1845.0	0.0
1846.0	0.0
1847.0	0.0
1848.0	0.0
1849.0	0.0
1850.0	0.0
1851.0	0.0
1852.0	0.0
1853.0	0.0
1854.0	0.0
1855.0	0.0
1856.0	0.0
1857.0	0.0
1858.0	0.0
1859.0	0.0
1860.0	0.0
1861.0	0.0
1862.0	0.0
1863.0	0.0
1864.0	0.0
1865.0	0.0
1866.0	0.0
1867.0	0.0
1868.0	0.0
1869.0	0.0
1870.0	0.0
1871.0	0.0
1872.0	0.0
1873.0	0.0
1874.0	0.0
1875.0	0.0
1876.0	0.0
1877.0	0.0
1878.0	0.0
1879.0	0.0
1880.0	0.0
1881.0	0.0
1882.0	0.0
1883.0	0.0
1884.0	0.0
1885.0	0.0
1886.0	0.0
1887.0	0.0
1888.0	0.0
1889.0	0.0
1890.0	0.0
1891.0	0.0
1892.0	0.0
1893.0	0.0
1894.0	0.0
1895.0	0.0
1896.0	0.0
1897.0	0.0
1898.0	0.0
1899.0	0.0
1900.0	0.0
1901.0	0.0
1902.0	0.0
1903.0	0.0
1904.0	0.0
1905.0	0.0
1906.0	0.0
1907.0	0.0
1908.0	0.0
1909.0	0.0
1910.0	0.0
1911.0	0.0
1912.0	0.0
1913.0	0.0
1914.0	0.0
1915.0	0.0
1916.0	0.0
1917.0	0.0
1918.0	0.0
1919.0	0.0
1920.0	0.0
1921.0	0.0
1922.0	0.0
1923.0	0.0
1924.0	0.0
1925.0	0.0
1926.0	0.0
1927.0	0.0
1928.0	0.0
1929.0	0.0
1930.0	0.0
1931.0	0.0
1932.0	0.0
1933.0	0.0
1934.0	0.0
1935.0	0.0
1936.0	0.0
1937.0	0.0
1938.0	0.0
1939.0	0.0
1940.0	0.0
1941.0	0.0
1942.0	0.0
1943.0	0.0
1944.0	0.0
1945.0	0.0
1946.0	0.0
1947.0	0.0
1948.0	0.0
1949.0	0.0
1950.0	0.0
1951.0	0.0
1952.0	0.0
1953.0	0.0
1954.0	0.0
1955.0	0.0
1956.0	0.0
1957.0	0.0
1958.0	0.0
1959.0	0.0
1960.0	0.0
1961.0	0.0
1962.0	0.0
1963.0	0.0
1964.0	0.0
1965.0	0.0
1966.0	0.0
1967.0	0.0
1968.0	0.0
1969.0	0.0
1970.0	0.0
1971.0	0.0
1972.0	0.0
1973.0	0.0
1974.0	0.0
1975.0	0.0
1976.0	0.0
1977.0	0.0
1978.0	0.0
1979.0	0.0
1980.0	0.0
1981.0	0.0
1982.0	0.0
1983.0	0.0
1984.0	0.0
1985.0	0.0
1986.0	0.0
1987.0	0.0
1988.0	0.0
1989.0	0.0
1990.0	1.1013994e-07
1991.0	1.09661465e-07
1992.0	1.10557715e-07
1993.0	1.1145881500000001e-07
1994.0	1.12364585e-07
1995.0	1.13275535e-07
1996.0	1.14190935e-07
1997.0	1.151114e-07
1998.0	1.1603665e-07
1999.0	1.1696685e-07
2000.0	1.1790195e-07
2001.0	1.181533e-07
2002.0	1.178052e-07
2003.0	1.1745585e-07
2004.0	1.17105e-07
2005.0	1.1675275e-07
2006.0	1.1639925e-07
2007.0	1.160443e-07
2008.0	1.1568804999999999e-07
2009.0	1.1533032e-07
2010.0	1.1497124499999999e-07
2011.0	1.157411e-07
2012.0	1.186144e-07
2013.0	1.214962e-07
2014.0	1.243856e-07
2015.0	1.272829e-07
2016.0	1.301883e-07
2017.0	1.3310155e-07
2018.0	1.3602280000000002e-07
2019.0	1.389523e-07
2020.0	1.4188925e-07
2021.0	1.4248514999999998e-07
2022.0	1.3870525e-07
2023.0	1.349154e-07
2024.0	1.3111515e-07
2025.0	1.2730445e-07
2026.0	1.234833e-07
2027.0	1.196516e-07
2028.0	1.1580940999999999e-07
2029.0	1.1195677000000001e-07
2030.0	1.08093675e-07
2031.0	1.0634158499999999e-07
2032.0	1.0857246e-07
2033.0	1.1080935999999999e-07
2034.0	1.1305222e-07
2035.0	1.1530105e-07
2036.0	1.1755595e-07
2037.0	1.198168e-07
2038.0	1.2208375e-07
2039.0	1.243567e-07
2040.0	1.266357e-07
2041.0	1.2829665e-07
2042.0	1.287753e-07
2043.0	1.2925495e-07
2044.0	1.2973555e-07
2045.0	1.3021725e-07
2046.0	1.3069980000000001e-07
2047.0	1.3118335e-07
2048.0	1.3166790000000002e-07
2049.0	1.3215355000000002e-07
2050.0	1.3264e-07
2051.0	1.320188e-07
2052.0	1.292168e-07
2053.0	1.264055e-07
2054.0	1.235848e-07
2055.0	1.2075475e-07
2056.0	1.1791535e-07
2057.0	1.1506644e-07
2058.0	1.122082e-07
2059.0	1.0934046499999999e-07
2060.0	1.0646329000000001e-07
2061.0	1.0496245e-07
2062.0	1.0613987499999999e-07
2063.0	1.07320675e-07
2064.0	1.0850486499999999e-07
2065.0	1.0969233e-07
2066.0	1.1088324e-07
2067.0	1.1207753499999999e-07
2068.0	1.13275215e-07
2069.0	1.1447623e-07
2070.0	1.1568068500000001e-07
2071.0	1.1579828e-07
2072.0	1.1381209e-07
2073.0	1.1181978e-07
2074.0	1.0982139499999999e-07
2075.0	1.07816775e-07
2076.0	1.0580604499999999e-07
2077.0	1.03789155e-07
2078.0	1.0176611e-07
2079.0	9.9736845e-08
2080.0	9.770142e-08
2081.0	9.676293e-08
2082.0	9.797775499999999e-08
2083.0	9.9195955e-08
2084.0	1.0041761999999999e-07
2085.0	1.0164266500000001e-07
2086.0	1.0287121e-07
2087.0	1.04103155e-07
2088.0	1.0533859000000001e-07
2089.0	1.0657742500000001e-07
2090.0	1.0781976499999999e-07
2091.0	1.0816372999999999e-07
2092.0	1.067197e-07
2093.0	1.05271e-07
2094.0	1.0381757000000001e-07
2095.0	1.0235941e-07
2096.0	1.0089653e-07
2097.0	9.9428975e-08
2098.0	9.7956575e-08
2099.0	9.6479505e-08
2100.0	9.4997645e-08
2101.0	9.5019825e-08
2102.0	9.7724415e-08
2103.0	1.00445725e-07
2104.0	1.0318372e-07
2105.0	1.0593841e-07
2106.0	1.0870997e-07
2107.0	1.1149832999999999e-07
2108.0	1.1430367999999999e-07
2109.0	1.1712601e-07
2110.0	1.1996535e-07
2111.0	1.209361e-07
2112.0	1.18096555e-07
2113.0	1.1523650499999999e-07
2114.0	1.1235604e-07
2115.0	1.09454945e-07
2116.0	1.0653324000000002e-07
2117.0	1.0359087e-07
2118.0	1.0062763e-07
2119.0	9.7643585e-08
2120.0	9.4638645e-08
2121.0	9.2968805e-08
2122.0	9.407802e-08
2123.0	9.5192985e-08
2124.0	9.631361e-08
2125.0	9.7440085e-08
2126.0	9.8572315e-08
2127.0	9.971029e-08
2128.0	1.00854105e-07
2129.0	1.02003775e-07
2130.0	1.03159255e-07
2131.0	1.0465334e-07
2132.0	1.0682475e-07
2133.0	1.0900851500000001e-07
2134.0	1.11204725e-07
2135.0	1.1341343e-07
2136.0	1.1563473500000001e-07
2137.0	1.1786856e-07
2138.0	1.2011505e-07
2139.0	1.223741e-07
2140.0	1.246459e-07
2141.0	1.248768e-07
2142.0	1.2084225e-07
2143.0	1.1678073500000001e-07
2144.0	1.12692235e-07
2145.0	1.0857662e-07
2146.0	1.0443386500000001e-07
2147.0	1.00263805e-07
2148.0	9.6066405e-08
2149.0	9.1841575e-08
2150.0	8.7589205e-08
2151.0	8.556585e-08
2152.0	8.8266305e-08
2153.0	9.0982345e-08
2154.0	9.371398e-08
2155.0	9.646133000000001e-08
2156.0	9.9224315e-08
2157.0	1.0200307999999999e-07
2158.0	1.0479767e-07
2159.0	1.0760811e-07
2160.0	1.10434375e-07
2161.0	1.13137145e-07
2162.0	1.1558635e-07
2163.0	1.1804873e-07
2164.0	1.2052410000000002e-07
2165.0	1.2301265e-07
2166.0	1.255144e-07
2167.0	1.280293e-07
2168.0	1.3055755e-07
2169.0	1.33099e-07
2170.0	1.356537e-07
2171.0	1.3688865e-07
2172.0	1.352574e-07
2173.0	1.336148e-07
2174.0	1.3196095e-07
2175.0	1.3029555e-07
2176.0	1.286188e-07
2177.0	1.269305e-07
2178.0	1.2523074999999998e-07
2179.0	1.235194e-07
2180.0	1.217965e-07
2181.0	1.2043195e-07
2182.0	1.1986295e-07
2183.0	1.192891e-07
2184.0	1.1871065e-07
2185.0	1.1812747e-07
2186.0	1.1753948e-07
2187.0	1.1694673e-07
2188.0	1.16349225e-07
2189.0	1.1574689e-07
2190.0	1.151398e-07
2191.0	1.1499492e-07
2192.0	1.1587171e-07
2193.0	1.16752275e-07
2194.0	1.17636595e-07
2195.0	1.1852475e-07
2196.0	1.1941665e-07
2197.0	1.2031245e-07
2198.0	1.212119e-07
2199.0	1.2211535e-07
2200.0	1.2302265e-07
2201.0	1.2330565e-07
2202.0	1.2224165000000002e-07
2203.0	1.211708e-07
2204.0	1.2009275e-07
2205.0	1.1900775e-07
2206.0	1.17915695e-07
2207.0	1.1681643e-07
2208.0	1.15710105e-07
2209.0	1.1459667e-07
2210.0	1.1347613e-07
2211.0	1.1380743e-07
2212.0	1.1736356000000001e-07
2213.0	1.2093814999999998e-07
2214.0	1.2453135e-07
2215.0	1.28143e-07
2216.0	1.317734e-07
2217.0	1.3542245e-07
2218.0	1.390902e-07
2219.0	1.4277685e-07
2220.0	1.4648225e-07
2221.0	1.4827735e-07
2222.0	1.4576120000000001e-07
2223.0	1.4323e-07
2224.0	1.4068365e-07
2225.0	1.3812214999999999e-07
2226.0	1.3554545e-07
2227.0	1.3295355e-07
2228.0	1.3034625e-07
2229.0	1.277237e-07
2230.0	1.250858e-07
2231.0	1.247157e-07
2232.0	1.2966415e-07
2233.0	1.346328e-07
2234.0	1.3962185e-07
2235.0	1.446311e-07
2236.0	1.4966075e-07
2237.0	1.5471065000000002e-07
2238.0	1.5978109999999999e-07
2239.0	1.6487185e-07
2240.0	1.6998325e-07
2241.0	1.728296e-07
2242.0	1.705101e-07
2243.0	1.6818025e-07
2244.0	1.658402e-07
2245.0	1.6348984999999998e-07
2246.0	1.611292e-07
2247.0	1.5875824999999998e-07
2248.0	1.56377e-07
2249.0	1.5398530000000002e-07
2250.0	1.5158335000000001e-07
2251.0	1.493043e-07
2252.0	1.4730095e-07
2253.0	1.452886e-07
2254.0	1.432672e-07
2255.0	1.412367e-07
2256.0	1.3919715000000001e-07
2257.0	1.3714845e-07
2258.0	1.3509065e-07
2259.0	1.3302375e-07
2260.0	1.3094775e-07
2261.0	1.2886785e-07
2262.0	1.268006e-07
2263.0	1.2472435e-07
2264.0	1.2263925e-07
2265.0	1.205451e-07
2266.0	1.1844204999999999e-07
2267.0	1.16329995e-07
2268.0	1.14208955e-07
2269.0	1.1207889e-07
2270.0	1.09939795e-07
2271.0	1.10478765e-07
2272.0	1.1736565000000001e-07
2273.0	1.2427855e-07
2274.0	1.3121735e-07
2275.0	1.381822e-07
2276.0	1.45173e-07
2277.0	1.5218995000000002e-07
2278.0	1.5923294999999998e-07
2279.0	1.663021e-07
2280.0	1.733975e-07
2281.0	1.772963e-07
2282.0	1.7357784999999998e-07
2283.0	1.698452e-07
2284.0	1.6609820000000002e-07
2285.0	1.6233715e-07
2286.0	1.5856179999999998e-07
2287.0	1.547721e-07
2288.0	1.5096824999999999e-07
2289.0	1.4715005000000001e-07
2290.0	1.4331750000000003e-07
2291.0	1.4061749999999998e-07
2292.0	1.406465e-07
2293.0	1.406748e-07
2294.0	1.407026e-07
2295.0	1.4072965000000002e-07
2296.0	1.4075619999999998e-07
2297.0	1.4078205e-07
2298.0	1.4080735e-07
2299.0	1.408319e-07
2300.0	1.408559e-07
2301.0	1.4283309999999998e-07
2302.0	1.497942e-07
2303.0	1.567712e-07
2304.0	1.637642e-07
2305.0	1.707732e-07
2306.0	1.7779825e-07
2307.0	1.848393e-07
2308.0	1.9189635e-07
2309.0	1.9896945e-07
2310.0	2.0605865e-07
2311.0	2.09712e-07
2312.0	2.0490575e-07
2313.0	2.0008825e-07
2314.0	1.9525935e-07
2315.0	1.904192e-07
2316.0	1.855677e-07
2317.0	1.807048e-07
2318.0	1.758306e-07
2319.0	1.709449e-07
2320.0	1.660479e-07
2321.0	1.611343e-07
2322.0	1.5624355e-07
2323.0	1.5134255e-07
2324.0	1.464314e-07
2325.0	1.4151005e-07
2326.0	1.365784e-07
2327.0	1.316366e-07
2328.0	1.266845e-07
2329.0	1.2172215e-07
2330.0	1.1674960000000001e-07
2331.0	1.13552325e-07
2332.0	1.1481355000000001e-07
2333.0	1.1607740000000001e-07
2334.0	1.1734365e-07
2335.0	1.1861260000000001e-07
2336.0	1.1988405e-07
2337.0	1.211581e-07
2338.0	1.2243470000000002e-07
2339.0	1.237139e-07
2340.0	1.2499565000000002e-07
2341.0	1.2515625e-07
2342.0	1.2246865e-07
2343.0	1.197751e-07
2344.0	1.1707565000000001e-07
2345.0	1.1437030000000001e-07
2346.0	1.11658975e-07
2347.0	1.0894171e-07
2348.0	1.0621851e-07
2349.0	1.03489325e-07
2350.0	1.00754145e-07
2351.0	1.00560555e-07
2352.0	1.06911165e-07
2353.0	1.13274865e-07
2354.0	1.1965170000000002e-07
2355.0	1.2604164999999999e-07
2356.0	1.324448e-07
2357.0	1.3886105e-07
2358.0	1.4529040000000002e-07
2359.0	1.51733e-07
2360.0	1.5818874999999998e-07
2361.0	1.6121855e-07
2362.0	1.5537395e-07
2363.0	1.4951824999999998e-07
2364.0	1.4365145e-07
2365.0	1.3777365e-07
2366.0	1.3188465e-07
2367.0	1.2598455e-07
2368.0	1.200733e-07
2369.0	1.141509e-07
2370.0	1.0821744e-07
2371.0	1.0336305500000001e-07
2372.0	1.0133876999999999e-07
2373.0	9.931026499999999e-08
2374.0	9.727753e-08
2375.0	9.524054499999999e-08
2376.0	9.3199315e-08
2377.0	9.1153875e-08
2378.0	8.9104195e-08
2379.0	8.7050295e-08
2380.0	8.499212999999999e-08
2381.0	8.474251e-08
2382.0	8.930483000000001e-08
2383.0	9.3876075e-08
2384.0	9.8456235e-08
2385.0	1.03045195e-07
2386.0	1.0764320500000001e-07
2387.0	1.1225007e-07
2388.0	1.1686595e-07
2389.0	1.2149074999999998e-07
2390.0	1.261244e-07
2391.0	1.3013435e-07
2392.0	1.3248855e-07
2393.0	1.3484670000000001e-07
2394.0	1.3720885e-07
2395.0	1.39575e-07
2396.0	1.419452e-07
2397.0	1.443193e-07
2398.0	1.4669745e-07
2399.0	1.4907955e-07
2400.0	1.514657e-07
2401.0	1.5206734999999998e-07
2402.0	1.483433e-07
2403.0	1.44622e-07
2404.0	1.4090345e-07
2405.0	1.3718775000000002e-07
2406.0	1.3347475000000002e-07
2407.0	1.2976455e-07
2408.0	1.260572e-07
2409.0	1.223526e-07
2410.0	1.186509e-07
2411.0	1.1785385e-07
2412.0	1.2502015e-07
2413.0	1.3218055e-07
2414.0	1.393351e-07
2415.0	1.464838e-07
2416.0	1.5362665e-07
2417.0	1.6076365e-07
2418.0	1.678948e-07
2419.0	1.7502e-07
2420.0	1.8213934999999999e-07
2421.0	1.8749095e-07
2422.0	1.8795455e-07
2423.0	1.884177e-07
2424.0	1.8888034999999998e-07
2425.0	1.893424e-07
2426.0	1.8980395e-07
2427.0	1.90265e-07
2428.0	1.9072545e-07
2429.0	1.9118545e-07
2430.0	1.9164485e-07
2431.0	1.90191e-07
2432.0	1.8349645e-07
2433.0	1.7681050000000002e-07
2434.0	1.701332e-07
2435.0	1.6346460000000002e-07
2436.0	1.5680465e-07
2437.0	1.501533e-07
2438.0	1.4351065e-07
2439.0	1.368766e-07
2440.0	1.302513e-07
2441.0	1.259081e-07
2442.0	1.2799729999999998e-07
2443.0	1.3008404999999998e-07
2444.0	1.3216819999999998e-07
2445.0	1.3424985e-07
2446.0	1.3632899999999998e-07
2447.0	1.3840554999999998e-07
2448.0	1.4047965e-07
2449.0	1.4255109999999998e-07
2450.0	1.446201e-07
2451.0	1.465149e-07
2452.0	1.4791505e-07
2453.0	1.4931355e-07
2454.0	1.5071015000000002e-07
2455.0	1.5210505e-07
2456.0	1.534981e-07
2457.0	1.5488945e-07
2458.0	1.5627895e-07
2459.0	1.5766664999999998e-07
2460.0	1.5905255000000002e-07
2461.0	1.605816e-07
2462.0	1.625744e-07
2463.0	1.645642e-07
2464.0	1.6655109999999999e-07
2465.0	1.6853514999999998e-07
2466.0	1.7051625000000002e-07
2467.0	1.724944e-07
2468.0	1.7446965e-07
2469.0	1.7644204999999998e-07
2470.0	1.784115e-07
2471.0	1.7860350000000002e-07
2472.0	1.7352185e-07
2473.0	1.684461e-07
2474.0	1.633763e-07
2475.0	1.5831244999999999e-07
2476.0	1.532546e-07
2477.0	1.4820275e-07
2478.0	1.4315674999999998e-07
2479.0	1.3811675e-07
2480.0	1.3308280000000002e-07
2481.0	1.289276e-07
2482.0	1.2738045e-07
2483.0	1.2583505e-07
2484.0	1.2429145e-07
2485.0	1.227496e-07
2486.0	1.2120955e-07
2487.0	1.196712e-07
2488.0	1.1813464999999999e-07
2489.0	1.165998e-07
2490.0	1.150668e-07
2491.0	1.1556634999999999e-07
2492.0	1.222242e-07
2493.0	1.2887255e-07
2494.0	1.3551140000000002e-07
2495.0	1.4214075e-07
2496.0	1.4876055e-07
2497.0	1.5537079999999998e-07
2498.0	1.6197155e-07
2499.0	1.6856280000000001e-07
2500.0	1.751445e-07
2501.0	1.7932505e-07
2502.0	1.762926e-07
2503.0	1.732652e-07
2504.0	1.7024295e-07
2505.0	1.672258e-07
2506.0	1.6421375e-07
2507.0	1.6120685e-07
2508.0	1.5820505e-07
2509.0	1.5520845000000001e-07
2510.0	1.5221695e-07
2511.0	1.5019615000000002e-07
2512.0	1.5116815e-07
2513.0	1.5213815e-07
2514.0	1.5310595e-07
2515.0	1.540718e-07
2516.0	1.5503555e-07
2517.0	1.559972e-07
2518.0	1.5695679999999998e-07
2519.0	1.579143e-07
2520.0	1.5886970000000002e-07
2521.0	1.597119e-07
2522.0	1.6024855e-07
2523.0	1.6078374999999999e-07
2524.0	1.6131755000000002e-07
2525.0	1.6184995000000001e-07
2526.0	1.6238085000000002e-07
2527.0	1.629103e-07
2528.0	1.6343830000000001e-07
2529.0	1.6396485e-07
2530.0	1.6449e-07
2531.0	1.638685e-07
2532.0	1.595651e-07
2533.0	1.5526945e-07
2534.0	1.509814e-07
2535.0	1.4670099999999998e-07
2536.0	1.424283e-07
2537.0	1.3816325e-07
2538.0	1.3390585e-07
2539.0	1.2965615e-07
2540.0	1.2541415e-07
2541.0	1.2386685e-07
2542.0	1.3096095e-07
2543.0	1.3804145e-07
2544.0	1.451084e-07
2545.0	1.521616e-07
2546.0	1.5920135000000002e-07
2547.0	1.662274e-07
2548.0	1.7323985e-07
2549.0	1.802386e-07
2550.0	1.8722369999999998e-07
2551.0	1.914619e-07
2552.0	1.8684054999999998e-07
2553.0	1.8222835e-07
2554.0	1.7762525e-07
2555.0	1.7303145e-07
2556.0	1.6844685e-07
2557.0	1.638714e-07
2558.0	1.593051e-07
2559.0	1.5474805e-07
2560.0	1.5020015e-07
2561.0	1.4530565000000002e-07
2562.0	1.39201e-07
2563.0	1.331077e-07
2564.0	1.2702585e-07
2565.0	1.2095545e-07
2566.0	1.1489644999999999e-07
2567.0	1.088489e-07
2568.0	1.0281276e-07
2569.0	9.6788115e-08
2570.0	9.077489e-08
2571.0	8.842674e-08
2572.0	9.830337e-08
2573.0	1.0816059999999999e-07
2574.0	1.1799845e-07
2575.0	1.2781685e-07
2576.0	1.3761575e-07
2577.0	1.4739515e-07
2578.0	1.5715515e-07
2579.0	1.668957e-07
2580.0	1.766167e-07
2581.0	1.8381025e-07
2582.0	1.8253955e-07
2583.0	1.8127125000000002e-07
2584.0	1.800051e-07
2585.0	1.7874125e-07
2586.0	1.7747965e-07
2587.0	1.7622035e-07
2588.0	1.7496340000000002e-07
2589.0	1.7370865e-07
2590.0	1.7245615e-07
2591.0	1.720237e-07
2592.0	1.7434895e-07
2593.0	1.7666910000000002e-07
2594.0	1.789843e-07
2595.0	1.8129425000000002e-07
2596.0	1.835993e-07
2597.0	1.8589925e-07
2598.0	1.8819425e-07
2599.0	1.9048405000000002e-07
2600.0	1.9276885e-07
2601.0	1.9318905e-07
2602.0	1.8734020000000002e-07
2603.0	1.8150585e-07
2604.0	1.7568625e-07
2605.0	1.6988125000000002e-07
2606.0	1.6409090000000002e-07
2607.0	1.5831524999999998e-07
2608.0	1.525542e-07
2609.0	1.4680785e-07
2610.0	1.4107620000000002e-07
2611.0	1.3647505e-07
2612.0	1.358694e-07
2613.0	1.352648e-07
2614.0	1.346614e-07
2615.0	1.340591e-07
2616.0	1.3345789999999998e-07
2617.0	1.3285785000000002e-07
2618.0	1.3225900000000002e-07
2619.0	1.3166120000000001e-07
2620.0	1.3106455e-07
2621.0	1.3139505000000002e-07
2622.0	1.3499694999999998e-07
2623.0	1.3858845000000001e-07
2624.0	1.4216965e-07
2625.0	1.457405e-07
2626.0	1.493009e-07
2627.0	1.52851e-07
2628.0	1.5639065000000001e-07
2629.0	1.599199e-07
2630.0	1.6343885e-07
2631.0	1.649703e-07
2632.0	1.5929435e-07
2633.0	1.5363290000000002e-07
2634.0	1.479859e-07
2635.0	1.4235335e-07
2636.0	1.3673539999999998e-07
2637.0	1.311319e-07
2638.0	1.2554289999999998e-07
2639.0	1.199685e-07
2640.0	1.1440860000000001e-07
2641.0	1.1122065e-07
2642.0	1.167553e-07
2643.0	1.222733e-07
2644.0	1.2777465000000002e-07
2645.0	1.3325944999999998e-07
2646.0	1.3872765000000002e-07
2647.0	1.4417915e-07
2648.0	1.4961415e-07
2649.0	1.5503245e-07
2650.0	1.604341e-07
2651.0	1.6400475e-07
2652.0	1.6072929999999999e-07
2653.0	1.574621e-07
2654.0	1.542033e-07
2655.0	1.509528e-07
2656.0	1.477107e-07
2657.0	1.444769e-07
2658.0	1.412515e-07
2659.0	1.380345e-07
2660.0	1.3482574999999999e-07
2661.0	1.3332145e-07
2662.0	1.382494e-07
2663.0	1.4316275e-07
2664.0	1.480616e-07
2665.0	1.5294595e-07
2666.0	1.578156e-07
2667.0	1.626707e-07
2668.0	1.6751135000000002e-07
2669.0	1.7233725e-07
2670.0	1.771486e-07
2671.0	1.7990345e-07
2672.0	1.7486795e-07
2673.0	1.6984685e-07
2674.0	1.6484020000000002e-07
2675.0	1.598482e-07
2676.0	1.5487055e-07
2677.0	1.4990735000000002e-07
2678.0	1.4495875000000001e-07
2679.0	1.4002464999999999e-07
2680.0	1.3510500000000002e-07
2681.0	1.316895e-07
2682.0	1.3404505e-07
2683.0	1.3639305000000002e-07
2684.0	1.3873345e-07
2685.0	1.4106635e-07
2686.0	1.433916e-07
2687.0	1.4570925e-07
2688.0	1.4801935e-07
2689.0	1.5032174999999998e-07
2690.0	1.5261665000000002e-07
2691.0	1.5439375e-07
2692.0	1.541443e-07
2693.0	1.5389474999999998e-07
2694.0	1.536452e-07
2695.0	1.5339550000000002e-07
2696.0	1.531458e-07
2697.0	1.5289605000000002e-07
2698.0	1.5264620000000001e-07
2699.0	1.5239625000000002e-07
2700.0	1.521463e-07
2701.0	1.521855e-07
2702.0	1.5257645e-07
2703.0	1.5296715e-07
2704.0	1.533577e-07
2705.0	1.5374805e-07
2706.0	1.5413825e-07
2707.0	1.5452830000000002e-07
2708.0	1.549182e-07
2709.0	1.553078e-07
2710.0	1.556973e-07
2711.0	1.5600725e-07
2712.0	1.5593375e-07
2713.0	1.558602e-07
2714.0	1.5578665e-07
2715.0	1.5571309999999998e-07
2716.0	1.556396e-07
2717.0	1.555661e-07
2718.0	1.554925e-07
2719.0	1.5541885e-07
2720.0	1.553453e-07
2721.0	1.5639835e-07
2722.0	1.621281e-07
2723.0	1.678567e-07
2724.0	1.735841e-07
2725.0	1.793103e-07
2726.0	1.850354e-07
2727.0	1.9075925e-07
2728.0	1.9648185e-07
2729.0	2.022033e-07
2730.0	2.0792364999999998e-07
2731.0	2.1205065e-07
2732.0	2.095435e-07
2733.0	2.0703725e-07
2734.0	2.045319e-07
2735.0	2.020275e-07
2736.0	1.995241e-07
2737.0	1.970216e-07
2738.0	1.9452e-07
2739.0	1.9201935e-07
2740.0	1.8951975e-07
2741.0	1.87316e-07
2742.0	1.8630325e-07
2743.0	1.8529069999999999e-07
2744.0	1.8427825e-07
2745.0	1.8326600000000002e-07
2746.0	1.8225405e-07
2747.0	1.8124215000000002e-07
2748.0	1.8023045e-07
2749.0	1.79219e-07
2750.0	1.7820765e-07
2751.0	1.7824625e-07
2752.0	1.8291679999999999e-07
2753.0	1.8758549999999998e-07
2754.0	1.922525e-07
2755.0	1.969176e-07
2756.0	2.0158085e-07
2757.0	2.0624225e-07
2758.0	2.1090185e-07
2759.0	2.155595e-07
2760.0	2.2021545e-07
2761.0	2.2295955e-07
2762.0	2.171608e-07
2763.0	2.1136334999999998e-07
2764.0	2.0556695e-07
2765.0	1.9977175e-07
2766.0	1.939777e-07
2767.0	1.881849e-07
2768.0	1.82393e-07
2769.0	1.766025e-07
2770.0	1.708132e-07
2771.0	1.6623535e-07
2772.0	1.671014e-07
2773.0	1.6796725e-07
2774.0	1.688329e-07
2775.0	1.6969830000000002e-07
2776.0	1.7056365e-07
2777.0	1.7142855e-07
2778.0	1.7229335e-07
2779.0	1.73158e-07
2780.0	1.7402245e-07
2781.0	1.7502335000000002e-07
2782.0	1.7671975e-07
2783.0	1.7841550000000001e-07
2784.0	1.801105e-07
2785.0	1.8180485000000002e-07
2786.0	1.8349855e-07
2787.0	1.8519145e-07
2788.0	1.868838e-07
2789.0	1.8857535e-07
2790.0	1.9026615e-07
2791.0	1.917766e-07
2792.0	1.923693e-07
2793.0	1.9296185e-07
2794.0	1.9355425e-07
2795.0	1.9414645000000001e-07
2796.0	1.9473855e-07
2797.0	1.9533045e-07
2798.0	1.9592225e-07
2799.0	1.9651385e-07
2800.0	1.971053e-07
2801.0	1.9762395e-07
2802.0	1.9722239999999999e-07
2803.0	1.968205e-07
2804.0	1.96418e-07
2805.0	1.96015e-07
2806.0	1.9561160000000002e-07
2807.0	1.9520765e-07
2808.0	1.948033e-07
2809.0	1.943984e-07
2810.0	1.939931e-07
2811.0	1.932146e-07
2812.0	1.9072604999999998e-07
2813.0	1.8823545e-07
2814.0	1.8574255e-07
2815.0	1.832476e-07
2816.0	1.8075045e-07
2817.0	1.7825115e-07
2818.0	1.7574975000000002e-07
2819.0	1.7324625e-07
2820.0	1.707405e-07
2821.0	1.6912824999999998e-07
2822.0	1.7181695e-07
2823.0	1.7450830000000002e-07
2824.0	1.7720245000000002e-07
2825.0	1.798992e-07
2826.0	1.825987e-07
2827.0	1.8530085e-07
2828.0	1.8800570000000002e-07
2829.0	1.9071325e-07
2830.0	1.9342355e-07
2831.0	1.9562605e-07
2832.0	1.954828e-07
2833.0	1.953395e-07
2834.0	1.951961e-07
2835.0	1.950525e-07
2836.0	1.9490879999999998e-07
2837.0	1.9476495e-07
2838.0	1.9462104999999998e-07
2839.0	1.94477e-07
2840.0	1.9433275e-07
2841.0	1.9470855e-07
2842.0	1.9763229999999998e-07
2843.0	2.005584e-07
2844.0	2.034868e-07
2845.0	2.064175e-07
2846.0	2.0935055e-07
2847.0	2.1228595e-07
2848.0	2.152236e-07
2849.0	2.181635e-07
2850.0	2.211059e-07
2851.0	2.2336235e-07
2852.0	2.2206835e-07
2853.0	2.2077335000000001e-07
2854.0	2.1947725e-07
2855.0	2.1817995e-07
2856.0	2.168817e-07
2857.0	2.155822e-07
2858.0	2.142817e-07
2859.0	2.1298005000000001e-07
2860.0	2.1167735000000002e-07
2861.0	2.1000515e-07
2862.0	2.0649645e-07
2863.0	2.0298555e-07
2864.0	1.9947245e-07
2865.0	1.959571e-07
2866.0	1.9243955e-07
2867.0	1.889197e-07
2868.0	1.853977e-07
2869.0	1.818734e-07
2870.0	1.7834689999999998e-07
2871.0	1.7567725e-07
2872.0	1.775188e-07
2873.0	1.7936185e-07
2874.0	1.8120635000000001e-07
2875.0	1.8305225e-07
2876.0	1.8489965000000002e-07
2877.0	1.867484e-07
2878.0	1.8859855e-07
2879.0	1.9045025000000002e-07
2880.0	1.923034e-07
2881.0	1.9380025e-07
2882.0	1.934436e-07
2883.0	1.930868e-07
2884.0	1.927297e-07
2885.0	1.923724e-07
2886.0	1.9201475e-07
2887.0	1.916569e-07
2888.0	1.9129880000000001e-07
2889.0	1.909404e-07
2890.0	1.9058175e-07
2891.0	1.908437e-07
2892.0	1.944589e-07
2893.0	1.9807694999999998e-07
2894.0	2.0169790000000002e-07
2895.0	2.0532165e-07
2896.0	2.089483e-07
2897.0	2.125778e-07
2898.0	2.162101e-07
2899.0	2.1984525e-07
2900.0	2.2348325e-07
2901.0	2.2574534999999999e-07
2902.0	2.1966915e-07
2903.0	2.135829e-07
2904.0	2.074865e-07
2905.0	2.0138005e-07
2906.0	1.9526344999999998e-07
2907.0	1.8913675e-07
2908.0	1.8299985e-07
2909.0	1.7685285000000001e-07
2910.0	1.7069575e-07
2911.0	1.6648845e-07
2912.0	1.7367765e-07
2913.0	1.8087699999999999e-07
2914.0	1.880865e-07
2915.0	1.9530615e-07
2916.0	2.0253594999999999e-07
2917.0	2.097758e-07
2918.0	2.170259e-07
2919.0	2.2428605e-07
2920.0	2.315564e-07
2921.0	2.3677035000000002e-07
2922.0	2.2969685e-07
2923.0	2.226118e-07
2924.0	2.15515e-07
2925.0	2.0840675000000001e-07
2926.0	2.012868e-07
2927.0	1.941553e-07
2928.0	1.8701215e-07
2929.0	1.7985740000000002e-07
2930.0	1.7269100000000002e-07
2931.0	1.657811e-07
2932.0	1.605653e-07
2933.0	1.5534200000000002e-07
2934.0	1.5011105e-07
2935.0	1.4487264999999998e-07
2936.0	1.3962675e-07
2937.0	1.343733e-07
2938.0	1.2911235e-07
2939.0	1.238438e-07
2940.0	1.185678e-07
2941.0	1.1544370000000001e-07
2942.0	1.2551305000000002e-07
2943.0	1.355982e-07
2944.0	1.4569915e-07
2945.0	1.5581605e-07
2946.0	1.6594870000000002e-07
2947.0	1.7609714999999998e-07
2948.0	1.8626150000000002e-07
2949.0	1.9644175e-07
2950.0	2.0663775e-07
2951.0	2.1504955000000002e-07
2952.0	2.1219285e-07
2953.0	2.0933155e-07
2954.0	2.0646544999999998e-07
2955.0	2.0359465000000002e-07
2956.0	2.0071909999999998e-07
2957.0	1.9783885e-07
2958.0	1.949539e-07
2959.0	1.9206415e-07
2960.0	1.8916965e-07
2961.0	1.8658035e-07
2962.0	1.8607755e-07
2963.0	1.855739e-07
2964.0	1.8506935e-07
2965.0	1.84564e-07
2966.0	1.8405775e-07
2967.0	1.835506e-07
2968.0	1.8304265e-07
2969.0	1.8253375e-07
2970.0	1.8202405e-07
2971.0	1.811216e-07
2972.0	1.775512e-07
2973.0	1.73975e-07
2974.0	1.703932e-07
2975.0	1.6680560000000002e-07
2976.0	1.632122e-07
2977.0	1.5961315e-07
2978.0	1.5600835e-07
2979.0	1.5239775e-07
2980.0	1.4878145e-07
2981.0	1.463896e-07
2982.0	1.5229395e-07
2983.0	1.5820615e-07
2984.0	1.641264e-07
2985.0	1.7005445e-07
2986.0	1.7599055e-07
2987.0	1.8193444999999998e-07
2988.0	1.878864e-07
2989.0	1.9384625e-07
2990.0	1.99814e-07
2991.0	2.0563249999999999e-07
2992.0	2.1025880000000002e-07
2993.0	2.148919e-07
2994.0	2.19532e-07
2995.0	2.2417895e-07
2996.0	2.288329e-07
2997.0	2.3349365000000001e-07
2998.0	2.381614e-07
2999.0	2.428359e-07
3000.0	2.4751755e-07
3001.0	2.506921e-07
3002.0	2.446726e-07
3003.0	2.386533e-07
3004.0	2.3263425e-07
3005.0	2.2661545e-07
3006.0	2.2059685e-07
3007.0	2.1457850000000002e-07
3008.0	2.0856039999999998e-07
3009.0	2.0254245e-07
3010.0	1.965248e-07
3011.0	1.9115505000000002e-07
3012.0	1.9029075e-07
3013.0	1.894264e-07
3014.0	1.8856174999999998e-07
3015.0	1.87697e-07
3016.0	1.8683225e-07
3017.0	1.859673e-07
3018.0	1.851022e-07
3019.0	1.842369e-07
3020.0	1.8337164999999998e-07
3021.0	1.826352e-07
3022.0	1.8284315e-07
3023.0	1.8305115e-07
3024.0	1.8325925e-07
3025.0	1.834673e-07
3026.0	1.8367535e-07
3027.0	1.8388345e-07
3028.0	1.8409155000000001e-07
3029.0	1.8429965e-07
3030.0	1.8450784999999999e-07
3031.0	1.837035e-07
3032.0	1.7545675e-07
3033.0	1.672104e-07
3034.0	1.589645e-07
3035.0	1.5071905e-07
3036.0	1.4247405e-07
3037.0	1.3422945000000002e-07
3038.0	1.259853e-07
3039.0	1.177416e-07
3040.0	1.0949834999999999e-07
3041.0	1.027123e-07
3042.0	1.0704225e-07
3043.0	1.1137265e-07
3044.0	1.157037e-07
3045.0	1.2003520000000001e-07
3046.0	1.2436725000000002e-07
3047.0	1.286998e-07
3048.0	1.33033e-07
3049.0	1.3736660000000002e-07
3050.0	1.417008e-07
3051.0	1.4532469999999998e-07
3052.0	1.434602e-07
3053.0	1.4159595000000002e-07
3054.0	1.3973175e-07
3055.0	1.3786765e-07
3056.0	1.360036e-07
3057.0	1.3413969999999998e-07
3058.0	1.322759e-07
3059.0	1.304122e-07
3060.0	1.2854865e-07
3061.0	1.2749565e-07
3062.0	1.3288639999999998e-07
3063.0	1.382777e-07
3064.0	1.4366975e-07
3065.0	1.4906235e-07
3066.0	1.5445565000000002e-07
3067.0	1.598496e-07
3068.0	1.6524424999999997e-07
3069.0	1.706395e-07
3070.0	1.760354e-07
3071.0	1.81015e-07
3072.0	1.8268115e-07
3073.0	1.8434735e-07
3074.0	1.860134e-07
3075.0	1.876793e-07
3076.0	1.8934515e-07
3077.0	1.910109e-07
3078.0	1.9267654999999998e-07
3079.0	1.943421e-07
3080.0	1.9600755e-07
3081.0	1.971823e-07
3082.0	1.940359e-07
3083.0	1.908891e-07
3084.0	1.8774195e-07
3085.0	1.8459440000000001e-07
3086.0	1.8144649999999998e-07
3087.0	1.7829815000000001e-07
3088.0	1.7514950000000002e-07
3089.0	1.720004e-07
3090.0	1.68851e-07
3091.0	1.6612474999999998e-07
3092.0	1.6722595e-07
3093.0	1.683272e-07
3094.0	1.6942835e-07
3095.0	1.7052929999999998e-07
3096.0	1.7163039999999998e-07
3097.0	1.727313e-07
3098.0	1.738321e-07
3099.0	1.7493285e-07
3100.0	1.760336e-07
3101.0	1.765753e-07
3102.0	1.719639e-07
3103.0	1.6735199999999998e-07
3104.0	1.6273955e-07
3105.0	1.581266e-07
3106.0	1.5351305e-07
3107.0	1.48899e-07
3108.0	1.442844e-07
3109.0	1.3966925e-07
3110.0	1.3505355e-07
3111.0	1.3134835000000002e-07
3112.0	1.3603755e-07
3113.0	1.407272e-07
3114.0	1.454175e-07
3115.0	1.5010829999999999e-07
3116.0	1.5479964999999998e-07
3117.0	1.594915e-07
3118.0	1.641839e-07
3119.0	1.688769e-07
3120.0	1.7357034999999998e-07
3121.0	1.7692119999999998e-07
3122.0	1.6766035e-07
3123.0	1.5840005e-07
3124.0	1.4914035e-07
3125.0	1.398813e-07
3126.0	1.3062285e-07
3127.0	1.213649e-07
3128.0	1.1210759999999999e-07
3129.0	1.0285085e-07
3130.0	9.3594745e-08
3131.0	8.5448335e-08
3132.0	8.8074505e-08
3133.0	9.0700995e-08
3134.0	9.332775e-08
3135.0	9.595481e-08
3136.0	9.858219e-08
3137.0	1.0120985e-07
3138.0	1.0383784999999999e-07
3139.0	1.0646604999999999e-07
3140.0	1.0909459999999999e-07
3141.0	1.1142284999999999e-07
3142.0	1.1081525000000001e-07
3143.0	1.102077e-07
3144.0	1.0960015e-07
3145.0	1.089927e-07
3146.0	1.083853e-07
3147.0	1.0777785e-07
3148.0	1.0717045e-07
3149.0	1.0656315e-07
3150.0	1.0595585e-07
3151.0	1.0575385e-07
3152.0	1.0967295e-07
3153.0	1.1359255e-07
3154.0	1.1751255e-07
3155.0	1.2143310000000002e-07
3156.0	1.25354e-07
3157.0	1.2927535e-07
3158.0	1.3319710000000002e-07
3159.0	1.371193e-07
3160.0	1.41042e-07
3161.0	1.4453355e-07
3162.0	1.4353060000000002e-07
3163.0	1.4252770000000001e-07
3164.0	1.415249e-07
3165.0	1.4052215e-07
3166.0	1.3951944999999998e-07
3167.0	1.3851685e-07
3168.0	1.3751425e-07
3169.0	1.3651170000000002e-07
3170.0	1.355093e-07
3171.0	1.351176e-07
3172.0	1.413612e-07
3173.0	1.4760545e-07
3174.0	1.5385039999999999e-07
3175.0	1.600961e-07
3176.0	1.6634235e-07
3177.0	1.7258935e-07
3178.0	1.788371e-07
3179.0	1.8508540000000001e-07
3180.0	1.9133455e-07
3181.0	1.9596309999999998e-07
3182.0	1.8217035e-07
3183.0	1.6837859999999998e-07
3184.0	1.545878e-07
3185.0	1.4079795000000002e-07
3186.0	1.2700895e-07
3187.0	1.13221e-07
3188.0	9.9433955e-08
3189.0	8.5647855e-08
3190.0	7.186266e-08
3191.0	5.955121e-08
3192.0	6.4675795e-08
3193.0	6.9800925e-08
3194.0	7.4926625e-08
3195.0	8.005284000000001e-08
3196.0	8.517965e-08
3197.0	9.0306995e-08
3198.0	9.543493500000001e-08
3199.0	1.0056337500000001e-07
3200.0	1.056924e-07
3201.0	1.106652e-07
3202.0	1.139578e-07
3203.0	1.1724950000000001e-07
3204.0	1.2054035e-07
3205.0	1.2383035e-07
3206.0	1.271195e-07
3207.0	1.3040785e-07
3208.0	1.3369525000000001e-07
3209.0	1.369819e-07
3210.0	1.4026765e-07
3211.0	1.433409e-07
3212.0	1.435434e-07
3213.0	1.43746e-07
3214.0	1.4394845e-07
3215.0	1.4415094999999998e-07
3216.0	1.4435335e-07
3217.0	1.445558e-07
3218.0	1.4475820000000002e-07
3219.0	1.449606e-07
3220.0	1.4516295000000002e-07
3221.0	1.448818e-07
3222.0	1.383554e-07
3223.0	1.3183075e-07
3224.0	1.2530775e-07
3225.0	1.187864e-07
3226.0	1.122667e-07
3227.0	1.057487e-07
3228.0	9.9232415e-08
3229.0	9.2717715e-08
3230.0	8.620476e-08
3231.0	8.0320565e-08
3232.0	8.3018405e-08
3233.0	8.571603499999999e-08
3234.0	8.841345e-08
3235.0	9.1110645e-08
3236.0	9.3807555e-08
3237.0	9.650431e-08
3238.0	9.920082499999999e-08
3239.0	1.01897095e-07
3240.0	1.045932e-07
3241.0	1.0724314999999999e-07
3242.0	1.0936814999999999e-07
3243.0	1.114926e-07
3244.0	1.1361649999999999e-07
3245.0	1.1573985e-07
3246.0	1.1786265e-07
3247.0	1.1998495e-07
3248.0	1.221066e-07
3249.0	1.2422774999999999e-07
3250.0	1.2634835e-07
3251.0	1.281242e-07
3252.0	1.2456665e-07
3253.0	1.2100935e-07
3254.0	1.174524e-07
3255.0	1.1389575e-07
3256.0	1.103393e-07
3257.0	1.067832e-07
3258.0	1.0322735e-07
3259.0	9.9671825e-08
3260.0	9.611659000000001e-08
3261.0	9.2880365e-08
3262.0	9.478302e-08
3263.0	9.6685235e-08
3264.0	9.8586875e-08
3265.0	1.00488115e-07
3266.0	1.0238878499999999e-07
3267.0	1.042889e-07
3268.0	1.061886e-07
3269.0	1.0808784999999999e-07
3270.0	1.099865e-07
3271.0	1.1178194999999999e-07
3272.0	1.1172614999999999e-07
3273.0	1.1167034999999999e-07
3274.0	1.1161454999999999e-07
3275.0	1.1155865e-07
3276.0	1.115029e-07
3277.0	1.114471e-07
3278.0	1.1139125e-07
3279.0	1.1133545e-07
3280.0	1.112796e-07
3281.0	1.1133165000000001e-07
3282.0	1.1341775000000001e-07
3283.0	1.1550325e-07
3284.0	1.1758819999999999e-07
3285.0	1.196726e-07
3286.0	1.217565e-07
3287.0	1.238398e-07
3288.0	1.2592255e-07
3289.0	1.280048e-07
3290.0	1.3008645e-07
3291.0	1.319873e-07
3292.0	1.3040460000000001e-07
3293.0	1.2882215e-07
3294.0	1.2723975e-07
3295.0	1.256575e-07
3296.0	1.2407535e-07
3297.0	1.2249335e-07
3298.0	1.2091155e-07
3299.0	1.193298e-07
3300.0	1.1774819999999999e-07
3301.0	1.163237e-07
3302.0	1.1809025e-07
3303.0	1.1985639999999998e-07
3304.0	1.2162205e-07
3305.0	1.233872e-07
3306.0	1.251519e-07
3307.0	1.269162e-07
3308.0	1.2867995e-07
3309.0	1.3044325e-07
3310.0	1.3220615e-07
3311.0	1.338781e-07
3312.0	1.3348089999999998e-07
3313.0	1.3308375e-07
3314.0	1.326866e-07
3315.0	1.3228950000000001e-07
3316.0	1.3189245e-07
3317.0	1.3149545e-07
3318.0	1.310984e-07
3319.0	1.307014e-07
3320.0	1.3030440000000002e-07
3321.0	1.297319e-07
3322.0	1.2564944999999998e-07
3323.0	1.215681e-07
3324.0	1.1748780000000002e-07
3325.0	1.1340854999999999e-07
3326.0	1.0933035e-07
3327.0	1.0525325e-07
3328.0	1.0117715e-07
3329.0	9.710211e-08
3330.0	9.3028165e-08
3331.0	8.920626499999999e-08
3332.0	9.0931085e-08
3333.0	9.265573e-08
3334.0	9.438023e-08
3335.0	9.6104595e-08
3336.0	9.782879e-08
3337.0	9.955284e-08
3338.0	1.0127674499999999e-07
3339.0	1.030005e-07
3340.0	1.0472415e-07
3341.0	1.065072e-07
3342.0	1.099643e-07
3343.0	1.134205e-07
3344.0	1.168758e-07
3345.0	1.2033014999999998e-07
3346.0	1.237836e-07
3347.0	1.272362e-07
3348.0	1.306879e-07
3349.0	1.341386e-07
3350.0	1.3758850000000001e-07
3351.0	1.4080924999999998e-07
3352.0	1.3778744999999998e-07
3353.0	1.3476585000000002e-07
3354.0	1.3174455e-07
3355.0	1.2872355000000002e-07
3356.0	1.2570270000000002e-07
3357.0	1.2268215e-07
3358.0	1.1966180000000002e-07
3359.0	1.1664174999999999e-07
3360.0	1.1362195e-07
3361.0	1.107322e-07
3362.0	1.1175565e-07
3363.0	1.1277895e-07
3364.0	1.1380185e-07
3365.0	1.1482455e-07
3366.0	1.158469e-07
3367.0	1.1686905e-07
3368.0	1.178909e-07
3369.0	1.1891240000000001e-07
3370.0	1.1993370000000002e-07
3371.0	1.2089449999999998e-07
3372.0	1.1970475e-07
3373.0	1.1851505e-07
3374.0	1.1732555000000001e-07
3375.0	1.1613605e-07
3376.0	1.149467e-07
3377.0	1.137574e-07
3378.0	1.1256819999999999e-07
3379.0	1.1137915e-07
3380.0	1.101902e-07
3381.0	1.0891029999999999e-07
3382.0	1.0493225e-07
3383.0	1.00955305e-07
3384.0	9.697931e-08
3385.0	9.3004335e-08
3386.0	8.9030435e-08
3387.0	8.505753999999999e-08
3388.0	8.1085695e-08
3389.0	7.711486999999999e-08
3390.0	7.314506e-08
3391.0	6.9274e-08
3392.0	6.872195e-08
3393.0	6.816995e-08
3394.0	6.761798499999999e-08
3395.0	6.7066055e-08
3396.0	6.651421e-08
3397.0	6.596237000000001e-08
3398.0	6.5410585e-08
3399.0	6.4858845e-08
3400.0	6.4307155e-08
3401.0	6.400367500000001e-08
3402.0	7.524295e-08
3403.0	8.646785e-08
3404.0	9.767832e-08
3405.0	1.0887445e-07
3406.0	1.2005615e-07
3407.0	1.312235e-07
3408.0	1.423765e-07
3409.0	1.5351505e-07
3410.0	1.6463915e-07
3411.0	1.7529059999999998e-07
3412.0	1.646057e-07
3413.0	1.5393255e-07
3414.0	1.4327095e-07
3415.0	1.3262105e-07
3416.0	1.2198295e-07
3417.0	1.113566e-07
3418.0	1.00741845e-07
3419.0	9.013887e-08
3420.0	7.954764999999999e-08
3421.0	6.916781499999999e-08
3422.0	6.9389535e-08
3423.0	6.96109e-08
3424.0	6.983194000000001e-08
3425.0	7.005259e-08
3426.0	7.0272935e-08
3427.0	7.049291e-08
3428.0	7.0712545e-08
3429.0	7.093182e-08
3430.0	7.115075500000001e-08
3431.0	7.1318525e-08
3432.0	6.812631499999999e-08
3433.0	6.493768499999999e-08
3434.0	6.175261499999999e-08
3435.0	5.8571125e-08
3436.0	5.5393199999999996e-08
3437.0	5.2218830000000005e-08
3438.0	4.9048059999999996e-08
3439.0	4.5880830000000004e-08
3440.0	4.2717195000000004e-08
3441.0	3.971641e-08
3442.0	4.8242265e-08
3443.0	5.675684e-08
3444.0	6.5260145e-08
3445.0	7.375216999999999e-08
3446.0	8.2232915e-08
3447.0	9.070237e-08
3448.0	9.9160555e-08
3449.0	1.0760745000000001e-07
3450.0	1.160431e-07
3451.0	1.2441595e-07
3452.0	1.2740045e-07
3453.0	1.303814e-07
3454.0	1.3335885e-07
3455.0	1.363327e-07
3456.0	1.3930300000000001e-07
3457.0	1.4226985e-07
3458.0	1.4523300000000001e-07
3459.0	1.4819264999999998e-07
3460.0	1.5114885e-07
3461.0	1.5398845e-07
3462.0	1.456111e-07
3463.0	1.3724475e-07
3464.0	1.2888945e-07
3465.0	1.205452e-07
3466.0	1.1221205e-07
3467.0	1.038899e-07
3468.0	9.557880499999999e-08
3469.0	8.7278775e-08
3470.0	7.89898e-08
3471.0	7.0777875e-08
3472.0	7.289058e-08
3473.0	7.500038e-08
3474.0	7.710727e-08
3475.0	7.9211225e-08
3476.0	8.1312305e-08
3477.0	8.341048e-08
3478.0	8.5505725e-08
3479.0	8.759806e-08
3480.0	8.96875e-08
3481.0	9.1782555e-08
3482.0	9.3982745e-08
3483.0	9.6180235e-08
3484.0	9.8375065e-08
3485.0	1.00567215e-07
3486.0	1.0275672e-07
3487.0	1.049435e-07
3488.0	1.071277e-07
3489.0	1.0930915e-07
3490.0	1.1148795e-07
3491.0	1.1365380000000001e-07
3492.0	1.155077e-07
3493.0	1.17359e-07
3494.0	1.1920764999999999e-07
3495.0	1.2105365e-07
3496.0	1.22897e-07
3497.0	1.247377e-07
3498.0	1.265759e-07
3499.0	1.284113e-07
3500.0	1.3024415e-07
3501.0	1.320771e-07
3502.0	1.3341645e-07
3503.0	1.3475315e-07
3504.0	1.3608795e-07
3505.0	1.3742085e-07
3506.0	1.387518e-07
3507.0	1.400808e-07
3508.0	1.414079e-07
3509.0	1.4273305e-07
3510.0	1.4405624999999998e-07
3511.0	1.45365e-07
3512.0	1.3754095e-07
3513.0	1.2969285e-07
3514.0	1.2185654999999999e-07
3515.0	1.1403195e-07
3516.0	1.0621905e-07
3517.0	9.841799500000001e-08
3518.0	9.062862000000001e-08
3519.0	8.285103999999999e-08
3520.0	7.508521000000001e-08
3521.0	6.7337065e-08
3522.0	6.4459965e-08
3523.0	6.1618915e-08
3524.0	5.878163e-08
3525.0	5.5948135e-08
3526.0	5.3118414999999996e-08
3527.0	5.029247e-08
3528.0	4.7470304999999996e-08
3529.0	4.4651915000000004e-08
3530.0	4.183732e-08
3531.0	3.902312e-08
3532.0	4.8039659999999996e-08
3533.0	5.7150005e-08
3534.0	6.624625e-08
3535.0	7.5328415e-08
3536.0	8.4396485e-08
3537.0	9.345043e-08
3538.0	1.02490325e-07
3539.0	1.115161e-07
3540.0	1.2052775e-07
3541.0	1.295367e-07
3542.0	1.3059505e-07
3543.0	1.3155770000000002e-07
3544.0	1.325189e-07
3545.0	1.3347855e-07
3546.0	1.3443675e-07
3547.0	1.3539355e-07
3548.0	1.3634875e-07
3549.0	1.373026e-07
3550.0	1.3825485e-07
3551.0	1.3919355e-07
3552.0	1.407424e-07
3553.0	1.422975e-07
3554.0	1.4385005e-07
3555.0	1.4539995e-07
3556.0	1.4694725e-07
3557.0	1.4849195e-07
3558.0	1.5003395e-07
3559.0	1.5157345e-07
3560.0	1.531102e-07
3561.0	1.5464455e-07
3562.0	1.4767100000000003e-07
3563.0	1.4056255e-07
3564.0	1.334652e-07
3565.0	1.2637885e-07
3566.0	1.1930344999999998e-07
3567.0	1.122391e-07
3568.0	1.0518755000000001e-07
3569.0	9.814353499999999e-08
3570.0	9.1112255e-08
3571.0	8.409944499999999e-08
3572.0	8.681069000000001e-08
3573.0	8.9708905e-08
3574.0	9.2602875e-08
3575.0	9.549266e-08
3576.0	9.837822e-08
3577.0	1.01259615e-07
3578.0	1.0413675e-07
3579.0	1.070097e-07
3580.0	1.098784e-07
3581.0	1.1273315e-07
3582.0	1.1603445e-07
3583.0	1.193405e-07
3584.0	1.226418e-07
3585.0	1.2593610000000002e-07
3586.0	1.2922575e-07
3587.0	1.3250995e-07
3588.0	1.3578865e-07
3589.0	1.3906195e-07
3590.0	1.4232975e-07
3591.0	1.45605e-07
3592.0	1.344431e-07
3593.0	1.229324e-07
3594.0	1.114382e-07
3595.0	9.996046e-08
3596.0	8.84991e-08
3597.0	7.705424e-08
3598.0	6.56258e-08
3599.0	5.421381e-08
3600.0	4.281827e-08
3601.0	3.1468875e-08
3602.0	3.66166e-08
3603.0	4.222633e-08
3604.0	4.7838485e-08
3605.0	5.3453065e-08
3606.0	5.9070085e-08
3607.0	6.4689525e-08
3608.0	7.0311405e-08
3609.0	7.593569e-08
3610.0	8.1562445e-08
3611.0	8.7199275e-08
3612.0	8.7015345e-08
3613.0	8.6652475e-08
3614.0	8.628934e-08
3615.0	8.592597e-08
3616.0	8.556237499999999e-08
3617.0	8.5198565e-08
3618.0	8.4834475e-08
3619.0	8.447019e-08
3620.0	8.410563999999999e-08
3621.0	8.37336e-08
3622.0	9.121246e-08
3623.0	9.8956035e-08
3624.0	1.0670305e-07
3625.0	1.144533e-07
3626.0	1.222069e-07
3627.0	1.299639e-07
3628.0	1.377243e-07
3629.0	1.4548795e-07
3630.0	1.53255e-07
3631.0	1.61023e-07
3632.0	1.5915525e-07
3633.0	1.569379e-07
3634.0	1.5471975e-07
3635.0	1.525002e-07
3636.0	1.5028075000000001e-07
3637.0	1.4805985e-07
3638.0	1.4583799999999999e-07
3639.0	1.436153e-07
3640.0	1.4139165e-07
3641.0	1.391793e-07
3642.0	1.3538135e-07
3643.0	1.315194e-07
3644.0	1.2765505e-07
3645.0	1.2378755e-07
3646.0	1.199188e-07
3647.0	1.1604875e-07
3648.0	1.121754e-07
3649.0	1.0829989999999999e-07
3650.0	1.044221e-07
3651.0	1.00533295e-07
3652.0	9.494463500000001e-08
3653.0	8.928285e-08
3654.0	8.3618765e-08
3655.0	7.7952405e-08
3656.0	7.228375000000001e-08
3657.0	6.661142e-08
3658.0	6.093958499999999e-08
3659.0	5.5265445e-08
3660.0	4.9586255000000003e-08
3661.0	4.391001e-08
3662.0	5.4646895e-08
3663.0	6.6118495e-08
3664.0	7.759670499999999e-08
3665.0	8.9081555e-08
3666.0	1.0057299e-07
3667.0	1.1207105e-07
3668.0	1.235758e-07
3669.0	1.350871e-07
3670.0	1.46605e-07
3671.0	1.581158e-07
3672.0	1.4846559999999998e-07
3673.0	1.378102e-07
3674.0	1.2715049999999998e-07
3675.0	1.1648644999999999e-07
3676.0	1.058182e-07
3677.0	9.5145555e-08
3678.0	8.4468625e-08
3679.0	7.3787445e-08
3680.0	6.3099315e-08
3681.0	5.2412135e-08
3682.0	5.1419040000000005e-08
3683.0	5.09132e-08
3684.0	5.040715e-08
3685.0	4.990089e-08
3686.0	4.939443e-08
3687.0	4.8887755e-08
3688.0	4.8380855000000005e-08
3689.0	4.7873775e-08
3690.0	4.7366479999999996e-08
3691.0	4.686294e-08
3692.0	5.880006e-08
3693.0	7.140295e-08
3694.0	8.401308e-08
3695.0	9.663044e-08
3696.0	1.092551e-07
3697.0	1.218869e-07
3698.0	1.3452605e-07
3699.0	1.4717239999999998e-07
3700.0	1.5982905e-07
3701.0	1.7247185e-07
3702.0	1.598895e-07
3703.0	1.458902e-07
3704.0	1.3188525e-07
3705.0	1.178747e-07
3706.0	1.038586e-07
3707.0	8.983680499999999e-08
3708.0	7.5809405e-08
3709.0	6.1776385e-08
3710.0	4.7737745e-08
3711.0	3.3696410000000004e-08
3712.0	3.487335e-08
3713.0	3.6948735e-08
3714.0	3.9024815e-08
3715.0	4.110308e-08
3716.0	4.318204e-08
3717.0	4.5262165e-08
3718.0	4.7343495e-08
3719.0	4.9426005e-08
3720.0	5.1509715e-08
3721.0	5.3589945e-08
3722.0	5.751893e-08
3723.0	6.156351e-08
3724.0	6.5609685e-08
3725.0	6.96575e-08
3726.0	7.3706895e-08
3727.0	7.775792499999999e-08
3728.0	8.181054e-08
3729.0	8.586477e-08
3730.0	8.992063000000001e-08
3731.0	9.3978085e-08
3732.0	9.470972e-08
3733.0	9.522622e-08
3734.0	9.574289e-08
3735.0	9.625977e-08
3736.0	9.6776885e-08
3737.0	9.729415000000001e-08
3738.0	9.781163000000001e-08
3739.0	9.8329305e-08
3740.0	9.8847245e-08
3741.0	9.9373915e-08
3742.0	1.0318205e-07
3743.0	1.072139e-07
3744.0	1.1124805e-07
3745.0	1.152845e-07
3746.0	1.193232e-07
3747.0	1.233642e-07
3748.0	1.2740755e-07
3749.0	1.314531e-07
3750.0	1.35501e-07
3751.0	1.3953904999999999e-07
3752.0	1.375353e-07
3753.0	1.3510415e-07
3754.0	1.326721e-07
3755.0	1.3023845e-07
3756.0	1.27805e-07
3757.0	1.2536995e-07
3758.0	1.22934e-07
3759.0	1.20497e-07
3760.0	1.1805905e-07
3761.0	1.156302e-07
3762.0	1.2135805e-07
3763.0	1.276903e-07
3764.0	1.340261e-07
3765.0	1.4036550000000001e-07
3766.0	1.4670849999999998e-07
3767.0	1.5305505e-07
3768.0	1.594053e-07
3769.0	1.65759e-07
3770.0	1.721164e-07
3771.0	1.7846185e-07
3772.0	1.834754e-07
3773.0	1.8838895e-07
3774.0	1.9330435000000002e-07
3775.0	1.982217e-07
3776.0	2.0314099999999998e-07
3777.0	2.0806215e-07
3778.0	2.129853e-07
3779.0	2.1791035e-07
3780.0	2.2283855e-07
3781.0	2.2776620000000001e-07
3782.0	2.2360075e-07
3783.0	2.187094e-07
3784.0	2.1381615e-07
3785.0	2.0892095e-07
3786.0	2.040238e-07
3787.0	1.9912475e-07
3788.0	1.942238e-07
3789.0	1.893208e-07
3790.0	1.8441595e-07
3791.0	1.795246e-07
3792.0	1.7617459999999998e-07
3793.0	1.7295045000000001e-07
3794.0	1.6972455e-07
3795.0	1.6649664999999999e-07
3796.0	1.6326695e-07
3797.0	1.6003539999999999e-07
3798.0	1.5680210000000002e-07
3799.0	1.535669e-07
3800.0	1.5032984999999998e-07
3801.0	1.4713125e-07
3802.0	1.513071e-07
3803.0	1.561196e-07
3804.0	1.6093725e-07
3805.0	1.6576015e-07
3806.0	1.7058845e-07
3807.0	1.7542195e-07
3808.0	1.8026065e-07
3809.0	1.851046e-07
3810.0	1.899539e-07
3811.0	1.9480825e-07
3812.0	1.9100805e-07
3813.0	1.8643425e-07
3814.0	1.818553e-07
3815.0	1.772712e-07
3816.0	1.7268185000000002e-07
3817.0	1.680874e-07
3818.0	1.6348774999999998e-07
3819.0	1.588829e-07
3820.0	1.54273e-07
3821.0	1.496707e-07
3822.0	1.558404e-07
3823.0	1.630066e-07
3824.0	1.701819e-07
3825.0	1.7736785e-07
3826.0	1.845593e-07
3827.0	1.917616e-07
3828.0	1.9897295e-07
3829.0	2.061931e-07
3830.0	2.1342245e-07
3831.0	2.2064149999999998e-07
3832.0	2.1364240000000002e-07
3833.0	2.052847e-07
3834.0	1.9691775e-07
3835.0	1.885396e-07
3836.0	1.801563e-07
3837.0	1.7176165e-07
3838.0	1.6335780000000002e-07
3839.0	1.5494465000000002e-07
3840.0	1.4652235000000002e-07
3841.0	1.381026e-07
3842.0	1.351327e-07
3843.0	1.3269515e-07
3844.0	1.3025445e-07
3845.0	1.2781055000000001e-07
3846.0	1.2536355e-07
3847.0	1.2291335e-07
3848.0	1.2046055e-07
3849.0	1.180035e-07
3850.0	1.1554380000000001e-07
3851.0	1.130711e-07
3852.0	1.1859130000000001e-07
3853.0	1.2492595000000002e-07
3854.0	1.3126745e-07
3855.0	1.376157e-07
3856.0	1.439707e-07
3857.0	1.5033245e-07
3858.0	1.56701e-07
3859.0	1.630763e-07
3860.0	1.6945835e-07
3861.0	1.7584705e-07
3862.0	1.7199794999999998e-07
3863.0	1.6707515e-07
3864.0	1.6214685000000001e-07
3865.0	1.572133e-07
3866.0	1.522743e-07
3867.0	1.473299e-07
3868.0	1.4238020000000002e-07
3869.0	1.3742515e-07
3870.0	1.324647e-07
3871.0	1.275098e-07
3872.0	1.3197845e-07
3873.0	1.3746805e-07
3874.0	1.4296439999999998e-07
3875.0	1.4846735e-07
3876.0	1.5397710000000002e-07
3877.0	1.594936e-07
3878.0	1.6501675e-07
3879.0	1.7054665e-07
3880.0	1.7608465e-07
3881.0	1.8161085e-07
3882.0	1.8442455e-07
3883.0	1.869402e-07
3884.0	1.894584e-07
3885.0	1.9197925e-07
3886.0	1.9450255e-07
3887.0	1.970284e-07
3888.0	1.9955684999999998e-07
3889.0	2.0208785000000001e-07
3890.0	2.0462145e-07
3891.0	2.0715735e-07
3892.0	1.9533185e-07
3893.0	1.8185615e-07
3894.0	1.683694e-07
3895.0	1.5486180000000002e-07
3896.0	1.4134319999999998e-07
3897.0	1.278103e-07
3898.0	1.142631e-07
3899.0	1.00701665e-07
3900.0	8.712596e-08
3901.0	7.354221e-08
3902.0	8.264035e-08
3903.0	9.441352e-08
3904.0	1.0620105000000001e-07
3905.0	1.180028e-07
3906.0	1.2981885e-07
3907.0	1.416492e-07
3908.0	1.534939e-07
3909.0	1.6535285e-07
3910.0	1.7722619999999999e-07
3911.0	1.8909725e-07
3912.0	1.7938835e-07
3913.0	1.670694e-07
3914.0	1.547375e-07
3915.0	1.4238975e-07
3916.0	1.3003515e-07
3917.0	1.1766464999999999e-07
3918.0	1.0528125000000001e-07
3919.0	9.288498999999999e-08
3920.0	8.047586000000001e-08
3921.0	6.8053805e-08
3922.0	7.2392545e-08
3923.0	7.8812225e-08
3924.0	8.523849e-08
3925.0	9.1671355e-08
3926.0	9.811235e-08
3927.0	1.045568e-07
3928.0	1.1100940000000001e-07
3929.0	1.174686e-07
3930.0	1.2393435e-07
3931.0	1.3041785e-07
3932.0	1.4400935e-07
3933.0	1.5852035000000002e-07
3934.0	1.730484e-07
3935.0	1.8759394999999998e-07
3936.0	2.021568e-07
3937.0	2.167369e-07
3938.0	2.313343e-07
3939.0	2.459455e-07
3940.0	2.605811e-07
3941.0	2.7520635e-07
3942.0	2.625124e-07
3943.0	2.46235e-07
3944.0	2.299408e-07
3945.0	2.1363e-07
3946.0	1.9730254999999999e-07
3947.0	1.809583e-07
3948.0	1.6459735e-07
3949.0	1.4822374999999998e-07
3950.0	1.3182550000000002e-07
3951.0	1.1541430000000001e-07
3952.0	1.0756099999999999e-07
3953.0	1.0084658e-07
3954.0	9.412537e-08
3955.0	8.739728000000001e-08
3956.0	8.0662385e-08
3957.0	7.3920645e-08
3958.0	6.717206e-08
3959.0	6.041663e-08
3960.0	5.3652750000000004e-08
3961.0	4.6889285e-08
3962.0	5.8419405e-08
3963.0	7.2474745e-08
3964.0	8.6546565e-08
3965.0	1.0063491500000001e-07
3966.0	1.1473975e-07
3967.0	1.288611e-07
3968.0	1.4299895e-07
3969.0	1.5715324999999998e-07
3970.0	1.7132420000000002e-07
3971.0	1.8549535e-07
3972.0	1.8593955e-07
3973.0	1.8445079999999998e-07
3974.0	1.8296040000000001e-07
3975.0	1.8146855e-07
3976.0	1.7997505e-07
3977.0	1.7847995e-07
3978.0	1.7698335000000002e-07
3979.0	1.7548515e-07
3980.0	1.7398535e-07
3981.0	1.7248385e-07
3982.0	1.6450729999999998e-07
3983.0	1.5559364999999998e-07
3984.0	1.4666665e-07
3985.0	1.3773295e-07
3986.0	1.2879045000000002e-07
3987.0	1.19839e-07
3988.0	1.1087865e-07
3989.0	1.0190945000000001e-07
3990.0	9.293127499999999e-08
3991.0	8.3951395e-08
3992.0	7.9909035e-08
3993.0	7.6591405e-08
3994.0	7.327072e-08
3995.0	6.9944535e-08
3996.0	6.6615295e-08
3997.0	6.328215e-08
3998.0	5.9945155e-08
3999.0	5.6604275e-08
4000.0	5.3259530000000004e-08
4001.0	4.9888455e-08
4002.0	6.2905295e-08
4003.0	7.839849500000001e-08
4004.0	9.3895595e-08
4005.0	1.0940035e-07
4006.0	1.2490145e-07
4007.0	1.4041014999999999e-07
4008.0	1.5592275e-07
4009.0	1.7143920000000001e-07
4010.0	1.8695955e-07
4011.0	2.024835e-07
4012.0	1.9321495e-07
4013.0	1.8012175e-07
4014.0	1.6702525e-07
4015.0	1.5392549999999998e-07
4016.0	1.408225e-07
4017.0	1.2771624999999998e-07
4018.0	1.1460685e-07
4019.0	1.01497365e-07
4020.0	8.837819e-08
4021.0	7.5265415e-08
4022.0	7.729400999999999e-08
4023.0	8.171287500000001e-08
4024.0	8.613359e-08
4025.0	9.055611999999999e-08
4026.0	9.4980465e-08
4027.0	9.9406655e-08
4028.0	1.0383475e-07
4029.0	1.082646e-07
4030.0	1.126963e-07
4031.0	1.17127e-07
4032.0	1.1572115e-07
4033.0	1.1337280000000001e-07
4034.0	1.1102360000000001e-07
4035.0	1.086735e-07
4036.0	1.0632255e-07
4037.0	1.0397075e-07
4038.0	1.0161806999999999e-07
4039.0	9.9264505e-08
4040.0	9.691006500000001e-08
4041.0	9.455467999999999e-08
4042.0	9.295814000000001e-08
4043.0	9.1486335e-08
4044.0	9.001401e-08
4045.0	8.854113e-08
4046.0	8.7067725e-08
4047.0	8.559377e-08
4048.0	8.411929000000001e-08
4049.0	8.264421e-08
4050.0	8.116865e-08
4051.0	7.969928e-08
4052.0	8.2661745e-08
4053.0	8.6371855e-08
4054.0	9.0083945e-08
4055.0	9.3798035e-08
4056.0	9.75141e-08
4057.0	1.01232115e-07
4058.0	1.0495215e-07
4059.0	1.086741e-07
4060.0	1.1239895e-07
4061.0	1.1611385e-07
4062.0	1.15063e-07
4063.0	1.1319175e-07
4064.0	1.113198e-07
4065.0	1.0944725e-07
4066.0	1.0757395e-07
4067.0	1.057e-07
4068.0	1.0382534999999999e-07
4069.0	1.0195e-07
4070.0	1.00074e-07
4071.0	9.819723e-08
4072.0	9.4749415e-08
4073.0	9.1024425e-08
4074.0	8.729904e-08
4075.0	8.357052000000001e-08
4076.0	7.984156499999999e-08
4077.0	7.611126e-08
4078.0	7.237963e-08
4079.0	6.864669e-08
4080.0	6.491241e-08
4081.0	6.118200499999999e-08
4082.0	6.671247e-08
4083.0	7.3904715e-08
4084.0	8.110075499999999e-08
4085.0	8.8300565e-08
4086.0	9.5504165e-08
4087.0	1.027115e-07
4088.0	1.0992265e-07
4089.0	1.1713765e-07
4090.0	1.2435635e-07
4091.0	1.315674e-07
4092.0	1.3646015e-07
4093.0	1.409303e-07
4094.0	1.4540195e-07
4095.0	1.4987530000000001e-07
4096.0	1.5435015e-07
4097.0	1.588265e-07
4098.0	1.633045e-07
4099.0	1.6778405e-07
4100.0	1.7226515e-07
4101.0	1.7674755e-07
4102.0	1.7774845e-07
4103.0	1.780997e-07
4104.0	1.7845109999999998e-07
4105.0	1.788025e-07
4106.0	1.7915414999999998e-07
4107.0	1.7950585e-07
4108.0	1.798576e-07
4109.0	1.8020955e-07
4110.0	1.805616e-07
4111.0	1.8092905000000001e-07
4112.0	1.8232505e-07
4113.0	1.8391715e-07
4114.0	1.8551e-07
4115.0	1.8710365e-07
4116.0	1.886982e-07
4117.0	1.9029355e-07
4118.0	1.9188965e-07
4119.0	1.9348655e-07
4120.0	1.9508435e-07
4121.0	1.9666579999999998e-07
4122.0	1.9427205e-07
4123.0	1.9110535e-07
4124.0	1.8793765e-07
4125.0	1.8476859999999998e-07
4126.0	1.8159869999999998e-07
4127.0	1.784276e-07
4128.0	1.7525545e-07
4129.0	1.7208215e-07
4130.0	1.6890774999999999e-07
4131.0	1.6573215e-07
4132.0	1.662898e-07
4133.0	1.675859e-07
4134.0	1.6888245e-07
4135.0	1.701794e-07
4136.0	1.7147685e-07
4137.0	1.7277465e-07
4138.0	1.74073e-07
4139.0	1.7537175e-07
4140.0	1.766709e-07
4141.0	1.7797040000000002e-07
4142.0	1.734225e-07
4143.0	1.676963e-07
4144.0	1.6196815e-07
4145.0	1.5623815e-07
4146.0	1.5050615e-07
4147.0	1.4477215e-07
4148.0	1.3903625e-07
4149.0	1.3329829999999998e-07
4150.0	1.275585e-07
4151.0	1.2182705e-07
4152.0	1.2926700000000002e-07
4153.0	1.394177e-07
4154.0	1.4957360000000002e-07
4155.0	1.5973455e-07
4156.0	1.699008e-07
4157.0	1.8007205000000002e-07
4158.0	1.9024855e-07
4159.0	2.0043019999999999e-07
4160.0	2.106171e-07
4161.0	2.207901e-07
4162.0	2.1329885e-07
4163.0	2.0211250000000002e-07
4164.0	1.9092235e-07
4165.0	1.7972845e-07
4166.0	1.6853075e-07
4167.0	1.573293e-07
4168.0	1.46124e-07
4169.0	1.3491495e-07
4170.0	1.2370220000000002e-07
4171.0	1.1248545000000001e-07
4172.0	1.1547075000000001e-07
4173.0	1.21477e-07
4174.0	1.2748525000000001e-07
4175.0	1.3349555e-07
4176.0	1.395078e-07
4177.0	1.45522e-07
4178.0	1.5153835e-07
4179.0	1.575566e-07
4180.0	1.6357690000000002e-07
4181.0	1.6961365e-07
4182.0	1.6848009999999998e-07
4183.0	1.6578985e-07
4184.0	1.630983e-07
4185.0	1.6040535e-07
4186.0	1.57711e-07
4187.0	1.5501535e-07
4188.0	1.523183e-07
4189.0	1.4961985e-07
4190.0	1.469201e-07
4191.0	1.442064e-07
4192.0	1.4364395000000002e-07
4193.0	1.4355585e-07
4194.0	1.4346780000000001e-07
4195.0	1.4337959999999998e-07
4196.0	1.4329145e-07
4197.0	1.4320320000000003e-07
4198.0	1.43115e-07
4199.0	1.4302675e-07
4200.0	1.429384e-07
4201.0	1.4284995000000002e-07
4202.0	1.3828095e-07
4203.0	1.3270270000000002e-07
4204.0	1.2712265e-07
4205.0	1.2154074999999998e-07
4206.0	1.15957e-07
4207.0	1.103714e-07
4208.0	1.0478395e-07
4209.0	9.919469499999999e-08
4210.0	9.36036e-08
4211.0	8.801056499999999e-08
4212.0	9.610532e-08
4213.0	1.0733205e-07
4214.0	1.185624e-07
4215.0	1.297964e-07
4216.0	1.4103409999999998e-07
4217.0	1.5227545e-07
4218.0	1.6352045000000002e-07
4219.0	1.7476915e-07
4220.0	1.860215e-07
4221.0	1.9729435e-07
4222.0	1.919407e-07
4223.0	1.8272065e-07
4224.0	1.73496e-07
4225.0	1.6426659999999998e-07
4226.0	1.5503269999999998e-07
4227.0	1.4579415e-07
4228.0	1.3655104999999999e-07
4229.0	1.273033e-07
4230.0	1.18051e-07
4231.0	1.0878044999999999e-07
4232.0	1.108536e-07
4233.0	1.156134e-07
4234.0	1.2037425e-07
4235.0	1.251364e-07
4236.0	1.2989965e-07
4237.0	1.346641e-07
4238.0	1.394297e-07
4239.0	1.4419645000000002e-07
4240.0	1.4896445e-07
4241.0	1.5373345e-07
4242.0	1.545745e-07
4243.0	1.544708e-07
4244.0	1.543671e-07
4245.0	1.5426335e-07
4246.0	1.541596e-07
4247.0	1.540558e-07
4248.0	1.5395195e-07
4249.0	1.5384804999999999e-07
4250.0	1.5374415000000002e-07
4251.0	1.5365334999999998e-07
4252.0	1.6086599999999998e-07
4253.0	1.6986565000000002e-07
4254.0	1.788691e-07
4255.0	1.8787629999999998e-07
4256.0	1.9688725e-07
4257.0	2.059019e-07
4258.0	2.1492025e-07
4259.0	2.239424e-07
4260.0	2.3296819999999998e-07
4261.0	2.4197690000000003e-07
4262.0	2.3640745e-07
4263.0	2.2720875e-07
4264.0	2.1800789999999998e-07
4265.0	2.0880475e-07
4266.0	1.9959934999999999e-07
4267.0	1.9039175e-07
4268.0	1.8118185e-07
4269.0	1.7196975000000002e-07
4270.0	1.627554e-07
4271.0	1.535388e-07
4272.0	1.5178655e-07
4273.0	1.5192015000000001e-07
4274.0	1.5205370000000002e-07
4275.0	1.5218735e-07
4276.0	1.52321e-07
4277.0	1.524547e-07
4278.0	1.5258845e-07
4279.0	1.5272215e-07
4280.0	1.5285595e-07
4281.0	1.5298965e-07
4282.0	1.4777175e-07
4283.0	1.4117585e-07
4284.0	1.345784e-07
4285.0	1.2797934999999998e-07
4286.0	1.2137875e-07
4287.0	1.147765e-07
4288.0	1.0817265e-07
4289.0	1.015673e-07
4290.0	9.496028999999999e-08
4291.0	8.835918e-08
4292.0	9.0182495e-08
4293.0	9.420717e-08
4294.0	9.823354e-08
4295.0	1.022615e-07
4296.0	1.062911e-07
4297.0	1.1032235e-07
4298.0	1.143552e-07
4299.0	1.183898e-07
4300.0	1.2242595e-07
4301.0	1.264529e-07
4302.0	1.306267e-07
4303.0	1.3484025e-07
4304.0	1.3905475e-07
4305.0	1.4327015e-07
4306.0	1.474867e-07
4307.0	1.5170415e-07
4308.0	1.559226e-07
4309.0	1.6014205e-07
4310.0	1.6436255e-07
4311.0	1.6858384999999998e-07
4312.0	1.6664705000000002e-07
4313.0	1.630485e-07
4314.0	1.5944905e-07
4315.0	1.5584875e-07
4316.0	1.5224765e-07
4317.0	1.4864570000000002e-07
4318.0	1.4504290000000002e-07
4319.0	1.4143915000000001e-07
4320.0	1.3783465e-07
4321.0	1.342293e-07
4322.0	1.4056965e-07
4323.0	1.4963355e-07
4324.0	1.5869955000000002e-07
4325.0	1.677677e-07
4326.0	1.7683795000000002e-07
4327.0	1.859104e-07
4328.0	1.9498495e-07
4329.0	2.0406165e-07
4330.0	2.131405e-07
4331.0	2.2224029999999999e-07
4332.0	2.2130345000000002e-07
4333.0	2.175702e-07
4334.0	2.1383535e-07
4335.0	2.1009915e-07
4336.0	2.0636135e-07
4337.0	2.0262194999999998e-07
4338.0	1.988811e-07
4339.0	1.9513869999999998e-07
4340.0	1.9139484999999999e-07
4341.0	1.8763324999999998e-07
4342.0	1.8699765000000002e-07
4343.0	1.8724494999999998e-07
4344.0	1.8749235e-07
4345.0	1.877398e-07
4346.0	1.879874e-07
4347.0	1.8823495e-07
4348.0	1.8848255e-07
4349.0	1.887302e-07
4350.0	1.8897795000000002e-07
4351.0	1.8922555e-07
4352.0	1.8700345e-07
4353.0	1.8407329999999999e-07
4354.0	1.811425e-07
4355.0	1.782111e-07
4356.0	1.7527895000000002e-07
4357.0	1.72346e-07
4358.0	1.6941245e-07
4359.0	1.664782e-07
4360.0	1.635433e-07
4361.0	1.6060755000000001e-07
4362.0	1.5168495e-07
4363.0	1.4101625e-07
4364.0	1.303452e-07
4365.0	1.196716e-07
4366.0	1.089955e-07
4367.0	9.8316995e-08
4368.0	8.763601e-08
4369.0	7.695256e-08
4370.0	6.626666e-08
4371.0	5.558302e-08
4372.0	6.300846e-08
4373.0	7.5788335e-08
4374.0	8.8573315e-08
4375.0	1.0136335e-07
4376.0	1.141586e-07
4377.0	1.269589e-07
4378.0	1.3976435e-07
4379.0	1.5257485e-07
4380.0	1.653905e-07
4381.0	1.7819605e-07
4382.0	1.79029e-07
4383.0	1.762751e-07
4384.0	1.735206e-07
4385.0	1.7076550000000002e-07
4386.0	1.680097e-07
4387.0	1.6525329999999998e-07
4388.0	1.624963e-07
4389.0	1.597386e-07
4390.0	1.569803e-07
4391.0	1.5422125e-07
4392.0	1.580778e-07
4393.0	1.6394975e-07
4394.0	1.6982305000000002e-07
4395.0	1.756976e-07
4396.0	1.815736e-07
4397.0	1.8745085000000001e-07
4398.0	1.9332945000000001e-07
4399.0	1.9920945e-07
4400.0	2.0509075e-07
4401.0	2.1097335000000002e-07
4402.0	2.0747555e-07
4403.0	2.010812e-07
4404.0	1.9468535e-07
4405.0	1.8828805000000002e-07
4406.0	1.8188935000000002e-07
4407.0	1.754891e-07
4408.0	1.690874e-07
4409.0	1.626843e-07
4410.0	1.562797e-07
4411.0	1.4987365e-07
4412.0	1.533765e-07
4413.0	1.59989e-07
4414.0	1.66603e-07
4415.0	1.7321850000000002e-07
4416.0	1.798355e-07
4417.0	1.8645405e-07
4418.0	1.9307405e-07
4419.0	1.9969555e-07
4420.0	2.063185e-07
4421.0	2.129611e-07
4422.0	2.088021e-07
4423.0	2.0120625e-07
4424.0	1.9360735000000002e-07
4425.0	1.860054e-07
4426.0	1.7840050000000002e-07
4427.0	1.7079245e-07
4428.0	1.631815e-07
4429.0	1.5556735e-07
4430.0	1.479503e-07
4431.0	1.4032355e-07
4432.0	1.4263635e-07
4433.0	1.481616e-07
4434.0	1.536885e-07
4435.0	1.5921705e-07
4436.0	1.6474725000000002e-07
4437.0	1.7027915e-07
4438.0	1.7581265000000001e-07
4439.0	1.8134785e-07
4440.0	1.868847e-07
4441.0	1.9242315e-07
4442.0	1.9078255e-07
4443.0	1.8679095e-07
4444.0	1.8279805e-07
4445.0	1.78804e-07
4446.0	1.748088e-07
4447.0	1.7081235e-07
4448.0	1.668147e-07
4449.0	1.6281579999999998e-07
4450.0	1.588157e-07
4451.0	1.548144e-07
4452.0	1.580388e-07
4453.0	1.6366105e-07
4454.0	1.6928495e-07
4455.0	1.7491055e-07
4456.0	1.8053770000000002e-07
4457.0	1.8616675e-07
4458.0	1.917973e-07
4459.0	1.9742960000000002e-07
4460.0	2.0306354999999998e-07
4461.0	2.0871695e-07
4462.0	2.121349e-07
4463.0	2.1480045e-07
4464.0	2.174671e-07
4465.0	2.2013515e-07
4466.0	2.228043e-07
4467.0	2.2547475e-07
4468.0	2.2814645e-07
4469.0	2.3081935e-07
4470.0	2.3349355000000002e-07
4471.0	2.361488e-07
4472.0	2.317311e-07
4473.0	2.2489829999999998e-07
4474.0	2.180635e-07
4475.0	2.112266e-07
4476.0	2.0438765e-07
4477.0	1.975466e-07
4478.0	1.9070360000000002e-07
4479.0	1.8385845e-07
4480.0	1.770113e-07
4481.0	1.7016215e-07
4482.0	1.5904815e-07
4483.0	1.4645365e-07
4484.0	1.338553e-07
4485.0	1.2125325e-07
4486.0	1.086474e-07
4487.0	9.603775e-08
4488.0	8.342435500000001e-08
4489.0	7.0807145e-08
4490.0	5.818622e-08
4491.0	4.556147e-08
4492.0	5.3263905e-08
4493.0	6.810429e-08
4494.0	8.294912e-08
4495.0	9.779837e-08
4496.0	1.126521e-07
4497.0	1.2751015e-07
4498.0	1.423727e-07
4499.0	1.572397e-07
4500.0	1.721111e-07
4501.0	1.8697160000000002e-07
4502.0	1.891127e-07
4503.0	1.8673269999999998e-07
4504.0	1.843524e-07
4505.0	1.8197164999999998e-07
4506.0	1.7959075e-07
4507.0	1.7720945e-07
4508.0	1.7482785000000002e-07
4509.0	1.7244585000000002e-07
4510.0	1.7006364999999998e-07
4511.0	1.6769525e-07
4512.0	1.6292865e-07
4513.0	1.5729545e-07
4514.0	1.5166055e-07
4515.0	1.460239e-07
4516.0	1.4038555e-07
4517.0	1.347454e-07
4518.0	1.2910365000000002e-07
4519.0	1.2346014999999998e-07
4520.0	1.1781485e-07
4521.0	1.1215835e-07
4522.0	1.1473395e-07
4523.0	1.2031794999999998e-07
4524.0	1.259026e-07
4525.0	1.3148800000000002e-07
4526.0	1.3707415000000002e-07
4527.0	1.4266104999999998e-07
4528.0	1.4824870000000002e-07
4529.0	1.5383705e-07
4530.0	1.5942625e-07
4531.0	1.6501605e-07
4532.0	1.612515e-07
4533.0	1.5401724999999998e-07
4534.0	1.46782e-07
4535.0	1.3954580000000001e-07
4536.0	1.3230865e-07
4537.0	1.250705e-07
4538.0	1.1783134999999999e-07
4539.0	1.105914e-07
4540.0	1.0335035000000001e-07
4541.0	9.610837e-08
4542.0	9.621672e-08
4543.0	9.908509499999999e-08
4544.0	1.019538e-07
4545.0	1.0482295e-07
4546.0	1.076925e-07
4547.0	1.1056235000000001e-07
4548.0	1.134326e-07
4549.0	1.1630325e-07
4550.0	1.191743e-07
4551.0	1.2204565e-07
4552.0	1.25051e-07
4553.0	1.2810749999999998e-07
4554.0	1.3116435e-07
4555.0	1.3422170000000002e-07
4556.0	1.3727940000000002e-07
4557.0	1.4033745e-07
4558.0	1.4339605e-07
4559.0	1.464549e-07
4560.0	1.4951414999999999e-07
4561.0	1.5258695e-07
4562.0	1.535358e-07
4563.0	1.5366540000000001e-07
4564.0	1.537951e-07
4565.0	1.5392475e-07
4566.0	1.5405455000000002e-07
4567.0	1.541843e-07
4568.0	1.543141e-07
4569.0	1.544439e-07
4570.0	1.545738e-07
4571.0	1.5469045e-07
4572.0	1.56089e-07
4573.0	1.5798819999999998e-07
4574.0	1.5988755e-07
4575.0	1.6178715e-07
4576.0	1.636871e-07
4577.0	1.655872e-07
4578.0	1.6748765e-07
4579.0	1.693882e-07
4580.0	1.712891e-07
4581.0	1.7319024999999998e-07
4582.0	1.6743369999999999e-07
4583.0	1.586432e-07
4584.0	1.4985155e-07
4585.0	1.410588e-07
4586.0	1.322649e-07
4587.0	1.2346975e-07
4588.0	1.146735e-07
4589.0	1.0587610000000001e-07
4590.0	9.707751e-08
4591.0	8.827777e-08
4592.0	8.8329255e-08
4593.0	9.192919e-08
4594.0	9.552962000000001e-08
4595.0	9.913051e-08
4596.0	1.0273185e-07
4597.0	1.063337e-07
4598.0	1.099361e-07
4599.0	1.1353885000000001e-07
4600.0	1.1714214999999999e-07
4601.0	1.2074585e-07
4602.0	1.195647e-07
4603.0	1.1644214999999999e-07
4604.0	1.1331925e-07
4605.0	1.101959e-07
4606.0	1.0707215000000001e-07
4607.0	1.0394795e-07
4608.0	1.0082341000000001e-07
4609.0	9.7698355e-08
4610.0	9.457297e-08
4611.0	9.1454915e-08
4612.0	9.412143e-08
4613.0	9.9169475e-08
4614.0	1.0421905000000001e-07
4615.0	1.092701e-07
4616.0	1.143228e-07
4617.0	1.1937685e-07
4618.0	1.244325e-07
4619.0	1.294896e-07
4620.0	1.3454835e-07
4621.0	1.395966e-07
4622.0	1.3900815e-07
4623.0	1.360725e-07
4624.0	1.331365e-07
4625.0	1.302001e-07
4626.0	1.272633e-07
4627.0	1.2432605000000002e-07
4628.0	1.2138850000000002e-07
4629.0	1.184506e-07
4630.0	1.1551225e-07
4631.0	1.1257105e-07
4632.0	1.1795315e-07
4633.0	1.2685019999999999e-07
4634.0	1.3574799999999998e-07
4635.0	1.446467e-07
4636.0	1.5354595e-07
4637.0	1.624462e-07
4638.0	1.71347e-07
4639.0	1.8024869999999999e-07
4640.0	1.8915115e-07
4641.0	1.980544e-07
4642.0	1.957499e-07
4643.0	1.8865705e-07
4644.0	1.8156365e-07
4645.0	1.7446949999999999e-07
4646.0	1.6737485000000001e-07
4647.0	1.6027955e-07
4648.0	1.5318365e-07
4649.0	1.4608705e-07
4650.0	1.3898994999999998e-07
4651.0	1.3189225e-07
4652.0	1.3020365e-07
4653.0	1.3085304999999998e-07
4654.0	1.3150245e-07
4655.0	1.3215189999999999e-07
4656.0	1.3280145e-07
4657.0	1.33451e-07
4658.0	1.3410070000000001e-07
4659.0	1.347503e-07
4660.0	1.354001e-07
4661.0	1.360499e-07
4662.0	1.3220885e-07
4663.0	1.2639945e-07
4664.0	1.2058955e-07
4665.0	1.1477915e-07
4666.0	1.089683e-07
4667.0	1.0315690000000001e-07
4668.0	9.7344945e-08
4669.0	9.153253500000001e-08
4670.0	8.571962e-08
4671.0	7.991297e-08
4672.0	7.6659055e-08
4673.0	7.453663e-08
4674.0	7.241367e-08
4675.0	7.029016499999999e-08
4676.0	6.816612e-08
4677.0	6.6041525e-08
4678.0	6.391636000000001e-08
4679.0	6.179067e-08
4680.0	5.966443e-08
4681.0	5.7532749999999996e-08
4682.0	6.1625005e-08
4683.0	6.8514835e-08
4684.0	7.540525e-08
4685.0	8.229628e-08
4686.0	8.918789500000001e-08
4687.0	9.608010500000001e-08
4688.0	1.029729e-07
4689.0	1.0986635e-07
4690.0	1.167603e-07
4691.0	1.236549e-07
4692.0	1.2360470000000002e-07
4693.0	1.203973e-07
4694.0	1.171897e-07
4695.0	1.1398185e-07
4696.0	1.1077365e-07
4697.0	1.0756525e-07
4698.0	1.0435655e-07
4699.0	1.0114755000000001e-07
4700.0	9.793829e-08
4701.0	9.472873e-08
4702.0	9.213468e-08
4703.0	8.982410500000001e-08
4704.0	8.751336999999999e-08
4705.0	8.5202415e-08
4706.0	8.289127499999999e-08
4707.0	8.0579935e-08
4708.0	7.826839000000001e-08
4709.0	7.5956665e-08
4710.0	7.364473499999999e-08
4711.0	7.133259500000001e-08
4712.0	7.2372245e-08
4713.0	7.4974085e-08
4714.0	7.757613e-08
4715.0	8.0178395e-08
4716.0	8.27809e-08
4717.0	8.5383615e-08
4718.0	8.798656e-08
4719.0	9.058970500000001e-08
4720.0	9.3193085e-08
4721.0	9.579670500000001e-08
4722.0	9.0069455e-08
4723.0	8.04153e-08
4724.0	7.076038000000001e-08
4725.0	6.110459e-08
4726.0	5.1447975e-08
4727.0	4.1790540000000006e-08
4728.0	3.213225e-08
4729.0	2.2473155e-08
4730.0	1.2813215e-08
4731.0	3.1524495e-09
4732.0	4.8255495e-09
4733.0	1.1912854999999999e-08
4734.0	1.9000774999999997e-08
4735.0	2.60893e-08
4736.0	3.317844e-08
4737.0	4.026818e-08
4738.0	4.735854e-08
4739.0	5.4449505e-08
4740.0	6.154107499999999e-08
4741.0	6.8639105e-08
4742.0	7.095161e-08
4743.0	7.0952215e-08
4744.0	7.09528e-08
4745.0	7.095339e-08
4746.0	7.0953975e-08
4747.0	7.0954535e-08
4748.0	7.095512499999999e-08
4749.0	7.095572000000001e-08
4750.0	7.095629000000001e-08
4751.0	7.0950835e-08
4752.0	7.3888195e-08
4753.0	7.826623000000001e-08
4754.0	8.264465e-08
4755.0	8.702345500000001e-08
4756.0	9.140262e-08
4757.0	9.5782175e-08
4758.0	1.0016212e-07
4759.0	1.045424e-07
4760.0	1.089231e-07
4761.0	1.1330415e-07
4762.0	1.091408e-07
4763.0	1.00748085e-07
4764.0	9.235464499999999e-08
4765.0	8.3960545e-08
4766.0	7.556573e-08
4767.0	6.7170135e-08
4768.0	5.8773855e-08
4769.0	5.037682e-08
4770.0	4.19791e-08
4771.0	3.3580645e-08
4772.0	3.2525235e-08
4773.0	3.5152539999999996e-08
4774.0	3.7780064999999996e-08
4775.0	4.0407819999999996e-08
4776.0	4.3035795e-08
4777.0	4.566398e-08
4778.0	4.8292419999999995e-08
4779.0	5.0921075000000004e-08
4780.0	5.3549945e-08
4781.0	5.617906e-08
4782.0	5.6904274999999996e-08
4783.0	5.666415e-08
4784.0	5.6424019999999996e-08
4785.0	5.6183845e-08
4786.0	5.5943669999999995e-08
4787.0	5.5703474999999995e-08
4788.0	5.546326e-08
4789.0	5.5223005e-08
4790.0	5.4982745e-08
4791.0	5.4742465e-08
4792.0	5.3306125000000004e-08
4793.0	5.125663e-08
4794.0	4.920694e-08
4795.0	4.7157075e-08
4796.0	4.5107045e-08
4797.0	4.305684e-08
4798.0	4.1006460000000004e-08
4799.0	3.895591e-08
4800.0	3.690517e-08
4801.0	3.4854255e-08
4802.0	3.51314e-08
4803.0	3.6617639999999995e-08
4804.0	3.8104005e-08
4805.0	3.9590509999999996e-08
4806.0	4.1077139999999996e-08
4807.0	4.2563875e-08
4808.0	4.4050760000000005e-08
4809.0	4.553777e-08
4810.0	4.7024905e-08
4811.0	4.8516285e-08
4812.0	4.9665315e-08
4813.0	5.0634675e-08
4814.0	5.1604274999999995e-08
4815.0	5.2574120000000003e-08
4816.0	5.354422e-08
4817.0	5.451457e-08
4818.0	5.5485170000000005e-08
4819.0	5.6456005000000004e-08
4820.0	5.742709e-08
4821.0	5.839348e-08
4822.0	5.8544445e-08
4823.0	5.82617e-08
4824.0	5.7978965e-08
4825.0	5.769616e-08
4826.0	5.7413345e-08
4827.0	5.713052e-08
4828.0	5.684765e-08
4829.0	5.656476e-08
4830.0	5.6281855000000004e-08
4831.0	5.5998309999999996e-08
4832.0	6.459833e-08
4833.0	7.797431500000001e-08
4834.0	9.135115e-08
4835.0	1.0472889999999999e-07
4836.0	1.1810745e-07
4837.0	1.314869e-07
4838.0	1.4486714999999998e-07
4839.0	1.5824835e-07
4840.0	1.716304e-07
4841.0	1.8501325000000002e-07
4842.0	1.824207e-07
4843.0	1.711286e-07
4844.0	1.5983575e-07
4845.0	1.4854220000000002e-07
4846.0	1.372479e-07
4847.0	1.259529e-07
4848.0	1.146572e-07
4849.0	1.0336075e-07
4850.0	9.2063535e-08
4851.0	8.076561e-08
4852.0	7.6148665e-08
4853.0	7.520879499999999e-08
4854.0	7.426885e-08
4855.0	7.3328855e-08
4856.0	7.238880500000001e-08
4857.0	7.1448665e-08
4858.0	7.050848e-08
4859.0	6.956824499999999e-08
4860.0	6.862793999999999e-08
4861.0	6.768755e-08
4862.0	6.611823e-08
4863.0	6.4198965e-08
4864.0	6.227956e-08
4865.0	6.0360075e-08
4866.0	5.8440450000000004e-08
4867.0	5.652069e-08
4868.0	5.4600819999999996e-08
4869.0	5.268083e-08
4870.0	5.0760715e-08
4871.0	4.8840465e-08
4872.0	5.4151885e-08
4873.0	6.353784e-08
4874.0	7.2924385e-08
4875.0	8.2311535e-08
4876.0	9.16993e-08
4877.0	1.0108765e-07
4878.0	1.104766e-07
4879.0	1.1986615e-07
4880.0	1.292563e-07
4881.0	1.386471e-07
4882.0	1.3740885e-07
4883.0	1.301183e-07
4884.0	1.228272e-07
4885.0	1.1553575e-07
4886.0	1.082438e-07
4887.0	1.0095134e-07
4888.0	9.3658455e-08
4889.0	8.636506499999999e-08
4890.0	7.907121499999999e-08
4891.0	7.178296500000001e-08
4892.0	6.676593e-08
4893.0	6.305843e-08
4894.0	5.9350065e-08
4895.0	5.5640825e-08
4896.0	5.1930715e-08
4897.0	4.8219725e-08
4898.0	4.4507875e-08
4899.0	4.0795135e-08
4900.0	3.708154e-08
4901.0	3.3364244999999996e-08
4902.0	3.126817e-08
4903.0	3.0116774999999995e-08
4904.0	2.896533e-08
4905.0	2.7813805e-08
4906.0	2.6662209999999998e-08
4907.0	2.5510525e-08
4908.0	2.4358780000000003e-08
4909.0	2.320695e-08
4910.0	2.205505e-08
4911.0	2.0903065e-08
4912.0	2.4297315e-08
4913.0	3.0374465e-08
4914.0	3.6452015e-08
4915.0	4.252996e-08
4916.0	4.8608280000000004e-08
4917.0	5.4687e-08
4918.0	6.0766125e-08
4919.0	6.6845615e-08
4920.0	7.29255e-08
4921.0	7.900578999999999e-08
4922.0	8.0407445e-08
4923.0	7.9019125e-08
4924.0	7.763073500000001e-08
4925.0	7.624224499999999e-08
4926.0	7.485364000000001e-08
4927.0	7.346497e-08
4928.0	7.207621e-08
4929.0	7.068737e-08
4930.0	6.9298435e-08
4931.0	6.790943e-08
4932.0	6.890067999999999e-08
4933.0	7.132623e-08
4934.0	7.375192e-08
4935.0	7.617779e-08
4936.0	7.860382500000001e-08
4937.0	8.103000999999999e-08
4938.0	8.3456355e-08
4939.0	8.588280500000001e-08
4940.0	8.8309525e-08
4941.0	9.073636e-08
4942.0	8.804359e-08
4943.0	8.222714500000001e-08
4944.0	7.641034e-08
4945.0	7.059316e-08
4946.0	6.4775595e-08
4947.0	5.895763e-08
4948.0	5.313928e-08
4949.0	4.7320535e-08
4950.0	4.1501425e-08
4951.0	3.568192e-08
4952.0	3.984227e-08
4953.0	5.015512e-08
4954.0	6.0468625e-08
4955.0	7.0782805e-08
4956.0	8.1097705e-08
4957.0	9.141327499999999e-08
4958.0	1.0172950000000001e-07
4959.0	1.1204645e-07
4960.0	1.22364e-07
4961.0	1.3268225e-07
4962.0	1.303152e-07
4963.0	1.200303e-07
4964.0	1.0974465000000001e-07
4965.0	9.945845999999999e-08
4966.0	8.917151e-08
4967.0	7.888391e-08
4968.0	6.859564e-08
4969.0	5.830668e-08
4970.0	4.8017034999999994e-08
4971.0	3.772675e-08
4972.0	3.5888984999999996e-08
4973.0	3.9381625e-08
4974.0	4.287452e-08
4975.0	4.636762e-08
4976.0	4.9860965e-08
4977.0	5.3354525e-08
4978.0	5.6848315e-08
4979.0	6.0342345e-08
4980.0	6.383659e-08
4981.0	6.7331085e-08
4982.0	7.2440615e-08
4983.0	7.858138000000001e-08
4984.0	8.472258e-08
4985.0	9.086416e-08
4986.0	9.700616e-08
4987.0	1.0314855e-07
4988.0	1.092914e-07
4989.0	1.154346e-07
4990.0	1.215782e-07
4991.0	1.2773305e-07
4992.0	1.2721640000000001e-07
4993.0	1.2239515000000002e-07
4994.0	1.1757275e-07
4995.0	1.127493e-07
4996.0	1.079246e-07
4997.0	1.0309875000000001e-07
4998.0	9.827183e-08
4999.0	9.344373e-08
5000.0	8.861450500000001e-08
5001.0	8.377449499999999e-08
5002.0	7.885392e-08
5003.0	7.3880665e-08
5004.0	6.890739999999999e-08
5005.0	6.393408e-08
5006.0	5.8960745e-08
5007.0	5.398735e-08
5008.0	4.901392e-08
5009.0	4.4040464999999995e-08
5010.0	3.906699e-08
5011.0	3.409347e-08
5012.0	3.175956e-08
5013.0	3.116686e-08
5014.0	3.0574145e-08
5015.0	2.998144e-08
5016.0	2.938873e-08
5017.0	2.8796005e-08
5018.0	2.8203265e-08
5019.0	2.761054e-08
5020.0	2.7017804999999998e-08
5021.0	2.6425064999999998e-08
5022.0	2.5146e-08
5023.0	2.3409569999999998e-08
5024.0	2.1673134999999998e-08
5025.0	1.993667e-08
5026.0	1.8200195e-08
5027.0	1.6463705e-08
5028.0	1.4727205e-08
5029.0	1.2990684999999999e-08
5030.0	1.125416e-08
5031.0	9.5173985e-09
5032.0	1.249288e-08
5033.0	1.864688e-08
5034.0	2.4800655e-08
5035.0	3.095419e-08
5036.0	3.7107504999999995e-08
5037.0	4.326059e-08
5038.0	4.9413435e-08
5039.0	5.5566045e-08
5040.0	6.171843e-08
5041.0	6.78706e-08
5042.0	7.3624805e-08
5043.0	7.910778500000001e-08
5044.0	8.459053999999999e-08
5045.0	9.007313e-08
5046.0	9.555549e-08
5047.0	1.0103762e-07
5048.0	1.0651955000000001e-07
5049.0	1.1200135e-07
5050.0	1.174829e-07
5051.0	1.229642e-07
5052.0	1.198904e-07
5053.0	1.1091594999999999e-07
5054.0	1.0194185e-07
5055.0	9.296808e-08
5056.0	8.399464e-08
5057.0	7.5021545e-08
5058.0	6.604878000000001e-08
5059.0	5.7076359999999997e-08
5060.0	4.8104255000000004e-08
5061.0	3.9132515e-08
5062.0	3.6848675e-08
5063.0	3.922454e-08
5064.0	4.160032e-08
5065.0	4.3976015e-08
5066.0	4.6351605e-08
5067.0	4.8727125e-08
5068.0	5.1102535e-08
5069.0	5.347787e-08
5070.0	5.585312e-08
5071.0	5.8228295e-08
5072.0	6.0421085e-08
5073.0	6.248524500000001e-08
5074.0	6.454929499999999e-08
5075.0	6.6613305e-08
5076.0	6.867724e-08
5077.0	7.074109e-08
5078.0	7.2804835e-08
5079.0	7.4868525e-08
5080.0	7.693216e-08
5081.0	7.8995715e-08
5082.0	7.5193105e-08
5083.0	6.721188e-08
5084.0	5.9230925e-08
5085.0	5.1250275e-08
5086.0	4.3269935e-08
5087.0	3.528985e-08
5088.0	2.731007e-08
5089.0	1.9330589999999998e-08
5090.0	1.1351399999999999e-08
5091.0	3.3725015e-09
5092.0	2.9893445e-09
5093.0	8.082488500000001e-09
5094.0	1.317545e-08
5095.0	1.8268224999999997e-08
5096.0	2.3360814999999997e-08
5097.0	2.8453225e-08
5098.0	3.3545445e-08
5099.0	3.863748e-08
5100.0	4.3729339999999997e-08
5101.0	4.8821e-08
5102.0	5.40333e-08
5103.0	5.933337e-08
5104.0	6.463325e-08
5105.0	6.9932935e-08
5106.0	7.523245e-08
5107.0	8.053176e-08
5108.0	8.5830885e-08
5109.0	9.11298e-08
5110.0	9.642855e-08
5111.0	1.0172705e-07
5112.0	9.799174e-08
5113.0	8.759824000000001e-08
5114.0	7.7205115e-08
5115.0	6.681238e-08
5116.0	5.6420024999999996e-08
5117.0	4.602805e-08
5118.0	3.563645e-08
5119.0	2.524523e-08
5120.0	1.4854395e-08
5121.0	4.4639395e-09
5122.0	5.166603e-09
5123.0	1.4127225e-08
5124.0	2.308751e-08
5125.0	3.2047465e-08
5126.0	4.1007085e-08
5127.0	4.9966370000000004e-08
5128.0	5.8925315e-08
5129.0	6.7883955e-08
5130.0	7.684223000000001e-08
5131.0	8.580745e-08
5132.0	9.000034499999999e-08
5133.0	9.060418499999999e-08
5134.0	9.120813499999999e-08
5135.0	9.1812145e-08
5136.0	9.2416255e-08
5137.0	9.3020455e-08
5138.0	9.362471e-08
5139.0	9.422901499999999e-08
5140.0	9.483348000000001e-08
5141.0	9.542994e-08
5142.0	9.025598e-08
5143.0	8.069115e-08
5144.0	7.1126665e-08
5145.0	6.1562545e-08
5146.0	5.1998795e-08
5147.0	4.2435355e-08
5148.0	3.2872285000000006e-08
5149.0	2.3309545e-08
5150.0	1.3747165e-08
5151.0	4.1851275e-09
5152.0	3.9403279999999995e-09
5153.0	1.0856054999999999e-08
5154.0	1.7771535000000003e-08
5155.0	2.4686775e-08
5156.0	3.160177e-08
5157.0	3.851649e-08
5158.0	4.5430985e-08
5159.0	5.2345195e-08
5160.0	5.925921e-08
5161.0	6.6172945e-08
5162.0	7.104568500000001e-08
5163.0	7.4331005e-08
5164.0	7.7616225e-08
5165.0	8.0901325e-08
5166.0	8.4186315e-08
5167.0	8.747115e-08
5168.0	9.075589e-08
5169.0	9.404049e-08
5170.0	9.7325035e-08
5171.0	1.00609345e-07
5172.0	1.0134905e-07
5173.0	1.0008995e-07
5174.0	9.883094e-08
5175.0	9.7571945e-08
5176.0	9.6312995e-08
5177.0	9.5054075e-08
5178.0	9.379522e-08
5179.0	9.2536395e-08
5180.0	9.127767e-08
5181.0	9.001894e-08
5182.0	8.9972305e-08
5183.0	9.088912e-08
5184.0	9.180588999999999e-08
5185.0	9.272264e-08
5186.0	9.363937499999999e-08
5187.0	9.4556055e-08
5188.0	9.547278e-08
5189.0	9.638935e-08
5190.0	9.730596e-08
5191.0	9.822252e-08
5192.0	9.980152e-08
5193.0	1.0191225e-07
5194.0	1.0402295000000001e-07
5195.0	1.0613355e-07
5196.0	1.0824405e-07
5197.0	1.1035445e-07
5198.0	1.1246485000000001e-07
5199.0	1.1457515e-07
5200.0	1.166854e-07
5201.0	1.1879550000000001e-07
5202.0	1.19934e-07
5203.0	1.202833e-07
5204.0	1.2063255e-07
5205.0	1.2098175e-07
5206.0	1.2133104999999999e-07
5207.0	1.2168025000000002e-07
5208.0	1.220294e-07
5209.0	1.223786e-07
5210.0	1.227278e-07
5211.0	1.230769e-07
5212.0	1.210636e-07
5213.0	1.1711220000000001e-07
5214.0	1.1316095e-07
5215.0	1.0920985e-07
5216.0	1.0525895000000001e-07
5217.0	1.013081e-07
5218.0	9.735742e-08
5219.0	9.3406895e-08
5220.0	8.9456545e-08
5221.0	8.550628000000001e-08
5222.0	8.009728500000001e-08
5223.0	7.347733e-08
5224.0	6.6857665e-08
5225.0	6.0238195e-08
5226.0	5.3619015e-08
5227.0	4.7000085e-08
5228.0	4.0381395e-08
5229.0	3.3762955e-08
5230.0	2.7144785e-08
5231.0	2.052697e-08
5232.0	1.946613e-08
5233.0	2.3064195e-08
5234.0	2.6662154999999997e-08
5235.0	3.0260025e-08
5236.0	3.3857795e-08
5237.0	3.7455475e-08
5238.0	4.105305e-08
5239.0	4.4650529999999996e-08
5240.0	4.8247925e-08
5241.0	5.1845205e-08
5242.0	5.23389e-08
5243.0	5.020488e-08
5244.0	4.8070930000000005e-08
5245.0	4.5937015e-08
5246.0	4.3803159999999997e-08
5247.0	4.166937e-08
5248.0	3.9535635000000004e-08
5249.0	3.7401945e-08
5250.0	3.5268335e-08
5251.0	3.3134775e-08
5252.0	3.6015594999999996e-08
5253.0	4.3192325e-08
5254.0	5.036887e-08
5255.0	5.7545215e-08
5256.0	6.472137e-08
5257.0	7.189732e-08
5258.0	7.90731e-08
5259.0	8.624866e-08
5260.0	9.342403999999999e-08
5261.0	1.00599255e-07
5262.0	1.014975e-07
5263.0	9.6965005e-08
5264.0	9.2432695e-08
5265.0	8.7900465e-08
5266.0	8.336837499999999e-08
5267.0	7.883640499999999e-08
5268.0	7.4304555e-08
5269.0	6.9772805e-08
5270.0	6.524118000000001e-08
5271.0	6.070969e-08
5272.0	5.6642825e-08
5273.0	5.2982719999999995e-08
5274.0	4.9322725000000006e-08
5275.0	4.566283e-08
5276.0	4.2003039999999995e-08
5277.0	3.8343340000000004e-08
5278.0	3.4683725e-08
5279.0	3.1024220000000004e-08
5280.0	2.7364815e-08
5281.0	2.37055e-08
5282.0	2.3108235e-08
5283.0	2.5217960000000002e-08
5284.0	2.732763e-08
5285.0	2.9437235e-08
5286.0	3.1546794999999995e-08
5287.0	3.365629e-08
5288.0	3.5765730000000004e-08
5289.0	3.7875105e-08
5290.0	3.998442e-08
5291.0	4.209369e-08
5292.0	4.081701e-08
5293.0	3.651159e-08
5294.0	3.2206310000000004e-08
5295.0	2.7901145e-08
5296.0	2.3596105e-08
5297.0	1.9291175e-08
5298.0	1.4986365e-08
5299.0	1.068168e-08
5300.0	6.3771175e-09
5301.0	2.0726715e-09
5302.0	4.314924e-09
5303.0	1.2470850000000001e-08
5304.0	2.062654e-08
5305.0	2.8782005e-08
5306.0	3.693723e-08
5307.0	4.509221e-08
5308.0	5.3246975e-08
5309.0	6.1401505e-08
5310.0	6.955581500000001e-08
5311.0	7.770983500000001e-08
5312.0	8.1923115e-08
5313.0	8.2534565e-08
5314.0	8.314602500000001e-08
5315.0	8.3757435e-08
5316.0	8.436884999999999e-08
5317.0	8.498027000000001e-08
5318.0	8.5591645e-08
5319.0	8.6203e-08
5320.0	8.6814335e-08
5321.0	8.742568e-08
5322.0	9.060274500000001e-08
5323.0	9.614795e-08
5324.0	1.0169295e-07
5325.0	1.0723785e-07
5326.0	1.1278255e-07
5327.0	1.183271e-07
5328.0	1.2387145e-07
5329.0	1.2941570000000002e-07
5330.0	1.3495975e-07
5331.0	1.405036e-07
5332.0	1.3869435e-07
5333.0	1.3001830000000002e-07
5334.0	1.2134254999999999e-07
5335.0	1.1266705000000001e-07
5336.0	1.0399180000000001e-07
5337.0	9.5316795e-08
5338.0	8.6642045e-08
5339.0	7.796756e-08
5340.0	6.9293365e-08
5341.0	6.0619375e-08
5342.0	5.6864565e-08
5343.0	5.7748710000000003e-08
5344.0	5.8632810000000005e-08
5345.0	5.951688e-08
5346.0	6.040094999999999e-08
5347.0	6.128499499999999e-08
5348.0	6.216899e-08
5349.0	6.3052955e-08
5350.0	6.393690999999999e-08
5351.0	6.482079e-08
5352.0	6.778675e-08
5353.0	7.273549499999999e-08
5354.0	7.7684095e-08
5355.0	8.2632525e-08
5356.0	8.7580855e-08
5357.0	9.2528955e-08
5358.0	9.747693e-08
5359.0	1.024247e-07
5360.0	1.0737240000000001e-07
5361.0	1.1231985e-07
5362.0	1.1152265e-07
5363.0	1.051904e-07
5364.0	9.885839000000001e-08
5365.0	9.252658e-08
5366.0	8.619497000000001e-08
5367.0	7.986354e-08
5368.0	7.3532355e-08
5369.0	6.720134999999999e-08
5370.0	6.0870565e-08
5371.0	5.4539965e-08
5372.0	5.2281795e-08
5373.0	5.3985995e-08
5374.0	5.5690145e-08
5375.0	5.7394225e-08
5376.0	5.9098259999999994e-08
5377.0	6.080223999999999e-08
5378.0	6.250615e-08
5379.0	6.421000500000001e-08
5380.0	6.591382499999999e-08
5381.0	6.761757500000001e-08
5382.0	7.110176e-08
5383.0	7.633865999999999e-08
5384.0	8.157537e-08
5385.0	8.681193000000001e-08
5386.0	9.204832e-08
5387.0	9.728450499999999e-08
5388.0	1.025206e-07
5389.0	1.0775645e-07
5390.0	1.129921e-07
5391.0	1.1822765e-07
5392.0	1.1954535e-07
5393.0	1.169683e-07
5394.0	1.143913e-07
5395.0	1.1181439999999999e-07
5396.0	1.0923765e-07
5397.0	1.066609e-07
5398.0	1.040843e-07
5399.0	1.015077e-07
5400.0	9.8931265e-08
5401.0	9.635482499999999e-08
5402.0	9.482442500000001e-08
5403.0	9.434606e-08
5404.0	9.3867715e-08
5405.0	9.338944e-08
5406.0	9.291112e-08
5407.0	9.243285e-08
5408.0	9.195459e-08
5409.0	9.147634999999999e-08
5410.0	9.099811999999999e-08
5411.0	9.051984e-08
5412.0	8.8475135e-08
5413.0	8.483936e-08
5414.0	8.1203685e-08
5415.0	7.7568155e-08
5416.0	7.393272e-08
5417.0	7.0297445e-08
5418.0	6.666229e-08
5419.0	6.302723e-08
5420.0	5.9392355e-08
5421.0	5.575752e-08
5422.0	5.4771930000000007e-08
5423.0	5.6509685e-08
5424.0	5.8245715e-08
5425.0	5.998248000000001e-08
5426.0	6.1719205e-08
5427.0	6.3455855e-08
5428.0	6.519247e-08
5429.0	6.692899e-08
5430.0	6.866547e-08
5431.0	7.0401805e-08
5432.0	7.6723465e-08
5433.0	8.780357e-08
5434.0	9.888327e-08
5435.0	1.0996255e-07
5436.0	1.210414e-07
5437.0	1.3211984999999998e-07
5438.0	1.4319775e-07
5439.0	1.5427540000000002e-07
5440.0	1.6535255000000002e-07
5441.0	1.764292e-07
5442.0	1.764426e-07
5443.0	1.6483955e-07
5444.0	1.5323705e-07
5445.0	1.4163495e-07
5446.0	1.3003330000000001e-07
5447.0	1.1843780000000001e-07
5448.0	1.0683140000000001e-07
5449.0	9.5231055e-08
5450.0	8.3631235e-08
5451.0	7.203178500000001e-08
5452.0	6.715409e-08
5453.0	6.940342500000001e-08
5454.0	7.165266499999999e-08
5455.0	7.3901825e-08
5456.0	7.6150905e-08
5457.0	7.839987500000001e-08
5458.0	8.0648775e-08
5459.0	8.2897525e-08
5460.0	8.5146245e-08
5461.0	8.73948e-08
5462.0	8.902927e-08
5463.0	9.0004925e-08
5464.0	9.0980515e-08
5465.0	9.1956085e-08
5466.0	9.2931625e-08
5467.0	9.390713e-08
5468.0	9.488256000000001e-08
5469.0	9.5857965e-08
5470.0	9.683333000000001e-08
5471.0	9.7808605e-08
5472.0	9.831888e-08
5473.0	9.832544e-08
5474.0	9.833196499999999e-08
5475.0	9.833853000000001e-08
5476.0	9.834508e-08
5477.0	9.83516e-08
5478.0	9.835815e-08
5479.0	9.8364685e-08
5480.0	9.837124e-08
5481.0	9.837774500000001e-08
5482.0	9.8580305e-08
5483.0	9.899727e-08
5484.0	9.9414235e-08
5485.0	9.9831195e-08
5486.0	1.0024815e-07
5487.0	1.0066502e-07
5488.0	1.01081965e-07
5489.0	1.0149879999999999e-07
5490.0	1.019157e-07
5491.0	1.0233245000000001e-07
5492.0	9.974373e-08
5493.0	9.3819055e-08
5494.0	8.789752500000001e-08
5495.0	8.197629e-08
5496.0	7.60553e-08
5497.0	7.0134565e-08
5498.0	6.42141e-08
5499.0	5.829388e-08
5500.0	5.237394e-08
5501.0	4.6454275000000005e-08
5502.0	4.569979e-08
5503.0	5.0719e-08
5504.0	5.5737985000000004e-08
5505.0	6.0756765e-08
5506.0	6.5775335e-08
5507.0	7.0793695e-08
5508.0	7.581183999999999e-08
5509.0	8.082973500000001e-08
5510.0	8.584747e-08
5511.0	9.086492e-08
5512.0	8.965948e-08
5513.0	8.141568e-08
5514.0	7.317226e-08
5515.0	6.492917500000001e-08
5516.0	5.6686465e-08
5517.0	4.8448119999999997e-08
5518.0	4.02021e-08
5519.0	3.1960449999999994e-08
5520.0	2.371917e-08
5521.0	1.547824e-08
5522.0	1.3893095e-08
5523.0	1.991007e-08
5524.0	2.592678e-08
5525.0	3.194323e-08
5526.0	3.7959409999999994e-08
5527.0	4.3975335000000006e-08
5528.0	4.9988045e-08
5529.0	5.600635e-08
5530.0	6.2021485e-08
5531.0	6.80363e-08
5532.0	7.3292025e-08
5533.0	7.767270000000001e-08
5534.0	8.2048855e-08
5535.0	8.642696e-08
5536.0	9.08049e-08
5537.0	9.518259000000001e-08
5538.0	9.956015e-08
5539.0	1.039354e-07
5540.0	1.0831675e-07
5541.0	1.1269145e-07
5542.0	1.1157599999999999e-07
5543.0	1.040505e-07
5544.0	9.6525315e-08
5545.0	8.9000465e-08
5546.0	8.147602499999999e-08
5547.0	7.3951885e-08
5548.0	6.643177e-08
5549.0	5.8904670000000004e-08
5550.0	5.1381625000000006e-08
5551.0	4.385888e-08
5552.0	4.073105e-08
5553.0	4.279337e-08
5554.0	4.4855605e-08
5555.0	4.691772e-08
5556.0	4.8979775e-08
5557.0	5.1041695e-08
5558.0	5.310353e-08
5559.0	5.516425e-08
5560.0	5.7226885e-08
5561.0	5.928838e-08
5562.0	5.879861e-08
5563.0	5.5266075e-08
5564.0	5.173374e-08
5565.0	4.820157e-08
5566.0	4.4669555e-08
5567.0	4.1137725e-08
5568.0	3.7606060000000005e-08
5569.0	3.407456e-08
5570.0	3.0541525e-08
5571.0	2.7009815e-08
5572.0	2.9495854999999998e-08
5573.0	3.924449e-08
5574.0	4.8991000000000005e-08
5575.0	5.8735375e-08
5576.0	6.8477625e-08
5577.0	7.821772999999999e-08
5578.0	8.7955705e-08
5579.0	9.769152999999999e-08
5580.0	1.074253e-07
5581.0	1.171715e-07
5582.0	1.2330595e-07
5583.0	1.2505485e-07
5584.0	1.2680365e-07
5585.0	1.285524e-07
5586.0	1.3030110000000002e-07
5587.0	1.3204965e-07
5588.0	1.3379815e-07
5589.0	1.3554649999999998e-07
5590.0	1.372957e-07
5591.0	1.390431e-07
5592.0	1.3640875e-07
5593.0	1.2838225e-07
5594.0	1.2035225e-07
5595.0	1.123226e-07
5596.0	1.042934e-07
5597.0	9.626457499999999e-08
5598.0	8.8236185e-08
5599.0	8.020817000000001e-08
5600.0	7.2180555e-08
5601.0	6.4149375e-08
5602.0	6.17609e-08
5603.0	6.6389055e-08
5604.0	7.101242e-08
5605.0	7.563781e-08
5606.0	8.0263e-08
5607.0	8.4887925e-08
5608.0	8.9512625e-08
5609.0	9.413709e-08
5610.0	9.876357e-08
5611.0	1.033853e-07
5612.0	1.0722725e-07
5613.0	1.1007899999999999e-07
5614.0	1.1293205e-07
5615.0	1.1578490000000001e-07
5616.0	1.186377e-07
5617.0	1.214903e-07
5618.0	1.2434135e-07
5619.0	1.2719505e-07
5620.0	1.300472e-07
5621.0	1.329005e-07
5622.0	1.3253174999999998e-07
5623.0	1.280667e-07
5624.0	1.2360185e-07
5625.0	1.191372e-07
5626.0	1.146728e-07
5627.0	1.1021084999999999e-07
5628.0	1.0574474999999999e-07
5629.0	1.012832e-07
5630.0	9.6817605e-08
5631.0	9.2351915e-08
5632.0	8.788973e-08
5633.0	8.3431875e-08
5634.0	7.8974445e-08
5635.0	7.451752e-08
5636.0	7.006108999999999e-08
5637.0	6.5605105e-08
5638.0	6.1151775e-08
5639.0	5.669456e-08
5640.0	5.224001e-08
5641.0	4.7785939999999996e-08
5642.0	4.757582e-08
5643.0	5.2886725e-08
5644.0	5.8197074999999996e-08
5645.0	6.350684500000001e-08
5646.0	6.8816065e-08
5647.0	7.4124705e-08
5648.0	7.943278500000001e-08
5649.0	8.4737715e-08
5650.0	9.0047275e-08
5651.0	9.535364e-08
5652.0	9.640752e-08
5653.0	9.1873965e-08
5654.0	8.73409e-08
5655.0	8.2808355e-08
5656.0	7.8276245e-08
5657.0	7.374460999999999e-08
5658.0	6.9213485e-08
5659.0	6.4682825e-08
5660.0	6.015045e-08
5661.0	5.5622945e-08
5662.0	5.5497735e-08
5663.0	6.1229175e-08
5664.0	6.696001e-08
5665.0	7.269023e-08
5666.0	7.841985e-08
5667.0	8.414883e-08
5668.0	8.987722e-08
5669.0	9.560496e-08
5670.0	1.013321e-07
5671.0	1.070614e-07
5672.0	1.1106755000000001e-07
5673.0	1.127654e-07
5674.0	1.1446300000000001e-07
5675.0	1.1616055000000001e-07
5676.0	1.1785780000000001e-07
5677.0	1.1955485e-07
5678.0	1.2125175e-07
5679.0	1.2294855e-07
5680.0	1.2464585e-07
5681.0	1.263414e-07
5682.0	1.246435e-07
5683.0	1.1834245e-07
5684.0	1.12039e-07
5685.0	1.057362e-07
5686.0	9.9434145e-08
5687.0	9.313273e-08
5688.0	8.683512999999999e-08
5689.0	8.053202500000001e-08
5690.0	7.42327e-08
5691.0	6.793097e-08
5692.0	6.3093295e-08
5693.0	6.025251e-08
5694.0	5.7414800000000004e-08
5695.0	5.4576025e-08
5696.0	5.1737565e-08
5697.0	4.88994e-08
5698.0	4.6061565e-08
5699.0	4.3225425e-08
5700.0	4.038542e-08
5701.0	3.754991e-08
5702.0	3.9762085e-08
5703.0	4.8990115e-08
5704.0	5.822162e-08
5705.0	6.74431e-08
5706.0	7.666360999999999e-08
5707.0	8.589213000000001e-08
5708.0	9.511512e-08
5709.0	1.0433705e-07
5710.0	1.1355810000000001e-07
5711.0	1.227825e-07
5712.0	1.255102e-07
5713.0	1.1913669999999999e-07
5714.0	1.1276385e-07
5715.0	1.0639175000000001e-07
5716.0	1.00020325e-07
5717.0	9.365268e-08
5718.0	8.727955000000001e-08
5719.0	8.0913305e-08
5720.0	7.4541545e-08
5721.0	6.816779000000001e-08
5722.0	6.1761505e-08
5723.0	5.5319035e-08
5724.0	4.8875219999999997e-08
5725.0	4.2433215e-08
5726.0	3.5993e-08
5727.0	2.9554565e-08
5728.0	2.3121085e-08
5729.0	1.6683105e-08
5730.0	1.0250065e-08
5731.0	3.8191435e-09
5732.0	2.434442e-09
5733.0	8.2908005e-09
5734.0	1.4146505e-08
5735.0	2.0001569999999998e-08
5736.0	2.5855985000000002e-08
5737.0	3.1709754999999995e-08
5738.0	3.756289e-08
5739.0	4.3412505e-08
5740.0	4.9267205e-08
5741.0	5.5118409999999996e-08
5742.0	5.8225545e-08
5743.0	5.7347205e-08
5744.0	5.6468939999999995e-08
5745.0	5.5590785e-08
5746.0	5.471273e-08
5747.0	5.383476e-08
5748.0	5.2956880000000004e-08
5749.0	5.2079115e-08
5750.0	5.1201435e-08
5751.0	5.0323855e-08
5752.0	5.4368534999999996e-08
5753.0	6.563551500000001e-08
5754.0	7.690125500000001e-08
5755.0	8.816576e-08
5756.0	9.9428975e-08
5757.0	1.1069104999999999e-07
5758.0	1.2195185e-07
5759.0	1.3321134999999999e-07
5760.0	1.4446965e-07
5761.0	1.5572675e-07
5762.0	1.588004e-07
5763.0	1.497202e-07
5764.0	1.4064105000000002e-07
5765.0	1.315628e-07
5766.0	1.224856e-07
5767.0	1.134094e-07
5768.0	1.043342e-07
5769.0	9.525995e-08
5770.0	8.6182275e-08
5771.0	7.711446e-08
5772.0	7.420208500000001e-08
5773.0	8.053159e-08
5774.0	8.6860365e-08
5775.0	9.3188465e-08
5776.0	9.951586e-08
5777.0	1.058426e-07
5778.0	1.1216860000000001e-07
5779.0	1.1849385000000001e-07
5780.0	1.2481855e-07
5781.0	1.3114555e-07
5782.0	1.3205665e-07
5783.0	1.2475120000000001e-07
5784.0	1.174537e-07
5785.0	1.1015334999999999e-07
5786.0	1.028539e-07
5787.0	9.5555195e-08
5788.0	8.825733e-08
5789.0	8.096021499999999e-08
5790.0	7.366037e-08
5791.0	6.636843e-08
5792.0	6.218637500000001e-08
5793.0	6.278024999999999e-08
5794.0	6.3374365e-08
5795.0	6.3968405e-08
5796.0	6.4562385e-08
5797.0	6.5156305e-08
5798.0	6.574985e-08
5799.0	6.6343945e-08
5800.0	6.693766e-08
5801.0	6.7531615e-08
5802.0	6.662007e-08
5803.0	6.337107999999999e-08
5804.0	6.0122455e-08
5805.0	5.6874185e-08
5806.0	5.3626265e-08
5807.0	5.0380285e-08
5808.0	4.7131494999999996e-08
5809.0	4.3886225e-08
5810.0	4.0638155e-08
5811.0	3.739202e-08
5812.0	3.9484735000000004e-08
5813.0	4.995627e-08
5814.0	6.042663e-08
5815.0	7.089586e-08
5816.0	8.136391e-08
5817.0	9.183082e-08
5818.0	1.022915e-07
5819.0	1.1276115e-07
5820.0	1.2322465e-07
5821.0	1.336756e-07
5822.0	1.373798e-07
5823.0	1.303677e-07
5824.0	1.233576e-07
5825.0	1.1634935e-07
5826.0	1.0934305e-07
5827.0	1.023387e-07
5828.0	9.533634500000001e-08
5829.0	8.833935999999999e-08
5830.0	8.13375e-08
5831.0	7.4348435e-08
5832.0	7.048773500000001e-08
5833.0	7.1649135e-08
5834.0	7.281043e-08
5835.0	7.397163e-08
5836.0	7.513276e-08
5837.0	7.6293785e-08
5838.0	7.745472e-08
5839.0	7.861553000000001e-08
5840.0	7.977629e-08
5841.0	8.093694e-08
5842.0	8.060868e-08
5843.0	7.7860285e-08
5844.0	7.511210999999999e-08
5845.0	7.236417e-08
5846.0	6.9616435e-08
5847.0	6.686891999999999e-08
5848.0	6.4121615e-08
5849.0	6.137454999999999e-08
5850.0	5.862769e-08
5851.0	5.5881075e-08
5852.0	5.30539e-08
5853.0	5.0094235e-08
5854.0	4.713482e-08
5855.0	4.4175625e-08
5856.0	4.121666e-08
5857.0	3.825793e-08
5858.0	3.529944e-08
5859.0	3.2341175e-08
5860.0	2.9381705e-08
5861.0	2.6425360000000002e-08
5862.0	2.6687199999999997e-08
5863.0	3.2303315e-08
5864.0	3.7918995e-08
5865.0	4.3534235000000003e-08
5866.0	4.9149025e-08
5867.0	5.4763385e-08
5868.0	6.037731e-08
5869.0	6.599078e-08
5870.0	7.160379500000001e-08
5871.0	7.7219135e-08
5872.0	8.1738795e-08
5873.0	8.442942000000001e-08
5874.0	8.7119825e-08
5875.0	8.981003e-08
5876.0	9.250001e-08
5877.0	9.5188475e-08
5878.0	9.787933999999999e-08
5879.0	1.0056872e-07
5880.0	1.0325915e-07
5881.0	1.0594675000000001e-07
5882.0	1.0584430000000001e-07
5883.0	1.0100053999999999e-07
5884.0	9.6154795e-08
5885.0	9.1309405e-08
5886.0	8.646443499999999e-08
5887.0	8.1619835e-08
5888.0	7.6777975e-08
5889.0	7.1931755e-08
5890.0	6.708828999999999e-08
5891.0	6.22452e-08
5892.0	5.821593e-08
5893.0	5.5584565e-08
5894.0	5.295596e-08
5895.0	5.032629e-08
5896.0	4.769682e-08
5897.0	4.5067559999999996e-08
5898.0	4.24385e-08
5899.0	3.981092e-08
5900.0	3.7179725e-08
5901.0	3.4549645e-08
5902.0	3.6146615e-08
5903.0	4.508989e-08
5904.0	5.4030939999999997e-08
5905.0	6.296977499999999e-08
5906.0	7.190641e-08
5907.0	8.0840845e-08
5908.0	8.976866e-08
5909.0	9.870300999999999e-08
5910.0	1.0763080000000001e-07
5911.0	1.165663e-07
5912.0	1.227448e-07
5913.0	1.240718e-07
5914.0	1.2539865e-07
5915.0	1.267254e-07
5916.0	1.2805205e-07
5917.0	1.2937864999999998e-07
5918.0	1.307051e-07
5919.0	1.320308e-07
5920.0	1.333577e-07
5921.0	1.346839e-07
5922.0	1.355905e-07
5923.0	1.3574925000000001e-07
5924.0	1.3590805e-07
5925.0	1.3606684999999998e-07
5926.0	1.362256e-07
5927.0	1.363843e-07
5928.0	1.365431e-07
5929.0	1.3670180000000002e-07
5930.0	1.3686049999999998e-07
5931.0	1.3701925e-07
5932.0	1.337564e-07
5933.0	1.2432975e-07
5934.0	1.1490375e-07
5935.0	1.0547845e-07
5936.0	9.605394e-08
5937.0	8.663015e-08
5938.0	7.720703e-08
5939.0	6.778467e-08
5940.0	5.8363004999999996e-08
5941.0	4.8942059999999995e-08
5942.0	4.2486585000000005e-08
5943.0	4.1429930000000005e-08
5944.0	4.0373355000000004e-08
5945.0	3.9316865e-08
5946.0	3.8260465e-08
5947.0	3.720414e-08
5948.0	3.6147885e-08
5949.0	3.509172e-08
5950.0	3.4035105e-08
5951.0	3.2979625e-08
5952.0	3.578734e-08
5953.0	4.5720885e-08
5954.0	5.5653665e-08
5955.0	6.5585695e-08
5956.0	7.5517e-08
5957.0	8.5447575e-08
5958.0	9.5377355e-08
5959.0	1.053064e-07
5960.0	1.152347e-07
5961.0	1.2516714999999999e-07
5962.0	1.3007215000000002e-07
5963.0	1.256287e-07
5964.0	1.2118555e-07
5965.0	1.167427e-07
5966.0	1.123002e-07
5967.0	1.0785805000000001e-07
5968.0	1.0341625e-07
5969.0	9.8974685e-08
5970.0	9.453134e-08
5971.0	9.0085035e-08
5972.0	8.8116305e-08
5973.0	9.082362e-08
5974.0	9.353153000000001e-08
5975.0	9.6238775e-08
5976.0	9.894541e-08
5977.0	1.016513e-07
5978.0	1.0435525e-07
5979.0	1.0706115e-07
5980.0	1.097651e-07
5981.0	1.124793e-07
5982.0	1.123049e-07
5983.0	1.0661109999999999e-07
5984.0	1.00917615e-07
5985.0	9.522459e-08
5986.0	8.953198e-08
5987.0	8.384262e-08
5988.0	7.814807999999999e-08
5989.0	7.24595e-08
5990.0	6.676582e-08
5991.0	6.107534e-08
5992.0	5.749044e-08
5993.0	5.797725e-08
5994.0	5.8464025e-08
5995.0	5.8950775e-08
5996.0	5.9437235e-08
5997.0	5.992413999999999e-08
5998.0	6.041054e-08
5999.0	6.08974e-08
6000.0	6.1383955e-08
6001.0	6.1875875e-08
6002.0	6.4176335e-08
6003.0	7.001323e-08
6004.0	7.585070999999999e-08
6005.0	8.1688785e-08
6006.0	8.7527445e-08
6007.0	9.33667e-08
6008.0	9.9206565e-08
6009.0	1.050441e-07
6010.0	1.1088805e-07
6011.0	1.167297e-07
6012.0	1.2059305e-07
6013.0	1.2053615e-07
6014.0	1.2047915000000002e-07
6015.0	1.2042225e-07
6016.0	1.2036524999999999e-07
6017.0	1.2030835e-07
6018.0	1.2025135e-07
6019.0	1.2019435e-07
6020.0	1.2013734999999998e-07
6021.0	1.2008045e-07
6022.0	1.1958775000000002e-07
6023.0	1.182221e-07
6024.0	1.1685639999999999e-07
6025.0	1.154905e-07
6026.0	1.141245e-07
6027.0	1.127583e-07
6028.0	1.11392e-07
6029.0	1.100255e-07
6030.0	1.086589e-07
6031.0	1.0728185e-07
6032.0	1.0556545e-07
6033.0	1.031602e-07
6034.0	1.0075520500000001e-07
6035.0	9.835044e-08
6036.0	9.5945875e-08
6037.0	9.354152e-08
6038.0	9.113738e-08
6039.0	8.873345e-08
6040.0	8.632859e-08
6041.0	8.39334e-08
6042.0	8.25406e-08
6043.0	8.320759000000001e-08
6044.0	8.387461500000001e-08
6045.0	8.4541735e-08
6046.0	8.520888500000001e-08
6047.0	8.587604999999999e-08
6048.0	8.6543325e-08
6049.0	8.721061e-08
6050.0	8.787795500000001e-08
6051.0	8.854571000000001e-08
6052.0	8.685113000000001e-08
6053.0	8.0244875e-08
6054.0	7.3638125e-08
6055.0	6.7030815e-08
6056.0	6.0422975e-08
6057.0	5.3814590000000004e-08
6058.0	4.72057e-08
6059.0	4.059946e-08
6060.0	3.3983035e-08
6061.0	2.737577e-08
6062.0	2.737228e-08
6063.0	4.1265219999999997e-08
6064.0	5.515927e-08
6065.0	6.905447e-08
6066.0	8.294397e-08
6067.0	9.684819e-08
6068.0	1.1074675e-07
6069.0	1.2464635e-07
6070.0	1.3854715e-07
6071.0	1.5245595e-07
6072.0	1.601695e-07
6073.0	1.5471115e-07
6074.0	1.4925235e-07
6075.0	1.437932e-07
6076.0	1.3833355e-07
6077.0	1.3287604999999997e-07
6078.0	1.274128e-07
6079.0	1.219518e-07
6080.0	1.1649035e-07
6081.0	1.110285e-07
6082.0	1.0976460000000001e-07
6083.0	1.1753565e-07
6084.0	1.253111e-07
6085.0	1.330871e-07
6086.0	1.408638e-07
6087.0	1.4864114999999998e-07
6088.0	1.564153e-07
6089.0	1.6419765e-07
6090.0	1.71977e-07
6091.0	1.797415e-07
6092.0	1.819149e-07
6093.0	1.7187260000000002e-07
6094.0	1.6183130000000002e-07
6095.0	1.5179085e-07
6096.0	1.417513e-07
6097.0	1.3171755000000002e-07
6098.0	1.216749e-07
6099.0	1.1164285e-07
6100.0	1.0160195e-07
6101.0	9.1574655e-08
6102.0	8.333013e-08
6103.0	7.902697999999999e-08
6104.0	7.472345500000001e-08
6105.0	7.041958e-08
6106.0	6.611537499999999e-08
6107.0	6.181082e-08
6108.0	5.7508015e-08
6109.0	5.3200635e-08
6110.0	4.889505e-08
6111.0	4.458909e-08
6112.0	4.1480779999999995e-08
6113.0	4.1056474999999996e-08
6114.0	4.0632135e-08
6115.0	4.020776e-08
6116.0	3.978336e-08
6117.0	3.9358899999999997e-08
6118.0	3.8934435e-08
6119.0	3.8509905e-08
6120.0	3.808536e-08
6121.0	3.7660784999999997e-08
6122.0	3.8236755e-08
6123.0	4.10805e-08
6124.0	4.3924495e-08
6125.0	4.6768715e-08
6126.0	4.9613165e-08
6127.0	5.2457850000000004e-08
6128.0	5.530278e-08
6129.0	5.8147910000000003e-08
6130.0	6.0994685e-08
6131.0	6.383889e-08
6132.0	6.767865999999999e-08
6133.0	7.3802805e-08
6134.0	7.9927445e-08
6135.0	8.6052595e-08
6136.0	9.217825e-08
6137.0	9.8304365e-08
6138.0	1.0443105000000001e-07
6139.0	1.1055814999999999e-07
6140.0	1.166858e-07
6141.0	1.2281690000000001e-07
6142.0	1.2363455e-07
6143.0	1.1211515000000001e-07
6144.0	1.005948e-07
6145.0	8.907357e-08
6146.0	7.755141e-08
6147.0	6.602827e-08
6148.0	5.45042e-08
6149.0	4.2979185e-08
6150.0	3.1447599999999996e-08
6151.0	1.992466e-08
6152.0	1.536152e-08
6153.0	2.7190675e-08
6154.0	3.902454e-08
6155.0	5.085736e-08
6156.0	6.26891e-08
6157.0	7.451979e-08
6158.0	8.634369e-08
6159.0	9.817798499999999e-08
6160.0	1.1000555e-07
6161.0	1.2184815e-07
6162.0	1.2862755000000001e-07
6163.0	1.2336204999999999e-07
6164.0	1.180961e-07
6165.0	1.128297e-07
6166.0	1.0756285000000001e-07
6167.0	1.0229819999999999e-07
6168.0	9.7027935e-08
6169.0	9.176236999999999e-08
6170.0	8.649129e-08
6171.0	8.122234499999999e-08
6172.0	7.899504e-08
6173.0	8.412675e-08
6174.0	8.9258875e-08
6175.0	9.4391395e-08
6176.0	9.952179500000001e-08
6177.0	1.0465770000000001e-07
6178.0	1.0978895000000001e-07
6179.0	1.149256e-07
6180.0	1.200603e-07
6181.0	1.2519525e-07
6182.0	1.2889055000000002e-07
6183.0	1.2906115e-07
6184.0	1.2923175e-07
6185.0	1.294023e-07
6186.0	1.2957295e-07
6187.0	1.2974349999999999e-07
6188.0	1.2991425e-07
6189.0	1.300848e-07
6190.0	1.3025555e-07
6191.0	1.3042615e-07
6192.0	1.297745e-07
6193.0	1.2708095e-07
6194.0	1.243872e-07
6195.0	1.2169325e-07
6196.0	1.1899905e-07
6197.0	1.1630465e-07
6198.0	1.1361135e-07
6199.0	1.109152e-07
6200.0	1.0822014999999999e-07
6201.0	1.055159e-07
6202.0	1.02274e-07
6203.0	9.7680805e-08
6204.0	9.3088045e-08
6205.0	8.8495725e-08
6206.0	8.390380499999999e-08
6207.0	7.931229999999999e-08
6208.0	7.4721205e-08
6209.0	7.013277e-08
6210.0	6.5540295e-08
6211.0	6.0955655e-08
6212.0	6.004657000000001e-08
6213.0	6.850914e-08
6214.0	7.697235999999999e-08
6215.0	8.543623e-08
6216.0	9.3900795e-08
6217.0	1.02366e-07
6218.0	1.1083185000000001e-07
6219.0	1.1929845e-07
6220.0	1.277698e-07
6221.0	1.362335e-07
6222.0	1.4016115e-07
6223.0	1.323712e-07
6224.0	1.245807e-07
6225.0	1.167895e-07
6226.0	1.0899775e-07
6227.0	1.0120535e-07
6228.0	9.341228499999999e-08
6229.0	8.5618685e-08
6230.0	7.7824445e-08
6231.0	7.002625e-08
6232.0	6.471604e-08
6233.0	6.5898255e-08
6234.0	6.7080585e-08
6235.0	6.826302e-08
6236.0	6.9445565e-08
6237.0	7.0627635e-08
6238.0	7.181097e-08
6239.0	7.2993825e-08
6240.0	7.417737999999999e-08
6241.0	7.5353435e-08
6242.0	7.535681e-08
6243.0	7.2257805e-08
6244.0	6.915748000000001e-08
6245.0	6.605745e-08
6246.0	6.295766e-08
6247.0	5.9858085e-08
6248.0	5.676029e-08
6249.0	5.3659725e-08
6250.0	5.056091e-08
6251.0	4.746638e-08
6252.0	4.5036895e-08
6253.0	4.4396835e-08
6254.0	4.375734e-08
6255.0	4.311779e-08
6256.0	4.2477540000000004e-08
6257.0	4.183755e-08
6258.0	4.119752e-08
6259.0	4.0557715e-08
6260.0	3.991694e-08
6261.0	3.9277015e-08
6262.0	4.0064985e-08
6263.0	4.4743305e-08
6264.0	4.9422035e-08
6265.0	5.410118e-08
6266.0	5.8778454999999995e-08
6267.0	6.346071e-08
6268.0	6.8138805e-08
6269.0	7.282188e-08
6270.0	7.7503075e-08
6271.0	8.218696000000001e-08
6272.0	8.5517205e-08
6273.0	8.511888e-08
6274.0	8.472053e-08
6275.0	8.432212500000001e-08
6276.0	8.39237e-08
6277.0	8.3525435e-08
6278.0	8.3126715e-08
6279.0	8.2728405e-08
6280.0	8.2329615e-08
6281.0	8.193097e-08
6282.0	7.989602999999999e-08
6283.0	7.3279645e-08
6284.0	6.666271e-08
6285.0	6.0045185e-08
6286.0	5.342709e-08
6287.0	4.68084e-08
6288.0	4.0192355e-08
6289.0	3.3569295e-08
6290.0	2.6948875e-08
6291.0	2.0326135e-08
6292.0	1.9655765000000002e-08
6293.0	3.5902175e-08
6294.0	5.214722e-08
6295.0	6.839091e-08
6296.0	8.463322500000001e-08
6297.0	1.0087416e-07
6298.0	1.171138e-07
6299.0	1.333599e-07
6300.0	1.495888e-07
6301.0	1.6583845e-07
6302.0	1.748383e-07
6303.0	1.6296365e-07
6304.0	1.510879e-07
6305.0	1.3921125e-07
6306.0	1.273336e-07
6307.0	1.1545485e-07
6308.0	1.0357509999999999e-07
6309.0	9.169433999999999e-08
6310.0	7.980675e-08
6311.0	6.792970499999999e-08
6312.0	6.1821685e-08
6313.0	7.259877e-08
6314.0	8.337677999999999e-08
6315.0	9.415567000000001e-08
6316.0	1.049355e-07
6317.0	1.157162e-07
6318.0	1.2649785e-07
6319.0	1.3728565e-07
6320.0	1.4806385e-07
6321.0	1.5885345e-07
6322.0	1.650563e-07
6323.0	1.577103e-07
6324.0	1.5036364999999998e-07
6325.0	1.430164e-07
6326.0	1.356686e-07
6327.0	1.2832015e-07
6328.0	1.2097105e-07
6329.0	1.1362135000000001e-07
6330.0	1.062674e-07
6331.0	9.891161e-08
6332.0	9.4196845e-08
6333.0	9.7426945e-08
6334.0	1.00658335e-07
6335.0	1.0388945e-07
6336.0	1.071203e-07
6337.0	1.1035084999999999e-07
6338.0	1.1358110000000001e-07
6339.0	1.168127e-07
6340.0	1.200408e-07
6341.0	1.2328224999999999e-07
6342.0	1.240189e-07
6343.0	1.171324e-07
6344.0	1.1024535e-07
6345.0	1.0335775e-07
6346.0	9.646959e-08
6347.0	8.958417e-08
6348.0	8.269150499999999e-08
6349.0	7.580161e-08
6350.0	6.8907775e-08
6351.0	6.20201e-08
6352.0	5.5425655e-08
6353.0	4.975082e-08
6354.0	4.407551e-08
6355.0	3.8399755e-08
6356.0	3.2726295e-08
6357.0	2.704685e-08
6358.0	2.137249e-08
6359.0	1.5692115e-08
6360.0	1.001406e-08
6361.0	4.3355465e-09
6362.0	3.044119e-09
6363.0	1.5518485e-08
6364.0	2.7993849999999998e-08
6365.0	4.0470195e-08
6366.0	5.2947535e-08
6367.0	6.541976500000001e-08
6368.0	7.790516e-08
6369.0	9.0385475e-08
6370.0	1.0286675e-07
6371.0	1.1533915e-07
6372.0	1.2418095e-07
6373.0	1.2145154999999998e-07
6374.0	1.1872244999999999e-07
6375.0	1.1599355e-07
6376.0	1.1326495e-07
6377.0	1.1053655e-07
6378.0	1.078098e-07
6379.0	1.0508055e-07
6380.0	1.0235295e-07
6381.0	9.963405e-08
6382.0	9.589921e-08
6383.0	8.888174e-08
6384.0	8.1863715e-08
6385.0	7.484514e-08
6386.0	6.7826065e-08
6387.0	6.0806425e-08
6388.0	5.3786285000000004e-08
6389.0	4.676215e-08
6390.0	3.9744335e-08
6391.0	3.272253e-08
6392.0	2.7232175e-08
6393.0	2.6773335000000002e-08
6394.0	2.6314465e-08
6395.0	2.585555e-08
6396.0	2.539661e-08
6397.0	2.493763e-08
6398.0	2.447862e-08
6399.0	2.401957e-08
6400.0	2.356026e-08
6401.0	2.3101370000000002e-08
6402.0	2.3948605e-08
6403.0	2.914616e-08
6404.0	3.434408e-08
6405.0	3.9542389999999996e-08
6406.0	4.4741095000000004e-08
6407.0	4.9940170000000004e-08
6408.0	5.5139645e-08
6409.0	6.034202e-08
6410.0	6.5539715e-08
6411.0	7.073678e-08
6412.0	7.5177245e-08
6413.0	7.7077535e-08
6414.0	7.8977615e-08
6415.0	8.0877515e-08
6416.0	8.277725000000001e-08
6417.0	8.467674500000001e-08
6418.0	8.657609e-08
6419.0	8.847522000000001e-08
6420.0	9.037511e-08
6421.0	9.2280785e-08
6422.0	9.187498e-08
6423.0	8.353002499999999e-08
6424.0	7.5184505e-08
6425.0	6.683840499999999e-08
6426.0	5.849575e-08
6427.0	5.0144369999999994e-08
6428.0	4.179648e-08
6429.0	3.3447975e-08
6430.0	2.50989e-08
6431.0	1.674485e-08
6432.0	1.1888755e-08
6433.0	1.9213315e-08
6434.0	2.6538129999999998e-08
6435.0	3.3863185e-08
6436.0	4.118849e-08
6437.0	4.851049e-08
6438.0	5.583986e-08
6439.0	6.31659e-08
6440.0	7.049223e-08
6441.0	7.781873500000001e-08
6442.0	8.3920705e-08
6443.0	8.5681095e-08
6444.0	8.744243e-08
6445.0	8.9203805e-08
6446.0	9.0965225e-08
6447.0	9.2726735e-08
6448.0	9.4487395e-08
6449.0	9.6250735e-08
6450.0	9.801152e-08
6451.0	9.976461000000001e-08
6452.0	1.0049972e-07
6453.0	9.756878e-08
6454.0	9.463824e-08
6455.0	9.170812e-08
6456.0	8.877841000000001e-08
6457.0	8.585050999999999e-08
6458.0	8.2920185e-08
6459.0	7.9991695e-08
6460.0	7.706363500000001e-08
6461.0	7.4142255e-08
6462.0	7.050888499999999e-08
6463.0	6.4273675e-08
6464.0	5.803829e-08
6465.0	5.1802725e-08
6466.0	4.5566975e-08
6467.0	3.9331055e-08
6468.0	3.309799e-08
6469.0	2.6858664999999998e-08
6470.0	2.062219e-08
6471.0	1.4385535000000001e-08
6472.0	9.8247405e-09
6473.0	1.1496905e-08
6474.0	1.3169109999999999e-08
6475.0	1.4841360000000001e-08
6476.0	1.6513665e-08
6477.0	1.8186e-08
6478.0	1.9858389999999997e-08
6479.0	2.1530819999999998e-08
6480.0	2.3203295e-08
6481.0	2.4875784999999998e-08
6482.0	2.829786e-08
6483.0	3.832263e-08
6484.0	4.8347650000000005e-08
6485.0	5.8372925e-08
6486.0	6.839844000000001e-08
6487.0	7.842419e-08
6488.0	8.8450185e-08
6489.0	9.8476425e-08
6490.0	1.0850295e-07
6491.0	1.1851945e-07
6492.0	1.249867e-07
6493.0	1.178251e-07
6494.0	1.1066455e-07
6495.0	1.0350515e-07
6496.0	9.634674500000001e-08
6497.0	8.9189385e-08
6498.0	8.203312500000001e-08
6499.0	7.487442499999999e-08
6500.0	6.7723775e-08
6501.0	6.056167e-08
6502.0	5.4612975e-08
6503.0	5.3357135e-08
6504.0	5.210172e-08
6505.0	5.0846735e-08
6506.0	4.9592155000000005e-08
6507.0	4.8337965e-08
6508.0	4.7084224999999996e-08
6509.0	4.5830860000000004e-08
6510.0	4.457733e-08
6511.0	4.3325374999999996e-08
6512.0	4.213065e-08
6513.0	4.1167185e-08
6514.0	4.0203575e-08
6515.0	3.9240279999999996e-08
6516.0	3.8277295000000004e-08
6517.0	3.7314635e-08
6518.0	3.6352305e-08
6519.0	3.538983e-08
6520.0	3.4428595e-08
6521.0	3.3463845e-08
6522.0	3.3572810000000005e-08
6523.0	3.8003585000000004e-08
6524.0	4.2432105e-08
6525.0	4.6858360000000004e-08
6526.0	5.128238e-08
6527.0	5.570198e-08
6528.0	6.0123645e-08
6529.0	6.4540895e-08
6530.0	6.895807500000001e-08
6531.0	7.337492999999999e-08
6532.0	7.5419805e-08
6533.0	6.7720625e-08
6534.0	6.002406e-08
6535.0	5.233009e-08
6536.0	4.464248e-08
6537.0	3.6949929999999994e-08
6538.0	2.9267515000000002e-08
6539.0	2.1580174999999998e-08
6540.0	1.38992e-08
6541.0	6.220804e-09
6542.0	1.0219e-09
6543.0	6.155865000000001e-09
6544.0	1.128809e-08
6545.0	1.6418569999999998e-08
6546.0	2.154731e-08
6547.0	2.6671795e-08
6548.0	3.179956e-08
6549.0	3.692308e-08
6550.0	4.2044855e-08
6551.0	4.716486e-08
6552.0	5.186476e-08
6553.0	5.4784775e-08
6554.0	5.7703805000000006e-08
6555.0	6.0621835e-08
6556.0	6.353885999999999e-08
6557.0	6.6454905e-08
6558.0	6.936853e-08
6559.0	7.228398e-08
6560.0	7.5197035e-08
6561.0	7.810231999999999e-08
6562.0	7.93031e-08
6563.0	7.314902000000001e-08
6564.0	6.69981e-08
6565.0	6.085034000000001e-08
6566.0	5.470574e-08
6567.0	4.856428e-08
6568.0	4.2425985e-08
6569.0	3.6290835e-08
6570.0	3.0158845e-08
6571.0	2.403204e-08
6572.0	2.1279785e-08
6573.0	3.3377145e-08
6574.0	4.547034e-08
6575.0	5.7559345e-08
6576.0	6.9644195e-08
6577.0	8.1724895e-08
6578.0	9.3801385e-08
6579.0	1.058738e-07
6580.0	1.1794195e-07
6581.0	1.3000585000000002e-07
6582.0	1.3864485e-07
6583.0	1.3197234999999998e-07
6584.0	1.2530219999999998e-07
6585.0	1.186344e-07
6586.0	1.1196885e-07
6587.0	1.053056e-07
6588.0	9.8644725e-08
6589.0	9.198289000000001e-08
6590.0	8.5329825e-08
6591.0	7.866898999999999e-08
6592.0	7.3355325e-08
6593.0	7.417708e-08
6594.0	7.4998395e-08
6595.0	7.5819255e-08
6596.0	7.6639715e-08
6597.0	7.7459715e-08
6598.0	7.8279325e-08
6599.0	7.909845e-08
6600.0	7.9917545e-08
6601.0	8.074233e-08
6602.0	8.19786e-08
6603.0	8.512394999999999e-08
6604.0	8.826817e-08
6605.0	9.141130499999999e-08
6606.0	9.455336e-08
6607.0	9.769425999999999e-08
6608.0	1.0083255e-07
6609.0	1.039743e-07
6610.0	1.071104e-07
6611.0	1.1024685e-07
6612.0	1.1208270000000001e-07
6613.0	1.0776154999999999e-07
6614.0	1.0344615e-07
6615.0	9.913223e-08
6616.0	9.481567e-08
6617.0	9.05027e-08
6618.0	8.6191245e-08
6619.0	8.188128e-08
6620.0	7.757074999999999e-08
6621.0	7.3265915e-08
6622.0	6.928605e-08
6623.0	6.6875835e-08
6624.0	6.446651e-08
6625.0	6.2057985e-08
6626.0	5.9651485e-08
6627.0	5.7243485000000004e-08
6628.0	5.4838695e-08
6629.0	5.2432380000000005e-08
6630.0	5.0028095e-08
6631.0	4.7617505e-08
6632.0	4.6437765e-08
6633.0	5.1291620000000005e-08
6634.0	5.614254e-08
6635.0	6.0990535e-08
6636.0	6.5835615e-08
6637.0	7.067537999999999e-08
6638.0	7.5516955e-08
6639.0	8.035322000000001e-08
6640.0	8.518656499999999e-08
6641.0	9.002468500000001e-08
6642.0	9.3834455e-08
6643.0	9.250657e-08
6644.0	9.117920999999999e-08
6645.0	8.9852465e-08
6646.0	8.852628500000001e-08
6647.0	8.7200615e-08
6648.0	8.587623000000001e-08
6649.0	8.455106e-08
6650.0	8.322713e-08
6651.0	8.1903715e-08
6652.0	8.0303915e-08
6653.0	7.728879e-08
6654.0	7.4275015e-08
6655.0	7.126250000000001e-08
6656.0	6.825136e-08
6657.0	6.5241475e-08
6658.0	6.223290000000001e-08
6659.0	5.9225625e-08
6660.0	5.6219674999999995e-08
6661.0	5.321038e-08
6662.0	5.084387e-08
6663.0	5.181453e-08
6664.0	5.2784620000000004e-08
6665.0	5.3754109999999995e-08
6666.0	5.472301e-08
6667.0	5.56913e-08
6668.0	5.6658995e-08
6669.0	5.7626075e-08
6670.0	5.8592615e-08
6671.0	5.9563610000000005e-08
6672.0	5.97278e-08
6673.0	5.560194e-08
6674.0	5.14779e-08
6675.0	4.735568e-08
6676.0	4.323524e-08
6677.0	3.91166e-08
6678.0	3.499976e-08
6679.0	3.0882715e-08
6680.0	2.677148e-08
6681.0	2.2660035e-08
6682.0	1.9784635e-08
6683.0	2.3598700000000002e-08
6684.0	2.7411084999999997e-08
6685.0	3.1221804999999994e-08
6686.0	3.503084e-08
6687.0	3.883822e-08
6688.0	4.264391e-08
6689.0	4.6447925e-08
6690.0	5.0252145e-08
6691.0	5.4046305e-08
6692.0	5.75565e-08
6693.0	5.9493675e-08
6694.0	6.142967000000001e-08
6695.0	6.336445e-08
6696.0	6.5298035e-08
6697.0	6.723046e-08
6698.0	6.9161685e-08
6699.0	7.1092645e-08
6700.0	7.3020535e-08
6701.0	7.495557e-08
6702.0	7.595850000000001e-08
6703.0	7.171285e-08
6704.0	6.746907e-08
6705.0	6.3227165e-08
6706.0	5.8987085e-08
6707.0	5.475096e-08
6708.0	5.0512555e-08
6709.0	4.6278089999999995e-08
6710.0	4.204342e-08
6711.0	3.7814705e-08
6712.0	3.4452944999999997e-08
6713.0	3.610483e-08
6714.0	3.7755995e-08
6715.0	3.9406425e-08
6716.0	4.105532e-08
6717.0	4.27051e-08
6718.0	4.435254e-08
6719.0	4.600085e-08
6720.0	4.7647650000000005e-08
6721.0	4.928942e-08
6722.0	5.0437715e-08
6723.0	4.8682715e-08
6724.0	4.6928780000000006e-08
6725.0	4.517592e-08
6726.0	4.3424120000000004e-08
6727.0	4.167427e-08
6728.0	3.9923765e-08
6729.0	3.817519e-08
6730.0	3.6427684999999996e-08
6731.0	3.468421e-08
6732.0	3.445195e-08
6733.0	4.3337445e-08
6734.0	5.221899e-08
6735.0	6.109661e-08
6736.0	6.9970295e-08
6737.0	7.884004e-08
6738.0	8.770154499999999e-08
6739.0	9.6567695e-08
6740.0	1.054257e-07
6741.0	1.1427965e-07
6742.0	1.2127189999999998e-07
6743.0	1.1681854999999999e-07
6744.0	1.1236710000000001e-07
6745.0	1.079177e-07
6746.0	1.034702e-07
6747.0	9.902461e-08
6748.0	9.458109e-08
6749.0	9.01395e-08
6750.0	8.5699855e-08
6751.0	8.125514e-08
6752.0	7.7815545e-08
6753.0	8.070548e-08
6754.0	8.359360999999999e-08
6755.0	8.647995e-08
6756.0	8.936447500000001e-08
6757.0	9.224723e-08
6758.0	9.5128215e-08
6759.0	9.800736e-08
6760.0	1.00884735e-07
6761.0	1.0376930000000001e-07
6762.0	1.058461e-07
6763.0	1.027242e-07
6764.0	9.960361000000001e-08
6765.0	9.648440499999999e-08
6766.0	9.336663e-08
6767.0	9.025019999999999e-08
6768.0	8.7135165e-08
6769.0	8.4019965e-08
6770.0	8.090920000000001e-08
6771.0	7.7798315e-08
6772.0	7.482159499999999e-08
6773.0	7.272451000000001e-08
6774.0	7.062836e-08
6775.0	6.853314499999999e-08
6776.0	6.643885500000001e-08
6777.0	6.434549500000001e-08
6778.0	6.225305500000001e-08
6779.0	6.016157e-08
6780.0	5.8069960000000004e-08
6781.0	5.5976509999999995e-08
6782.0	5.467884e-08
6783.0	5.8756285e-08
6784.0	6.2831185e-08
6785.0	6.690357e-08
6786.0	7.097144500000001e-08
6787.0	7.504072000000001e-08
6788.0	7.91055e-08
6789.0	8.3169725e-08
6790.0	8.7227455e-08
6791.0	9.12945e-08
6792.0	9.3989555e-08
6793.0	8.720901000000001e-08
6794.0	8.0431485e-08
6795.0	7.3656995e-08
6796.0	6.688554999999999e-08
6797.0	6.012042e-08
6798.0	5.3351745e-08
6799.0	4.6589360000000003e-08
6800.0	3.9830035e-08
6801.0	3.307372e-08
6802.0	2.8324835e-08
6803.0	3.7753935e-08
6804.0	4.71788e-08
6805.0	5.6608675e-08
6806.0	6.602968e-08
6807.0	7.5446475e-08
6808.0	8.485444000000001e-08
6809.0	9.4271955e-08
6810.0	1.0367145e-07
6811.0	1.1306165e-07
6812.0	1.2092385e-07
6813.0	1.1768659999999999e-07
6814.0	1.1445135e-07
6815.0	1.1121959999999999e-07
6816.0	1.0798674999999999e-07
6817.0	1.0475905e-07
6818.0	1.0153015e-07
6819.0	9.8304835e-08
6820.0	9.5081535e-08
6821.0	9.186817e-08
6822.0	8.9051115e-08
6823.0	8.9195585e-08
6824.0	8.9339995e-08
6825.0	8.9484285e-08
6826.0	8.9628445e-08
6827.0	8.977272000000001e-08
6828.0	8.9916745e-08
6829.0	9.0060855e-08
6830.0	9.0204815e-08
6831.0	9.0350825e-08
6832.0	9.1187685e-08
6833.0	9.732833500000001e-08
6834.0	1.034665e-07
6835.0	1.096022e-07
6836.0	1.1573539999999999e-07
6837.0	1.2186615e-07
6838.0	1.279944e-07
6839.0	1.341202e-07
6840.0	1.4024355e-07
6841.0	1.463517e-07
6842.0	1.512652e-07
6843.0	1.467637e-07
6844.0	1.4226464999999998e-07
6845.0	1.377683e-07
6846.0	1.332745e-07
6847.0	1.2878325e-07
6848.0	1.2429455e-07
6849.0	1.1980845e-07
6850.0	1.1532489999999999e-07
6851.0	1.1085355e-07
6852.0	1.0726325e-07
6853.0	1.1079700000000001e-07
6854.0	1.1432925e-07
6855.0	1.1786009999999999e-07
6856.0	1.213895e-07
6857.0	1.2491745e-07
6858.0	1.28444e-07
6859.0	1.3197085e-07
6860.0	1.3549285000000002e-07
6861.0	1.3900305000000001e-07
6862.0	1.4189460000000002e-07
6863.0	1.396633e-07
6864.0	1.3743315e-07
6865.0	1.352043e-07
6866.0	1.3297675e-07
6867.0	1.307505e-07
6868.0	1.2852549999999998e-07
6869.0	1.2630179999999998e-07
6870.0	1.2407820000000002e-07
6871.0	1.2186865e-07
6872.0	1.198333e-07
6873.0	1.1929360000000001e-07
6874.0	1.1875405e-07
6875.0	1.182147e-07
6876.0	1.1767555e-07
6877.0	1.171366e-07
6878.0	1.165979e-07
6879.0	1.1605915e-07
6880.0	1.1552115000000001e-07
6881.0	1.1498275e-07
6882.0	1.149561e-07
6883.0	1.1944845000000002e-07
6884.0	1.2393894999999999e-07
6885.0	1.284277e-07
6886.0	1.3291454999999998e-07
6887.0	1.373974e-07
6888.0	1.418828e-07
6889.0	1.4636415000000001e-07
6890.0	1.508459e-07
6891.0	1.5530810000000002e-07
6892.0	1.602189e-07
6893.0	1.692078e-07
6894.0	1.7819155e-07
6895.0	1.8717e-07
6896.0	1.961389e-07
6897.0	2.0511135e-07
6898.0	2.1406975e-07
6899.0	2.2303175e-07
6900.0	2.3198415e-07
6901.0	2.4095245e-07
6902.0	2.4942535000000005e-07
6903.0	2.5327705000000005e-07
6904.0	2.57127e-07
6905.0	2.6097365e-07
6906.0	2.6482240000000004e-07
6907.0	2.6866584999999996e-07
6908.0	2.7251150000000004e-07
6909.0	2.7635365e-07
6910.0	2.801942e-07
6911.0	2.8403345e-07
6912.0	2.8738205e-07
6913.0	2.860037e-07
6914.0	2.8462599999999997e-07
6915.0	2.832487e-07
6916.0	2.8187265e-07
6917.0	2.8049595000000003e-07
6918.0	2.791209e-07
6919.0	2.7774519999999996e-07
6920.0	2.7637065e-07
6921.0	2.7497295e-07
6922.0	2.747676e-07
6923.0	2.8648754999999997e-07
6924.0	2.9820065e-07
6925.0	3.0990699999999997e-07
6926.0	3.216065e-07
6927.0	3.332935e-07
6928.0	3.4498515e-07
6929.0	3.5666434999999997e-07
6930.0	3.6833675e-07
6931.0	3.8003535e-07
6932.0	3.9160765e-07
6933.0	4.0192255e-07
6934.0	4.122334e-07
6935.0	4.2253985e-07
6936.0	4.328423e-07
6937.0	4.4314054999999997e-07
6938.0	4.5342965e-07
6939.0	4.6372435000000003e-07
6940.0	4.7401015e-07
6941.0	4.842494e-07
6942.0	4.9359515e-07
6943.0	4.934377e-07
6944.0	4.9328055e-07
6945.0	4.9312325e-07
6946.0	4.92966e-07
6947.0	4.928088500000001e-07
6948.0	4.926517500000001e-07
6949.0	4.924944e-07
6950.0	4.923375e-07
6951.0	4.9222325e-07
6952.0	4.947311000000001e-07
6953.0	5.261992e-07
6954.0	5.576545e-07
6955.0	5.8909725e-07
6956.0	6.205269e-07
6957.0	6.51944e-07
6958.0	6.833481e-07
6959.0	7.147395e-07
6960.0	7.461337999999999e-07
6961.0	7.774845000000001e-07
6962.0	8.081829e-07
6963.0	8.313401999999999e-07
6964.0	8.5448785e-07
6965.0	8.776263499999999e-07
6966.0	9.007553999999999e-07
6967.0	9.238749e-07
6968.0	9.469739e-07
6969.0	9.700971e-07
6970.0	9.931775e-07
6971.0	1.0161715e-06
6972.0	1.040153e-06
6973.0	1.075996e-06
6974.0	1.111819e-06
6975.0	1.147603e-06
6976.0	1.183402e-06
6977.0	1.219162e-06
6978.0	1.254902e-06
6979.0	1.2906205e-06
6980.0	1.326336e-06
6981.0	1.3621145e-06
6982.0	1.40009e-06
6983.0	1.465222e-06
6984.0	1.5303275e-06
6985.0	1.5954064999999999e-06
6986.0	1.6604280000000002e-06
6987.0	1.7254855e-06
6988.0	1.790486e-06
6989.0	1.8554595e-06
6990.0	1.9204075e-06
6991.0	1.9853600000000002e-06
6992.0	2.0498320000000003e-06
6993.0	2.109297e-06
6994.0	2.1687375e-06
6995.0	2.2281545e-06
6996.0	2.2875465000000002e-06
6997.0	2.346886e-06
6998.0	2.4062605e-06
6999.0	2.465581e-06
7000.0	2.5248765e-06
7001.0	2.5837115e-06
7002.0	2.6451810000000002e-06
7003.0	2.7425350000000003e-06
7004.0	2.8398175e-06
7005.0	2.9370275000000002e-06
7006.0	3.034116e-06
7007.0	3.1312275e-06
7008.0	3.228172e-06
7009.0	3.3251380000000004e-06
7010.0	3.4219844999999997e-06
7011.0	3.5190660000000002e-06
7012.0	3.620046e-06
7013.0	3.776152e-06
7014.0	3.932165e-06
7015.0	4.0880905e-06
7016.0	4.243927e-06
7017.0	4.3995969999999995e-06
7018.0	4.5553295e-06
7019.0	4.7108980000000004e-06
7020.0	4.8663775e-06
7021.0	5.021335e-06
7022.0	5.1808905000000005e-06
7023.0	5.4092955e-06
7024.0	5.6375325e-06
7025.0	5.865596500000001e-06
7026.0	6.0934910000000006e-06
7027.0	6.321214499999999e-06
7028.0	6.5486569999999995e-06
7029.0	6.7761510000000006e-06
7030.0	7.003364e-06
7031.0	7.230784e-06
7032.0	7.4694825e-06
7033.0	7.8822425e-06
7034.0	8.294737e-06
7035.0	8.706965499999999e-06
7036.0	9.1189325e-06
7037.0	9.5306335e-06
7038.0	9.942067e-06
7039.0	1.0353445000000001e-05
7040.0	1.0764150000000001e-05
7041.0	1.1174795e-05
7042.0	1.1551895e-05
7043.0	1.139415e-05
7044.0	1.1236495e-05
7045.0	1.1078945e-05
7046.0	1.0921495e-05
7047.0	1.076414e-05
7048.0	1.0606890000000001e-05
7049.0	1.0449730000000001e-05
7050.0	1.02926e-05
7051.0	1.013484e-05
7052.0	1.0066238e-05
7053.0	1.1494995e-05
7054.0	1.2922574999999999e-05
7055.0	1.4349000000000001e-05
7056.0	1.577426e-05
7057.0	1.7198354999999998e-05
7058.0	1.8621285e-05
7059.0	2.004375e-05
7060.0	2.146366e-05
7061.0	2.28858e-05
7062.0	2.427715e-05
7063.0	2.5161545e-05
7064.0	2.6045364999999997e-05
7065.0	2.692863e-05
7066.0	2.781132e-05
7067.0	2.8693435e-05
7068.0	2.9575420000000003e-05
7069.0	3.0455965e-05
7070.0	3.1336814999999996e-05
7071.0	3.221343e-05
7072.0	3.3140090000000004e-05
7073.0	3.5006265e-05
7074.0	3.687092e-05
7075.0	3.873405e-05
7076.0	4.0594745e-05
7077.0	4.245574e-05
7078.0	4.4314295e-05
7079.0	4.6172235e-05
7080.0	4.8026839999999995e-05
7081.0	4.988518e-05
7082.0	5.1777469999999995e-05
7083.0	5.436736e-05
7084.0	5.6955575e-05
7085.0	5.9540879999999996e-05
7086.0	6.212704499999999e-05
7087.0	6.470902000000001e-05
7088.0	6.7291835e-05
7089.0	6.9871735e-05
7090.0	7.244997499999999e-05
7091.0	7.5020045e-05
7092.0	7.763381e-05
7093.0	8.1208185e-05
7094.0	8.477962499999999e-05
7095.0	8.834813e-05
7096.0	9.191199e-05
7097.0	9.547636e-05
7098.0	9.9036135e-05
7099.0	0.00010259289999999999
7100.0	0.00010614685
7101.0	0.0001097074
7102.0	0.0001133628
7103.0	0.00011920505
7104.0	0.00012504360000000002
7105.0	0.00013087825
7106.0	0.00013670925
7107.0	0.00014253364999999998
7108.0	0.00014835995
7109.0	0.00015417965
7110.0	0.0001599956
7111.0	0.0001658078
7112.0	0.0001717868
7113.0	0.00018184815
7114.0	0.00019190295
7115.0	0.0002019513
7116.0	0.00021199315
7117.0	0.00022202855
7118.0	0.00023206239999999998
7119.0	0.00024207999999999999
7120.0	0.00025209604999999996
7121.0	0.00026208275
7122.0	0.00027233810000000004
7123.0	0.00028977034999999997
7124.0	0.0003071882
7125.0	0.00032459175
7126.0	0.00034198115000000004
7127.0	0.0003593562
7128.0	0.0003767169
7129.0	0.00039407205
7130.0	0.00041139569999999997
7131.0	0.00042875135
7132.0	0.00044642685
7133.0	0.00047330479999999997
7134.0	0.0005001653
7135.0	0.0005270087000000001
7136.0	0.00055383465
7137.0	0.0005806435
7138.0	0.0006074482000000001
7139.0	0.00063420905
7140.0	0.000660979
7141.0	0.0006876456
7142.0	0.0007148439
7143.0	0.0007585002499999999
7144.0	0.0008021206
7145.0	0.00084570575
7146.0	0.00088923315
7147.0	0.0009327680500000001
7148.0	0.00097624525
7149.0	0.0010197085
7150.0	0.0010630935
7151.0	0.0011065814999999999
7152.0	0.0011507474999999999
7153.0	0.0012196485
7154.0	0.001288506
7155.0	0.0013573184999999999
7156.0	0.0014260865
7157.0	0.001494777
7158.0	0.0015635229999999998
7159.0	0.0016321245
7160.0	0.0017007160000000001
7161.0	0.001769108
7162.0	0.0018386754999999999
7163.0	0.0019514415000000001
7164.0	0.0020641165
7165.0	0.0021768085000000003
7166.0	0.002289353
7167.0	0.002401804
7168.0	0.002514164
7169.0	0.0026264875
7170.0	0.0027386075
7171.0	0.0028509395
7172.0	0.002965315
7173.0	0.0031658859999999997
7174.0	0.003366329
7175.0	0.0035665425
7176.0	0.003766825
7177.0	0.0039667815000000006
7178.0	0.0041668045
7179.0	0.0043666009999999995
7180.0	0.0045663665
7181.0	0.0047658075
7182.0	0.0049687995
7183.0	0.0053386760000000005
7184.0	0.005708314000000001
7185.0	0.006077713
7186.0	0.0064466965
7187.0	0.0068157965000000004
7188.0	0.007184484499999999
7189.0	0.0075529295
7190.0	0.007921138500000001
7191.0	0.0082883815
7192.0	0.0086602265
7193.0	0.009297966
7194.0	0.009935175000000001
7195.0	0.010571865
7196.0	0.011208035
7197.0	0.011843365
7198.0	0.012478804999999999
7199.0	0.0131134
7200.0	0.013747470000000001
7201.0	0.014382295
7202.0	0.01502256
7203.0	0.016031405
7204.0	0.017039595
7205.0	0.018047140000000003
7206.0	0.019054025000000002
7207.0	0.020060265
7208.0	0.021065855
7209.0	0.02207079
7210.0	0.023075085
7211.0	0.02407662
7212.0	0.02508496
7213.0	0.02668547
7214.0	0.028284644999999997
7215.0	0.029882515
7216.0	0.03147906
7217.0	0.0330743
7218.0	0.034668225
7219.0	0.03626162
7220.0	0.037852134999999995
7221.0	0.039445595
7222.0	0.04104825
7223.0	0.043637705
7224.0	0.046225485
7225.0	0.04881158
7226.0	0.051396029999999995
7227.0	0.05397879
7228.0	0.05656112
7229.0	0.059139275
7230.0	0.06171828
7231.0	0.06428493499999999
7232.0	0.06685801
7233.0	0.070444505
7234.0	0.0740278
7235.0	0.07760782
7236.0	0.0811846
7237.0	0.084758195
7238.0	0.0883285
7239.0	0.09189734
7240.0	0.095459465
7241.0	0.09903058
7242.0	0.10259745
7243.0	0.1065358
7244.0	0.1104713
7245.0	0.11440395
7246.0	0.11833379999999999
7247.0	0.1222607
7248.0	0.1261867
7249.0	0.1301059
7250.0	0.13402619999999998
7251.0	0.13792765
7252.0	0.14182625
7253.0	0.14504975
7254.0	0.1482704
7255.0	0.15148810000000001
7256.0	0.15470135
7257.0	0.15791470000000002
7258.0	0.16112365
7259.0	0.16433115
7260.0	0.1675326
7261.0	0.1707478
7262.0	0.17396065
7263.0	0.17610025
7264.0	0.1782376
7265.0	0.1803725
7266.0	0.1825078
7267.0	0.18463944999999998
7268.0	0.18677159999999998
7269.0	0.1889011
7270.0	0.19102914999999998
7271.0	0.19315569999999999
7272.0	0.1952806
7273.0	0.1965144
7274.0	0.19774419999999998
7275.0	0.1989731
7276.0	0.20020045
7277.0	0.20142815
7278.0	0.20265424999999998
7279.0	0.20387945000000002
7280.0	0.20510375
7281.0	0.2063089
7282.0	0.20751295
7283.0	0.2080284
7284.0	0.20853925
7285.0	0.20904965
7286.0	0.2095595
7287.0	0.21006855000000002
7288.0	0.21057765
7289.0	0.21108595
7290.0	0.21159365
7291.0	0.2121197
7292.0	0.21264525
7293.0	0.2126973
7294.0	0.21274505
7295.0	0.2127929
7296.0	0.21284045000000001
7297.0	0.2128881
7298.0	0.2129355
7299.0	0.2129829
7300.0	0.21303035
7301.0	0.213059
7302.0	0.21308739999999998
7303.0	0.21285195
7304.0	0.21261345
7305.0	0.21237515
7306.0	0.212137
7307.0	0.21189905
7308.0	0.2116613
7309.0	0.21142365000000002
7310.0	0.21118615000000002
7311.0	0.21096755
7312.0	0.21074905
7313.0	0.2106023
7314.0	0.2104566
7315.0	0.210311
7316.0	0.2101655
7317.0	0.21001989999999998
7318.0	0.20987450000000002
7319.0	0.20972925
7320.0	0.209584
7321.0	0.2094204
7322.0	0.20925695
7323.0	0.20919245
7324.0	0.20912960000000003
7325.0	0.2090668
7326.0	0.20900395
7327.0	0.20894115000000002
7328.0	0.20887830000000002
7329.0	0.2088155
7330.0	0.20875264999999998
7331.0	0.2087083
7332.0	0.20866400000000002
7333.0	0.20863094999999998
7334.0	0.20859805
7335.0	0.2085653
7336.0	0.2085324
7337.0	0.2084995
7338.0	0.20846665
7339.0	0.2084337
7340.0	0.2084008
7341.0	0.20834965
7342.0	0.2082984
7343.0	0.20816555
7344.0	0.20803090000000002
7345.0	0.20789635
7346.0	0.2077619
7347.0	0.20762745
7348.0	0.20749315000000002
7349.0	0.2073589
7350.0	0.2072246
7351.0	0.20710865
7352.0	0.20699295
7353.0	0.2068255
7354.0	0.20665685
7355.0	0.20648845
7356.0	0.20632
7357.0	0.2061517
7358.0	0.20598329999999998
7359.0	0.20581515
7360.0	0.20564705
7361.0	0.2054609
7362.0	0.20527499999999999
7363.0	0.20512
7364.0	0.20496599999999998
7365.0	0.20481215
7366.0	0.20465835
7367.0	0.20450455
7368.0	0.2043508
7369.0	0.20419725
7370.0	0.2040438
7371.0	0.20390835000000002
7372.0	0.20377309999999998
7373.0	0.20374720000000002
7374.0	0.20372465
7375.0	0.2037021
7376.0	0.20367955
7377.0	0.20365695
7378.0	0.20363435
7379.0	0.2036117
7380.0	0.20358910000000002
7381.0	0.20354865
7382.0	0.20350805
7383.0	0.2035448
7384.0	0.20358405000000002
7385.0	0.2036233
7386.0	0.20366245
7387.0	0.20370139999999998
7388.0	0.2037405
7389.0	0.2037793
7390.0	0.20381815
7391.0	0.20387485
7392.0	0.2039316
7393.0	0.20400990000000002
7394.0	0.20408895
7395.0	0.20416785
7396.0	0.20424665
7397.0	0.20432555000000002
7398.0	0.20440415
7399.0	0.20448275
7400.0	0.2045612
7401.0	0.20462160000000001
7402.0	0.20468195
7403.0	0.20468704999999998
7404.0	0.20468989999999998
7405.0	0.2046927
7406.0	0.20469555
7407.0	0.2046982
7408.0	0.2047009
7409.0	0.20470345
7410.0	0.20470605
7411.0	0.20472675
7412.0	0.20474735
7413.0	0.20473924999999998
7414.0	0.20472990000000002
7415.0	0.20472045
7416.0	0.20471105
7417.0	0.20470159999999998
7418.0	0.20469205000000001
7419.0	0.20468255000000002
7420.0	0.204673
7421.0	0.20464535
7422.0	0.2046177
7423.0	0.2045868
7424.0	0.20455584999999998
7425.0	0.20452474999999998
7426.0	0.2044937
7427.0	0.2044625
7428.0	0.20443135
7429.0	0.20440015
7430.0	0.20436900000000002
7431.0	0.20436654999999998
7432.0	0.20436405
7433.0	0.2044078
7434.0	0.20445365
7435.0	0.2044995
7436.0	0.20454515
7437.0	0.20459090000000002
7438.0	0.20463655
7439.0	0.2046822
7440.0	0.2047277
7441.0	0.20475505
7442.0	0.20478245
7443.0	0.20487465
7444.0	0.20497015
7445.0	0.20506534999999998
7446.0	0.20516065
7447.0	0.20525569999999999
7448.0	0.2053507
7449.0	0.2054455
7450.0	0.20554034999999998
7451.0	0.20565309999999998
7452.0	0.2057659
7453.0	0.20585350000000002
7454.0	0.2059397
7455.0	0.20602575
7456.0	0.20611165
7457.0	0.20619755
7458.0	0.20628344999999998
7459.0	0.20636915
7460.0	0.20645485
7461.0	0.2065221
7462.0	0.2065892
7463.0	0.2066843
7464.0	0.20678085
7465.0	0.2068773
7466.0	0.20697365
7467.0	0.20706985
7468.0	0.20716595
7469.0	0.2072619
7470.0	0.20735775
7471.0	0.20747179999999998
7472.0	0.2075858
7473.0	0.20761135
7474.0	0.2076314
7475.0	0.20765155000000002
7476.0	0.20767154999999998
7477.0	0.2076916
7478.0	0.2077115
7479.0	0.2077314
7480.0	0.2077513
7481.0	0.20775290000000002
7482.0	0.20775454999999998
7483.0	0.2077503
7484.0	0.2077456
7485.0	0.2077409
7486.0	0.20773625
7487.0	0.2077314
7488.0	0.2077267
7489.0	0.2077218
7490.0	0.20771695
7491.0	0.2077309
7492.0	0.20774474999999998
7493.0	0.20773255000000002
7494.0	0.2077186
7495.0	0.20770470000000002
7496.0	0.20769074999999998
7497.0	0.20767675
7498.0	0.2076627
7499.0	0.20764870000000002
7500.0	0.2076346
7501.0	0.20758575
7502.0	0.2075368
7503.0	0.2074821
7504.0	0.20742695
7505.0	0.2073718
7506.0	0.20731660000000002
7507.0	0.20726145
7508.0	0.20720625
7509.0	0.207151
7510.0	0.2070958
7511.0	0.2070593
7512.0	0.20702274999999998
7513.0	0.2070025
7514.0	0.20698339999999998
7515.0	0.20696425
7516.0	0.20694505
7517.0	0.20692585
7518.0	0.2069066
7519.0	0.2068873
7520.0	0.20686805000000003
7521.0	0.20683055
7522.0	0.2067931
7523.0	0.2067088
7524.0	0.2066209
7525.0	0.206533
7526.0	0.20644515000000002
7527.0	0.20635735
7528.0	0.2062696
7529.0	0.20618175
7530.0	0.206094
7531.0	0.20602464999999998
7532.0	0.2059553
7533.0	0.2058953
7534.0	0.20583590000000002
7535.0	0.2057766
7536.0	0.20571725000000002
7537.0	0.20565795
7538.0	0.20559850000000002
7539.0	0.20553915
7540.0	0.2054798
7541.0	0.20540229999999998
7542.0	0.20532479999999997
7543.0	0.20522600000000002
7544.0	0.2051255
7545.0	0.205025
7546.0	0.20492454999999998
7547.0	0.20482414999999998
7548.0	0.2047238
7549.0	0.2046234
7550.0	0.20452304999999998
7551.0	0.20444095
7552.0	0.2043588
7553.0	0.20426719999999998
7554.0	0.20417485000000002
7555.0	0.20408245
7556.0	0.2039901
7557.0	0.20389780000000002
7558.0	0.2038055
7559.0	0.20371315
7560.0	0.2036209
7561.0	0.20351055
7562.0	0.20340025
7563.0	0.20328455
7564.0	0.2031686
7565.0	0.2030526
7566.0	0.20293665
7567.0	0.20282070000000002
7568.0	0.20270485
7569.0	0.20258905
7570.0	0.2024733
7571.0	0.2023756
7572.0	0.202278
7573.0	0.2021764
7574.0	0.20207455
7575.0	0.2019727
7576.0	0.20187090000000002
7577.0	0.20176915
7578.0	0.20166735
7579.0	0.2015656
7580.0	0.201464
7581.0	0.20134435
7582.0	0.20122479999999998
7583.0	0.20111125
7584.0	0.2009983
7585.0	0.2008853
7586.0	0.20077245
7587.0	0.2006596
7588.0	0.20054680000000003
7589.0	0.20043414999999998
7590.0	0.20032139999999998
7591.0	0.2002265
7592.0	0.2001318
7593.0	0.20003945
7594.0	0.19994745
7595.0	0.19985545
7596.0	0.19976349999999998
7597.0	0.19967155
7598.0	0.1995796
7599.0	0.19948755
7600.0	0.1993958
7601.0	0.19928615
7602.0	0.19917659999999998
7603.0	0.19906775
7604.0	0.19895895
7605.0	0.1988502
7606.0	0.19874150000000002
7607.0	0.19863275000000002
7608.0	0.19852415
7609.0	0.1984156
7610.0	0.198307
7611.0	0.19819855
7612.0	0.19809005000000002
7613.0	0.19796625
7614.0	0.19784069999999998
7615.0	0.19771539999999999
7616.0	0.19759
7617.0	0.1974647
7618.0	0.1973395
7619.0	0.19721424999999998
7620.0	0.19708920000000002
7621.0	0.19698165
7622.0	0.19687415
7623.0	0.19675265
7624.0	0.19662975
7625.0	0.19650685
7626.0	0.19638385
7627.0	0.1962611
7628.0	0.19613825000000001
7629.0	0.19601535
7630.0	0.19589265
7631.0	0.19573075
7632.0	0.1955689
7633.0	0.19539499999999999
7634.0	0.19521995
7635.0	0.19504485
7636.0	0.19487
7637.0	0.1946952
7638.0	0.19452049999999999
7639.0	0.194346
7640.0	0.1941715
7641.0	0.19401455
7642.0	0.19385760000000002
7643.0	0.1936654
7644.0	0.1934693
7645.0	0.19327335
7646.0	0.1930774
7647.0	0.19288175000000002
7648.0	0.192686
7649.0	0.19249054999999998
7650.0	0.1922952
7651.0	0.1920829
7652.0	0.1918706
7653.0	0.19167915000000002
7654.0	0.1914902
7655.0	0.1913014
7656.0	0.19111275
7657.0	0.19092415000000001
7658.0	0.1907358
7659.0	0.19054749999999998
7660.0	0.19035934999999998
7661.0	0.1901884
7662.0	0.19001754999999998
7663.0	0.18983244999999999
7664.0	0.18964569999999997
7665.0	0.18945915000000002
7666.0	0.18927275
7667.0	0.18908635000000001
7668.0	0.18890010000000002
7669.0	0.18871395000000002
7670.0	0.18852795
7671.0	0.18832525
7672.0	0.18812275
7673.0	0.18795365
7674.0	0.18778895
7675.0	0.18762425
7676.0	0.1874597
7677.0	0.1872953
7678.0	0.1871309
7679.0	0.18696675000000001
7680.0	0.18680265000000001
7681.0	0.18665530000000002
7682.0	0.18650814999999998
7683.0	0.18639115
7684.0	0.18627805
7685.0	0.18616495
7686.0	0.18605195
7687.0	0.18593900000000002
7688.0	0.18582605
7689.0	0.18571315
7690.0	0.1856004
7691.0	0.185471
7692.0	0.18534165000000002
7693.0	0.18521189999999998
7694.0	0.18508205
7695.0	0.18495240000000002
7696.0	0.18482264999999998
7697.0	0.18469305
7698.0	0.1845634
7699.0	0.184434
7700.0	0.18430449999999998
7701.0	0.18417525
7702.0	0.18404595
7703.0	0.18392029999999998
7704.0	0.1837952
7705.0	0.1836702
7706.0	0.1835453
7707.0	0.18342035
7708.0	0.18329545
7709.0	0.18317070000000002
7710.0	0.183046
7711.0	0.18293765
7712.0	0.1828295
7713.0	0.18269985
7714.0	0.18256709999999998
7715.0	0.18243455
7716.0	0.18230195
7717.0	0.1821696
7718.0	0.18203704999999998
7719.0	0.18190475
7720.0	0.18177255
7721.0	0.18162405
7722.0	0.18147565
7723.0	0.1813288
7724.0	0.18118235
7725.0	0.18103585
7726.0	0.18088949999999998
7727.0	0.18074315000000002
7728.0	0.18059694999999998
7729.0	0.1804509
7730.0	0.1803049
7731.0	0.18017515
7732.0	0.18004555
7733.0	0.179935
7734.0	0.17982735
7735.0	0.1797199
7736.0	0.1796123
7737.0	0.17950485
7738.0	0.17939729999999998
7739.0	0.1792899
7740.0	0.1791826
7741.0	0.17905915
7742.0	0.17893585
7743.0	0.178809
7744.0	0.17868175
7745.0	0.17855454999999998
7746.0	0.17842735
7747.0	0.17830025
7748.0	0.1781733
7749.0	0.1780464
7750.0	0.1779194
7751.0	0.17780865
7752.0	0.17769780000000002
7753.0	0.17760789999999999
7754.0	0.17752125000000002
7755.0	0.1774346
7756.0	0.177348
7757.0	0.17726145
7758.0	0.17717485
7759.0	0.17708825
7760.0	0.17700175
7761.0	0.17689935
7762.0	0.17679699999999998
7763.0	0.1766675
7764.0	0.17653395
7765.0	0.17640025
7766.0	0.17626675
7767.0	0.17613335
7768.0	0.1759999
7769.0	0.17586675000000002
7770.0	0.17573355000000002
7771.0	0.17560045000000002
7772.0	0.17546735
7773.0	0.1753165
7774.0	0.1751628
7775.0	0.17500919999999998
7776.0	0.1748557
7777.0	0.17470225
7778.0	0.174549
7779.0	0.17439575000000002
7780.0	0.1742427
7781.0	0.17410545
7782.0	0.17396815
7783.0	0.1738366
7784.0	0.173706
7785.0	0.17357555
7786.0	0.17344510000000002
7787.0	0.17331485000000002
7788.0	0.17318445
7789.0	0.1730542
7790.0	0.172924
7791.0	0.1727784
7792.0	0.17263285
7793.0	0.17247355
7794.0	0.17231205
7795.0	0.1721506
7796.0	0.17198940000000001
7797.0	0.17182815
7798.0	0.17166705
7799.0	0.171506
7800.0	0.17134525
7801.0	0.17119995
7802.0	0.1710547
7803.0	0.17098455
7804.0	0.1709272
7805.0	0.17086985
7806.0	0.17081245
7807.0	0.17075515
7808.0	0.1706977
7809.0	0.17064030000000002
7810.0	0.170583
7811.0	0.1705102
7812.0	0.17043740000000002
7813.0	0.17032305
7814.0	0.1702015
7815.0	0.17007994999999998
7816.0	0.16995854999999999
7817.0	0.16983710000000002
7818.0	0.1697158
7819.0	0.16959449999999998
7820.0	0.1694734
7821.0	0.1693675
7822.0	0.16926170000000001
7823.0	0.16917929999999998
7824.0	0.16910115
7825.0	0.16902299999999998
7826.0	0.16894475
7827.0	0.16886655
7828.0	0.16878844999999998
7829.0	0.16871025
7830.0	0.1686322
7831.0	0.16855485
7832.0	0.1684776
7833.0	0.16838845000000002
7834.0	0.16829719999999998
7835.0	0.168206
7836.0	0.16811485
7837.0	0.16802365
7838.0	0.16793249999999998
7839.0	0.16784145
7840.0	0.1677504
7841.0	0.16765945
7842.0	0.1675684
7843.0	0.16745254999999998
7844.0	0.16733205
7845.0	0.16721175
7846.0	0.16709145
7847.0	0.16697105
7848.0	0.1668509
7849.0	0.1667308
7850.0	0.16661065
7851.0	0.16650575
7852.0	0.1664008
7853.0	0.16629
7854.0	0.1661782
7855.0	0.1660664
7856.0	0.1659547
7857.0	0.16584305
7858.0	0.1657313
7859.0	0.16561979999999998
7860.0	0.16550825
7861.0	0.16538185
7862.0	0.16525545
7863.0	0.16513075
7864.0	0.1650065
7865.0	0.16488225
7866.0	0.16475815
7867.0	0.1646339
7868.0	0.16450995000000002
7869.0	0.16438589999999997
7870.0	0.16426215
7871.0	0.16415315000000003
7872.0	0.1640442
7873.0	0.16395285
7874.0	0.16386499999999998
7875.0	0.16377714999999998
7876.0	0.16368935
7877.0	0.1636016
7878.0	0.1635138
7879.0	0.16342615
7880.0	0.16333845
7881.0	0.1632361
7882.0	0.1631337
7883.0	0.16298985
7884.0	0.16283779999999998
7885.0	0.1626857
7886.0	0.1625338
7887.0	0.16238185
7888.0	0.16223025000000002
7889.0	0.16207850000000001
7890.0	0.161927
7891.0	0.16177560000000002
7892.0	0.1616243
7893.0	0.1614765
7894.0	0.16132960000000002
7895.0	0.16118285
7896.0	0.16103605
7897.0	0.16088940000000002
7898.0	0.1607428
7899.0	0.16059635
7900.0	0.16044995
7901.0	0.16031825
7902.0	0.16018654999999998
7903.0	0.16004915
7904.0	0.1599106
7905.0	0.1597721
7906.0	0.15963365000000002
7907.0	0.1594952
7908.0	0.159357
7909.0	0.1592188
7910.0	0.15908065
7911.0	0.15892815
7912.0	0.1587758
7913.0	0.1585881
7914.0	0.15839295
7915.0	0.1581981
7916.0	0.1580031
7917.0	0.1578084
7918.0	0.15761375
7919.0	0.15741935
7920.0	0.1572251
7921.0	0.15704525
7922.0	0.15686545000000002
7923.0	0.1567504
7924.0	0.1566495
7925.0	0.15654849999999998
7926.0	0.15644765
7927.0	0.1563468
7928.0	0.156246
7929.0	0.15614525
7930.0	0.1560445
7931.0	0.1559298
7932.0	0.15581505
7933.0	0.15572175
7934.0	0.1556332
7935.0	0.15554475
7936.0	0.15545625
7937.0	0.15536784999999997
7938.0	0.1552794
7939.0	0.1551911
7940.0	0.15510279999999999
7941.0	0.1550146
7942.0	0.15492645
7943.0	0.1548208
7944.0	0.1547113
7945.0	0.1546018
7946.0	0.1544924
7947.0	0.154383
7948.0	0.15427365
7949.0	0.15416449999999998
7950.0	0.15405525
7951.0	0.15396025000000002
7952.0	0.15386515
7953.0	0.15375129999999998
7954.0	0.1536332
7955.0	0.15351505
7956.0	0.15339704999999998
7957.0	0.153279
7958.0	0.1531612
7959.0	0.15304325000000002
7960.0	0.15292555
7961.0	0.15279389999999998
7962.0	0.15266239999999998
7963.0	0.1525262
7964.0	0.15238885
7965.0	0.15225175
7966.0	0.15211465000000002
7967.0	0.15197765000000002
7968.0	0.15184065
7969.0	0.1517039
7970.0	0.15156704999999998
7971.0	0.15143065
7972.0	0.1512943
7973.0	0.15123775
7974.0	0.15120025
7975.0	0.15116259999999998
7976.0	0.151125
7977.0	0.15108729999999998
7978.0	0.1510497
7979.0	0.151012
7980.0	0.1509743
7981.0	0.15095155
7982.0	0.1509288
7983.0	0.15086035
7984.0	0.15078095
7985.0	0.1507015
7986.0	0.15062199999999998
7987.0	0.15054260000000003
7988.0	0.15046320000000002
7989.0	0.15038390000000001
7990.0	0.15030454999999998
7991.0	0.15021405
7992.0	0.1501236
7993.0	0.14988915
7994.0	0.14961945
7995.0	0.1493497
7996.0	0.14908045
7997.0	0.14881105
7998.0	0.14854230000000002
7999.0	0.14827355
8000.0	0.14800505
8001.0	0.14774155
8002.0	0.1474783
8003.0	0.14696205
8004.0	0.14638295
8005.0	0.14580465
8006.0	0.14522625
8007.0	0.1446486
8008.0	0.1440716
8009.0	0.14349495
8010.0	0.14291885
8011.0	0.14233210000000002
8012.0	0.14174589999999998
8013.0	0.1409398
8014.0	0.14007819999999999
8015.0	0.1392176
8016.0	0.13835825000000002
8017.0	0.13749899999999998
8018.0	0.13664105
8019.0	0.13578405
8020.0	0.13492795000000002
8021.0	0.13407360000000001
8022.0	0.1332201
8023.0	0.13171339999999998
8024.0	0.13003915
8025.0	0.12836665
8026.0	0.126696
8027.0	0.12502715
8028.0	0.1233601
8029.0	0.1216949
8030.0	0.12003155
8031.0	0.1183824
8032.0	0.1167347
8033.0	0.11399105
8034.0	0.11096085
8035.0	0.10793349999999999
8036.0	0.1049088
8037.0	0.10188685
8038.0	0.09886771
8039.0	0.095851255
8040.0	0.09283753
8041.0	0.089818465
8042.0	0.08680269
8043.0	0.08321972
8044.0	0.079488225
8045.0	0.07576079499999999
8046.0	0.072037425
8047.0	0.0683163
8048.0	0.064602885
8049.0	0.06088989
8050.0	0.0571846
8051.0	0.053481555
8052.0	0.04978257
8053.0	0.046841480000000005
8054.0	0.044108604999999995
8055.0	0.04138004
8056.0	0.038651805
8057.0	0.035927895
8058.0	0.03320564
8059.0	0.030489034999999998
8060.0	0.027772775
8061.0	0.025064445
8062.0	0.02235728
8063.0	0.020793634999999998
8064.0	0.01954621
8065.0	0.018299944999999998
8066.0	0.01705543
8067.0	0.01581023
8068.0	0.014568005
8069.0	0.01332632
8070.0	0.012085775
8071.0	0.01084479
8072.0	0.009606371999999998
8073.0	0.008932568
8074.0	0.008417172
8075.0	0.0079025955
8076.0	0.0073885845
8077.0	0.0068751415
8078.0	0.0063620175
8079.0	0.0058499615000000005
8080.0	0.005338222
8081.0	0.004827049
8082.0	0.0043164455
8083.0	0.0040259630000000005
8084.0	0.003798412
8085.0	0.0035708905
8086.0	0.003343843
8087.0	0.0031168265000000002
8088.0	0.0028901705
8089.0	0.002663658
8090.0	0.0024376155000000004
8091.0	0.0022119165
8092.0	0.0019864275
8093.0	0.001853742
8094.0	0.0017479875
8095.0	0.0016423829999999999
8096.0	0.001536773
8097.0	0.0014313135
8098.0	0.0013259525
8099.0	0.001220689
8100.0	0.0011155235
8101.0	0.0010103644999999999
8102.0	0.000905323
8103.0	0.0008456167
8104.0	0.0007992896999999999
8105.0	0.0007530138
8106.0	0.0007068122
8107.0	0.00066059465
8108.0	0.0006144962
8109.0	0.0005684266499999999
8110.0	0.00052240865
8111.0	0.00047644215000000004
8112.0	0.00043052705
8113.0	0.0004037197
8114.0	0.00038263075
8115.0	0.00036156535
8116.0	0.0003405235
8117.0	0.00031950515
8118.0	0.00029851045000000003
8119.0	0.0002775392
8120.0	0.0002565914
8121.0	0.0002356889
8122.0	0.00021480609999999998
8123.0	0.0002021096
8124.0	0.0001919037
8125.0	0.00018170725
8126.0	0.0001715204
8127.0	0.0001613432
8128.0	0.00015117549999999998
8129.0	0.00014101745
8130.0	0.00013086895000000002
8131.0	0.00012071900000000001
8132.0	0.00011058035
8133.0	0.0001044443
8134.0	9.954273e-05
8135.0	9.464673e-05
8136.0	8.975624e-05
8137.0	8.486887499999999e-05
8138.0	7.9991745e-05
8139.0	7.5117715e-05
8140.0	7.0249255e-05
8141.0	6.538622e-05
8142.0	6.0528735000000005e-05
8143.0	5.761173e-05
8144.0	5.5302985e-05
8145.0	5.299687e-05
8146.0	5.0693335e-05
8147.0	4.839239e-05
8148.0	4.609292e-05
8149.0	4.3798305000000004e-05
8150.0	4.1505165e-05
8151.0	3.921822e-05
8152.0	3.6933435000000004e-05
8153.0	3.5306015e-05
8154.0	3.3887745e-05
8155.0	3.2470835e-05
8156.0	3.105595e-05
8157.0	2.964034e-05
8158.0	2.8228145e-05
8159.0	2.681591e-05
8160.0	2.54064e-05
8161.0	2.3995345e-05
8162.0	2.2585890000000003e-05
8163.0	2.132871e-05
8164.0	2.0121475e-05
8165.0	1.891621e-05
8166.0	1.771113e-05
8167.0	1.650801e-05
8168.0	1.530568e-05
8169.0	1.4105884999999999e-05
8170.0	1.2906884999999999e-05
8171.0	1.1709255e-05
8172.0	1.0512989999999998e-05
8173.0	9.996054000000002e-06
8174.0	9.7010365e-06
8175.0	9.4060635e-06
8176.0	9.111714000000001e-06
8177.0	8.817268e-06
8178.0	8.523586e-06
8179.0	8.2300945e-06
8180.0	7.936937e-06
8181.0	7.644818e-06
8182.0	7.35298e-06
8183.0	7.201739e-06
8184.0	7.09715e-06
8185.0	6.9927085e-06
8186.0	6.888263e-06
8187.0	6.7839710000000004e-06
8188.0	6.6797745e-06
8189.0	6.575678e-06
8190.0	6.471678e-06
8191.0	6.3671890000000005e-06
8192.0	6.2628215e-06
8193.0	6.158569e-06
8194.0	6.0544345e-06
8195.0	5.9504175e-06
8196.0	5.8465159999999994e-06
8197.0	5.7427325e-06
8198.0	5.6390705e-06
8199.0	5.5355195e-06
8200.0	5.432089e-06
8201.0	5.3288489999999996e-06
8202.0	5.2257235e-06
8203.0	5.122714e-06
8204.0	5.019814e-06
8205.0	4.917032e-06
8206.0	4.814363e-06
8207.0	4.7118075e-06
8208.0	4.6093685e-06
8209.0	4.507038999999999e-06
8210.0	4.404827e-06
8211.0	4.3031255e-06
8212.0	4.2015195e-06
8213.0	4.100009500000001e-06
8214.0	3.9985935e-06
8215.0	3.897272e-06
8216.0	3.796047e-06
8217.0	3.6949155e-06
8218.0	3.5938795e-06
8219.0	3.49294e-06
8220.0	3.3920945e-06
8221.0	3.291041e-06
8222.0	3.1900994999999996e-06
8223.0	3.0959785e-06
8224.0	3.004317e-06
8225.0	2.9127575e-06
8226.0	2.8213015000000004e-06
8227.0	2.729948e-06
8228.0	2.6386974999999997e-06
8229.0	2.5475505e-06
8230.0	2.4565065e-06
8231.0	2.365704e-06
8232.0	2.274995e-06
8233.0	2.2079055e-06
8234.0	2.1492630000000004e-06
8235.0	2.09068e-06
8236.0	2.0321565e-06
8237.0	1.9736925e-06
8238.0	1.9152875e-06
8239.0	1.856943e-06
8240.0	1.7986565e-06
8241.0	1.7405909999999999e-06
8242.0	1.682574e-06
8243.0	1.637605e-06
8244.0	1.597351e-06
8245.0	1.5571295000000002e-06
8246.0	1.516942e-06
8247.0	1.476788e-06
8248.0	1.4366680000000001e-06
8249.0	1.3965815000000001e-06
8250.0	1.3565285e-06
8251.0	1.316387e-06
8252.0	1.276287e-06
8253.0	1.239827e-06
8254.0	1.204718e-06
8255.0	1.169646e-06
8256.0	1.1346090000000002e-06
8257.0	1.0996085e-06
8258.0	1.0646435e-06
8259.0	1.0297145000000002e-06
8260.0	9.948206e-07
8261.0	9.599634e-07
8262.0	9.251417500000001e-07
8263.0	9.041958e-07
8264.0	8.884006e-07
8265.0	8.726212499999999e-07
8266.0	8.5685815e-07
8267.0	8.411110499999999e-07
8268.0	8.253798e-07
8269.0	8.0966475e-07
8270.0	7.939658499999999e-07
8271.0	7.783550000000001e-07
8272.0	7.627573e-07
8273.0	7.506917e-07
8274.0	7.399596e-07
8275.0	7.292367e-07
8276.0	7.185228e-07
8277.0	7.078175999999999e-07
8278.0	6.971214e-07
8279.0	6.8643415e-07
8280.0	6.757560999999999e-07
8281.0	6.6502525e-07
8282.0	6.543055000000001e-07
8283.0	6.433740499999999e-07
8284.0	6.3236885e-07
8285.0	6.2137465e-07
8286.0	6.103919499999999e-07
8287.0	5.994203000000001e-07
8288.0	5.8846025e-07
8289.0	5.775111e-07
8290.0	5.665734e-07
8291.0	5.5564695e-07
8292.0	5.447315e-07
8293.0	5.3464095e-07
8294.0	5.248747e-07
8295.0	5.1511825e-07
8296.0	5.053718e-07
8297.0	4.9563555e-07
8298.0	4.8590935e-07
8299.0	4.761932e-07
8300.0	4.664872e-07
8301.0	4.567912e-07
8302.0	4.4710535e-07
8303.0	4.3931985e-07
8304.0	4.3228215e-07
8305.0	4.2525135e-07
8306.0	4.182281e-07
8307.0	4.1121185e-07
8308.0	4.0420299999999996e-07
8309.0	3.972014e-07
8310.0	3.90207e-07
8311.0	3.8325535e-07
8312.0	3.7630985e-07
8313.0	3.6982525e-07
8314.0	3.6352660000000003e-07
8315.0	3.572335e-07
8316.0	3.5094585e-07
8317.0	3.4466345000000004e-07
8318.0	3.3838655000000003e-07
8319.0	3.3211505000000003e-07
8320.0	3.2584885e-07
8321.0	3.1955835e-07
8322.0	3.132745e-07
8323.0	3.0645945e-07
8324.0	2.994353e-07
8325.0	2.924183e-07
8326.0	2.8540875000000003e-07
8327.0	2.784066e-07
8328.0	2.7141185e-07
8329.0	2.6442435e-07
8330.0	2.5744430000000004e-07
8331.0	2.504717e-07
8332.0	2.435064e-07
8333.0	2.4424985e-07
8334.0	2.4812185e-07
8335.0	2.519896e-07
8336.0	2.5585305e-07
8337.0	2.5971220000000003e-07
8338.0	2.6356705e-07
8339.0	2.6741765000000005e-07
8340.0	2.71264e-07
8341.0	2.751315e-07
8342.0	2.7899540000000004e-07
8343.0	2.775794e-07
8344.0	2.739897e-07
8345.0	2.704031e-07
8346.0	2.6681955e-07
8347.0	2.6323915e-07
8348.0	2.5966175e-07
8349.0	2.560875e-07
8350.0	2.5251629999999996e-07
8351.0	2.489252e-07
8352.0	2.4533775e-07
8353.0	2.4468085e-07
8354.0	2.4524785000000004e-07
8355.0	2.458141e-07
8356.0	2.4637970000000004e-07
8357.0	2.469445e-07
8358.0	2.4750855e-07
8359.0	2.4807190000000003e-07
8360.0	2.4863444999999997e-07
8361.0	2.491962e-07
8362.0	2.4975724999999996e-07
8363.0	2.468435e-07
8364.0	2.424599e-07
8365.0	2.38081e-07
8366.0	2.3370669999999999e-07
8367.0	2.2933695e-07
8368.0	2.2497205e-07
8369.0	2.206116e-07
8370.0	2.1625595e-07
8371.0	2.1190495e-07
8372.0	2.075585e-07
8373.0	2.0603345000000002e-07
8374.0	2.057156e-07
8375.0	2.053979e-07
8376.0	2.050805e-07
8377.0	2.0476314999999998e-07
8378.0	2.044462e-07
8379.0	2.0412935e-07
8380.0	2.0381284999999999e-07
8381.0	2.0351555000000002e-07
8382.0	2.0321845e-07
8383.0	2.0167290000000002e-07
8384.0	1.995867e-07
8385.0	1.975023e-07
8386.0	1.9541985e-07
8387.0	1.933391e-07
8388.0	1.9126025e-07
8389.0	1.8918320000000002e-07
8390.0	1.87108e-07
8391.0	1.8501725e-07
8392.0	1.8292875e-07
8393.0	1.8095025e-07
8394.0	1.7902119999999998e-07
8395.0	1.7709415e-07
8396.0	1.7516914999999999e-07
8397.0	1.732462e-07
8398.0	1.7132535e-07
8399.0	1.6940645e-07
8400.0	1.674896e-07
8401.0	1.655866e-07
8402.0	1.636854e-07
8403.0	1.6188815e-07
8404.0	1.601381e-07
8405.0	1.5838975e-07
8406.0	1.5664299999999998e-07
8407.0	1.5489785e-07
8408.0	1.531543e-07
8409.0	1.5141229999999998e-07
8410.0	1.49672e-07
8411.0	1.4794715e-07
8412.0	1.4622355e-07
8413.0	1.429067e-07
8414.0	1.388743e-07
8415.0	1.3484505e-07
8416.0	1.3081895e-07
8417.0	1.267959e-07
8418.0	1.2277605e-07
8419.0	1.1875935e-07
8420.0	1.1474565e-07
8421.0	1.1072489999999999e-07
8422.0	1.067079e-07
8423.0	1.050206e-07
8424.0	1.0439630000000001e-07
8425.0	1.037726e-07
8426.0	1.031494e-07
8427.0	1.0252675e-07
8428.0	1.0190475e-07
8429.0	1.012832e-07
8430.0	1.00662265e-07
8431.0	1.0005111e-07
8432.0	9.944041499999999e-08
8433.0	1.024422e-07
8434.0	1.0711275000000001e-07
8435.0	1.1177955e-07
8436.0	1.164425e-07
8437.0	1.2110165e-07
8438.0	1.257571e-07
8439.0	1.3040874999999998e-07
8440.0	1.350565e-07
8441.0	1.397005e-07
8442.0	1.4434069999999998e-07
8443.0	1.438518e-07
8444.0	1.4095975e-07
8445.0	1.3806985e-07
8446.0	1.351823e-07
8447.0	1.32297e-07
8448.0	1.294139e-07
8449.0	1.2653315e-07
8450.0	1.2365465e-07
8451.0	1.207898e-07
8452.0	1.1792665e-07
8453.0	1.1631820000000001e-07
8454.0	1.1530635e-07
8455.0	1.1429505e-07
8456.0	1.1328435e-07
8457.0	1.1227415e-07
8458.0	1.1126470000000001e-07
8459.0	1.102557e-07
8460.0	1.092474e-07
8461.0	1.0822954999999999e-07
8462.0	1.0721234999999999e-07
8463.0	1.0757865e-07
8464.0	1.0860765e-07
8465.0	1.096357e-07
8466.0	1.1066295e-07
8467.0	1.1168925e-07
8468.0	1.127147e-07
8469.0	1.1373924999999999e-07
8470.0	1.147629e-07
8471.0	1.157857e-07
8472.0	1.168076e-07
8473.0	1.1740425e-07
8474.0	1.1779414999999999e-07
8475.0	1.1818369999999999e-07
8476.0	1.185729e-07
8477.0	1.189616e-07
8478.0	1.1935005e-07
8479.0	1.1973805e-07
8480.0	1.201257e-07
8481.0	1.2051315e-07
8482.0	1.2090020000000001e-07
8483.0	1.1989415e-07
8484.0	1.182028e-07
8485.0	1.1651289999999999e-07
8486.0	1.1482425e-07
8487.0	1.1313699999999999e-07
8488.0	1.1145105e-07
8489.0	1.0976645e-07
8490.0	1.0808325000000001e-07
8491.0	1.0641159999999999e-07
8492.0	1.04741e-07
8493.0	2.1638504999999998e-07
8494.0	3.8451365e-07
8495.0	5.525349499999999e-07
8496.0	7.204488e-07
8497.0	8.882553500000001e-07
8498.0	1.055954e-06
8499.0	1.2235444999999999e-06
8500.0	1.3910279999999998e-06
8501.0	1.558028e-06
8502.0	1.7248395e-06
8503.0	1.6616645e-06
8504.0	1.4828825e-06
8505.0	1.3043e-06
8506.0	1.1259184999999999e-06
8507.0	9.477367e-07
8508.0	7.697553000000001e-07
8509.0	5.919743e-07
8510.0	4.1439379999999996e-07
8511.0	2.370145e-07
8512.0	5.9835045e-08
8513.0	8.503883500000001e-08
8514.0	2.1333484999999998e-07
8515.0	3.4148575e-07
8516.0	4.694914e-07
8517.0	5.9735145e-07
8518.0	7.2506665e-07
8519.0	8.526359500000001e-07
8520.0	9.800600499999999e-07
8521.0	1.1073395000000001e-06
8522.0	1.234474e-06
8523.0	1.3570065e-06
8524.0	1.4770964999999998e-06
8525.0	1.597049e-06
8526.0	1.716863e-06
8527.0	1.8365390000000001e-06
8528.0	1.956077e-06
8529.0	2.0754770000000003e-06
8530.0	2.1947395e-06
8531.0	2.3140815e-06
8532.0	2.4333095000000002e-06
8533.0	2.6551515000000003e-06
8534.0	2.9305645e-06
8535.0	3.2057115000000003e-06
8536.0	3.480593e-06
8537.0	3.7552080000000003e-06
8538.0	4.029555e-06
8539.0	4.3036365000000004e-06
8540.0	4.5774505e-06
8541.0	4.850542e-06
8542.0	5.123313e-06
8543.0	5.184794e-06
8544.0	5.134317e-06
8545.0	5.083891e-06
8546.0	5.0335195e-06
8547.0	4.9832020000000005e-06
8548.0	4.932941e-06
8549.0	4.8827315e-06
8550.0	4.8325775e-06
8551.0	4.782478e-06
8552.0	4.7324324999999995e-06
8553.0	4.4062955e-06
8554.0	3.932821e-06
8555.0	3.4598945e-06
8556.0	2.9875175e-06
8557.0	2.5156890000000002e-06
8558.0	2.0444095e-06
8559.0	1.5736800000000002e-06
8560.0	1.103501e-06
8561.0	6.3387125e-07
8562.0	1.6479225e-07
8563.0	1.2576045e-11
8564.0	1.256864e-11
8565.0	1.2561250000000001e-11
8566.0	1.2553845000000001e-11
8567.0	1.2546445000000001e-11
8568.0	1.253904e-11
8569.0	1.253163e-11
8570.0	1.2524225e-11
8571.0	1.2518000000000001e-11
8572.0	1.251177e-11
8573.0	1.2505535e-11
8574.0	1.2499299999999999e-11
8575.0	1.2493065e-11
8576.0	1.2486825e-11
8577.0	1.2480575000000001e-11
8578.0	1.247433e-11
8579.0	1.2468075e-11
8580.0	1.246182e-11
8581.0	1.2454385e-11
8582.0	1.244695e-11
8583.0	2.2304575000000002e-07
8584.0	5.6979605e-07
8585.0	9.1613075e-07
8586.0	1.2620495e-06
8587.0	1.6075529999999998e-06
8588.0	1.9526404999999997e-06
8589.0	2.297312e-06
8590.0	2.6415680000000002e-06
8591.0	2.9854049999999998e-06
8592.0	3.3288259999999997e-06
8593.0	3.2298065000000003e-06
8594.0	2.883086e-06
8595.0	2.5367815000000002e-06
8596.0	2.190894e-06
8597.0	1.8454225e-06
8598.0	1.500369e-06
8599.0	1.1557305e-06
8600.0	8.1151e-07
8601.0	4.6770625e-07
8602.0	1.2431985e-07
8603.0	1.229026e-11
8604.0	1.2282775e-11
8605.0	1.227529e-11
8606.0	1.2267805e-11
8607.0	1.2260314999999999e-11
8608.0	1.2252819999999999e-11
8609.0	1.2245324999999999e-11
8610.0	1.2237825e-11
8611.0	1.2231495e-11
8612.0	1.222515e-11
8613.0	1.621133e-07
8614.0	4.172678e-07
8615.0	6.721570499999999e-07
8616.0	9.2678045e-07
8617.0	1.1811375e-06
8618.0	1.4352284999999999e-06
8619.0	1.6890535e-06
8620.0	1.942612e-06
8621.0	2.1956955e-06
8622.0	2.4484634999999997e-06
8623.0	2.517128e-06
8624.0	2.4786805e-06
8625.0	2.4402784999999997e-06
8626.0	2.4019205e-06
8627.0	2.3636084999999996e-06
8628.0	2.3253425e-06
8629.0	2.2871205e-06
8630.0	2.2489445e-06
8631.0	2.2112604999999998e-06
8632.0	2.1736065e-06
8633.0	2.0504440000000003e-06
8634.0	1.877144e-06
8635.0	1.7039885e-06
8636.0	1.5309789999999999e-06
8637.0	1.3581155e-06
8638.0	1.185398e-06
8639.0	1.0128265e-06
8640.0	8.4040215e-07
8641.0	6.681241e-07
8642.0	4.9599335e-07
8643.0	5.237538e-07
8644.0	6.702901e-07
8645.0	8.1669965e-07
8646.0	9.629827e-07
8647.0	1.1091390000000001e-06
8648.0	1.2551685e-06
8649.0	1.4010695e-06
8650.0	1.5468440000000001e-06
8651.0	1.6924905e-06
8652.0	1.8380095e-06
8653.0	1.7773279999999998e-06
8654.0	1.592594e-06
8655.0	1.4080205000000002e-06
8656.0	1.223606e-06
8657.0	1.0393520000000001e-06
8658.0	8.552592e-07
8659.0	6.713266e-07
8660.0	4.8755525e-07
8661.0	3.0397415e-07
8662.0	1.205195e-07
8663.0	1.2678735e-07
8664.0	2.4867605e-07
8665.0	3.7048e-07
8666.0	4.921989e-07
8667.0	6.138328e-07
8668.0	7.353813e-07
8669.0	8.568441000000001e-07
8670.0	9.782217000000002e-07
8671.0	1.099408e-06
8672.0	1.220486e-06
8673.0	1.246642e-06
8674.0	1.2142339999999998e-06
8675.0	1.181854e-06
8676.0	1.1495025e-06
8677.0	1.1171790000000001e-06
8678.0	1.084883e-06
8679.0	1.052616e-06
8680.0	1.0203775000000001e-06
8681.0	9.881662999999999e-07
8682.0	9.559841e-07
8683.0	1.2221475e-06
8684.0	1.6737815e-06
8685.0	2.1250035e-06
8686.0	2.5758135e-06
8687.0	3.0262105e-06
8688.0	3.4761925e-06
8689.0	3.9257605e-06
8690.0	4.3749145e-06
8691.0	4.8236525e-06
8692.0	5.271974e-06
8693.0	5.1524229999999996e-06
8694.0	4.675317e-06
8695.0	4.1986494999999995e-06
8696.0	3.7224159999999997e-06
8697.0	3.2466215e-06
8698.0	2.7712635e-06
8699.0	2.2963445e-06
8700.0	1.821865e-06
8701.0	1.3478239999999999e-06
8702.0	8.7422345e-07
8703.0	8.439657999999999e-07
8704.0	1.096352e-06
8705.0	1.3485015e-06
8706.0	1.6004125e-06
8707.0	1.8520869999999999e-06
8708.0	2.103523e-06
8709.0	2.3547205e-06
8710.0	2.6056795e-06
8711.0	2.856673e-06
8712.0	3.1074744999999997e-06
8713.0	3.1764459999999998e-06
8714.0	3.128013e-06
8715.0	3.0796144999999998e-06
8716.0	3.0312489999999997e-06
8717.0	2.982919e-06
8718.0	2.9346235e-06
8719.0	2.8863615e-06
8720.0	2.838135e-06
8721.0	2.7896749999999997e-06
8722.0	2.74126e-06
8723.0	2.5566585000000002e-06
8724.0	2.2835035e-06
8725.0	2.0106084999999998e-06
8726.0	1.7379755e-06
8727.0	1.4656029999999999e-06
8728.0	1.1934925e-06
8729.0	9.216442e-07
8730.0	6.500581499999999e-07
8731.0	3.7873475000000003e-07
8732.0	1.0767435e-07
8733.0	1.7987895e-07
8734.0	4.7816125e-07
8735.0	7.761524999999999e-07
8736.0	1.073852e-06
8737.0	1.3712595e-06
8738.0	1.6683740000000001e-06
8739.0	1.9651965e-06
8740.0	2.2617245000000002e-06
8741.0	2.55796e-06
8742.0	2.8539015e-06
8743.0	2.87502e-06
8744.0	2.7128885e-06
8745.0	2.5509149999999998e-06
8746.0	2.3890995e-06
8747.0	2.2274425e-06
8748.0	2.0659435e-06
8749.0	1.904603e-06
8750.0	1.7434215e-06
8751.0	1.582399e-06
8752.0	1.4215354999999999e-06
8753.0	1.3067375e-06
8754.0	1.2230665e-06
8755.0	1.1394785e-06
8756.0	1.055973e-06
8757.0	9.725506000000002e-07
8758.0	8.892114e-07
8759.0	8.059551e-07
8760.0	7.227822e-07
8761.0	6.3975415e-07
8762.0	5.5679355e-07
8763.0	5.834329e-07
8764.0	6.846592999999999e-07
8765.0	7.8580125e-07
8766.0	8.8685915e-07
8767.0	9.8783235e-07
8768.0	1.088721e-06
8769.0	1.1895245000000002e-06
8770.0	1.2902439999999999e-06
8771.0	1.390744e-06
8772.0	1.4911395000000001e-06
8773.0	1.4410105e-06
8774.0	1.287231e-06
8775.0	1.133608e-06
8776.0	9.801424e-07
8777.0	8.268346e-07
8778.0	6.736849000000001e-07
8779.0	5.2069335e-07
8780.0	3.6785995e-07
8781.0	2.1518535e-07
8782.0	6.266945999999999e-08
8783.0	3.6908285000000004e-08
8784.0	9.951378e-08
8785.0	1.620537e-07
8786.0	2.2452804999999998e-07
8787.0	2.869366e-07
8788.0	3.4927929999999996e-07
8789.0	4.1155605000000003e-07
8790.0	4.7376685000000005e-07
8791.0	5.359114500000001e-07
8792.0	5.9798985e-07
8793.0	6.252965e-07
8794.0	6.2806125e-07
8795.0	6.308224e-07
8796.0	6.3358e-07
8797.0	6.3633415e-07
8798.0	6.3908475e-07
8799.0	6.418313499999999e-07
8800.0	6.4457475e-07
8801.0	6.472299499999999e-07
8802.0	6.49881e-07
8803.0	8.578946e-07
8804.0	1.2118305e-06
8805.0	1.5652915e-06
8806.0	1.918278e-06
8807.0	2.2707905e-06
8808.0	2.6228265e-06
8809.0	2.9743875e-06
8810.0	3.325472e-06
8811.0	3.6764345e-06
8812.0	4.0269875e-06
8813.0	3.929963e-06
8814.0	3.5108185e-06
8815.0	3.0921565e-06
8816.0	2.6739765e-06
8817.0	2.2562805e-06
8818.0	1.839067e-06
8819.0	1.4223369999999999e-06
8820.0	1.006093e-06
8821.0	5.902765e-07
8822.0	1.7502545e-07
8823.0	7.4087015e-08
8824.0	2.020803e-07
8825.0	3.2989855e-07
8826.0	4.5754175e-07
8827.0	5.850095000000001e-07
8828.0	7.123019000000001e-07
8829.0	8.394187e-07
8830.0	9.663599e-07
8831.0	1.0933045e-06
8832.0	1.2201145e-06
8833.0	1.2544655e-06
8834.0	1.2206295e-06
8835.0	1.186828e-06
8836.0	1.1530604999999999e-06
8837.0	1.119328e-06
8838.0	1.08563e-06
8839.0	1.0519655e-06
8840.0	1.018337e-06
8841.0	9.847425e-07
8842.0	9.511826500000001e-07
8843.0	9.1825775e-07
8844.0	8.858151e-07
8845.0	8.5340615e-07
8846.0	8.210311999999999e-07
8847.0	7.886897e-07
8848.0	7.563825e-07
8849.0	7.241089000000001e-07
8850.0	6.918697e-07
8851.0	6.596644e-07
8852.0	6.2749305e-07
8853.0	5.785128e-07
8854.0	5.169017e-07
8855.0	4.5535725e-07
8856.0	3.9387924999999996e-07
8857.0	3.3246770000000003e-07
8858.0	2.711229e-07
8859.0	2.0984495e-07
8860.0	1.486339e-07
8861.0	8.748985e-08
8862.0	2.6412909999999997e-08
8863.0	1.078284e-11
8864.0	1.0776895000000001e-11
8865.0	1.0770934999999999e-11
8866.0	1.0764975e-11
8867.0	1.0759005000000001e-11
8868.0	1.0753034999999999e-11
8869.0	1.074705e-11
8870.0	1.0741065e-11
8871.0	1.0736115e-11
8872.0	1.073115e-11
8873.0	9.871288999999999e-08
8874.0	2.7344925e-07
8875.0	4.4802305e-07
8876.0	6.224343000000001e-07
8877.0	7.966821e-07
8878.0	9.707664e-07
8879.0	1.144687e-06
8880.0	1.3184435e-06
8881.0	1.491891e-06
8882.0	1.6651405e-06
8883.0	1.6427750000000001e-06
8884.0	1.4679255000000001e-06
8885.0	1.2932735e-06
8886.0	1.118819e-06
8887.0	9.4456205e-07
8888.0	7.7050365e-07
8889.0	5.966436500000001e-07
8890.0	4.2298245e-07
8891.0	2.495202e-07
8892.0	7.6257415e-08
8893.0	8.8485895e-08
8894.0	2.4645629999999997e-07
8895.0	4.0424385e-07
8896.0	5.618481000000001e-07
8897.0	7.192688499999999e-07
8898.0	8.765059e-07
8899.0	1.0335585e-06
8900.0	1.190427e-06
8901.0	1.347112e-06
8902.0	1.5036104999999999e-06
8903.0	1.4849224999999998e-06
8904.0	1.3269474999999999e-06
8905.0	1.1691575e-06
8906.0	1.0115505e-06
8907.0	8.5412885e-07
8908.0	6.968912e-07
8909.0	5.398386499999999e-07
8910.0	3.829712e-07
8911.0	2.262893e-07
8912.0	6.979303e-08
8913.0	1.0488249999999999e-11
8914.0	1.0481995e-11
8915.0	1.0475745e-11
8916.0	1.0469475000000001e-11
8917.0	1.0463205e-11
8918.0	1.045693e-11
8919.0	1.045065e-11
8920.0	1.044436e-11
8921.0	1.043807e-11
8922.0	1.043177e-11
8923.0	1.2471815e-07
8924.0	3.5092515e-07
8925.0	5.7685775e-07
8926.0	8.0251565e-07
8927.0	1.0278979999999999e-06
8928.0	1.253005e-06
8929.0	1.4778355e-06
8930.0	1.7023900000000001e-06
8931.0	1.9266675e-06
8932.0	2.1506675e-06
8933.0	2.161669e-06
8934.0	1.9972005e-06
8935.0	1.8329315000000002e-06
8936.0	1.6688625e-06
8937.0	1.504994e-06
8938.0	1.3413255e-06
8939.0	1.1778585e-06
8940.0	1.0145924999999999e-06
8941.0	8.5161045e-07
8942.0	6.887983000000001e-07
8943.0	5.811959999999999e-07
8944.0	5.1946645e-07
8945.0	4.5780155e-07
8946.0	3.962012e-07
8947.0	3.3466564999999996e-07
8948.0	2.7319475e-07
8949.0	2.1178905000000001e-07
8950.0	1.5044845000000002e-07
8951.0	8.916453000000001e-08
8952.0	2.795784e-08
8953.0	1.2346894999999998e-07
8954.0	3.5062345e-07
8955.0	5.774893e-07
8956.0	8.040658500000001e-07
8957.0	1.030353e-06
8958.0	1.25635e-06
8959.0	1.482056e-06
8960.0	1.707472e-06
8961.0	1.9325980000000003e-06
8962.0	2.1574325e-06
8963.0	2.137954e-06
8964.0	1.9107935e-06
8965.0	1.6839235e-06
8966.0	1.4573435e-06
8967.0	1.2310545e-06
8968.0	1.0050555e-06
8969.0	7.7934925e-07
8970.0	5.539345e-07
8971.0	3.288125e-07
8972.0	1.0398265e-07
8973.0	2.2693975e-08
8974.0	6.488479e-08
8975.0	1.0702035e-07
8976.0	1.491007e-07
8977.0	1.911256e-07
8978.0	2.3309504999999998e-07
8979.0	2.7500895e-07
8980.0	3.1686725e-07
8981.0	3.586703e-07
8982.0	4.004175e-07
8983.0	3.9720489999999997e-07
8984.0	3.5501735e-07
8985.0	3.1288515000000003e-07
8986.0	2.708084e-07
8987.0	2.2878719999999998e-07
8988.0	1.868216e-07
8989.0	1.4491165e-07
8990.0	1.0305745e-07
8991.0	6.1259175e-08
8992.0	1.951677e-08
8993.0	9.979381e-12
8994.0	9.9726705e-12
8995.0	9.9659505e-12
8996.0	9.95923e-12
8997.0	9.952499e-12
8998.0	9.9457675e-12
8999.0	9.939023499999999e-12
9000.0	9.932277500000001e-12
9001.0	9.924955e-12
9002.0	9.91763e-12
9003.0	9.910302500000001e-12
9004.0	9.902970999999999e-12
9005.0	9.895636500000001e-12
9006.0	9.888298500000001e-12
9007.0	9.880956e-12
9008.0	9.873611000000001e-12
9009.0	9.86626e-12
9010.0	9.858907000000001e-12
9011.0	9.852534e-12
9012.0	9.846157e-12
9013.0	3.0433255000000004e-08
9014.0	8.8174805e-08
9015.0	1.458413e-07
9016.0	2.0343260000000002e-07
9017.0	2.609486e-07
9018.0	3.1838925e-07
9019.0	3.757545e-07
9020.0	4.3304425000000003e-07
9021.0	4.902111e-07
9022.0	5.472914e-07
9023.0	6.169692000000001e-07
9024.0	6.980808e-07
9025.0	7.790688999999999e-07
9026.0	8.599333e-07
9027.0	9.406742e-07
9028.0	1.0212915e-06
9029.0	1.1017845e-06
9030.0	1.1821545e-06
9031.0	1.2624809999999999e-06
9032.0	1.342694e-06
9033.0	1.308562e-06
9034.0	1.1697315e-06
9035.0	1.0310934999999999e-06
9036.0	8.926481e-07
9037.0	7.543959000000001e-07
9038.0	6.163365999999999e-07
9039.0	4.784707e-07
9040.0	3.407985e-07
9041.0	2.033203e-07
9042.0	6.6035665e-08
9043.0	4.9549384999999996e-08
9044.0	1.4498095e-07
9045.0	2.402773e-07
9046.0	3.3543835e-07
9047.0	4.304637e-07
9048.0	5.253535499999999e-07
9049.0	6.201076e-07
9050.0	7.147257e-07
9051.0	8.092090000000001e-07
9052.0	9.035562000000001e-07
9053.0	8.9994645e-07
9054.0	8.045131499999999e-07
9055.0	7.092156e-07
9056.0	6.140534e-07
9057.0	5.1902705e-07
9058.0	4.2413655e-07
9059.0	3.2938189999999996e-07
9060.0	2.3476340000000002e-07
9061.0	1.4028139999999998e-07
9062.0	4.5935395e-08
9063.0	3.3443055e-08
9064.0	9.8583005e-08
9065.0	1.636285e-07
9066.0	2.285793e-07
9067.0	2.9343545e-07
9068.0	3.581969e-07
9069.0	4.2286345e-07
9070.0	4.874350500000001e-07
9071.0	5.519124e-07
9072.0	6.16295e-07
9072.999	6.6008725e-07
9074.0	6.8426585e-07
9075.0	7.0838445e-07
9076.0	7.324664000000001e-07
9077.0	7.565117499999999e-07
9078.001	7.8054435e-07
9079.0	8.044930500000001e-07
9080.0	8.284286499999999e-07
9081.0	8.524127999999999e-07
9082.0	8.763647e-07
9083.0	8.427795999999999e-07
9084.0	7.535362500000001e-07
9085.0	6.6440705e-07
9086.0	5.7539155e-07
9087.0	4.864901999999999e-07
9088.0	3.9770285e-07
9089.0	3.090301e-07
9090.0	2.2047185e-07
9091.0	1.3201560000000001e-07
9092.0	4.3691275e-08
9093.0	3.0553475000000004e-10
9094.0	8.9160975e-10
9094.999	1.476232e-09
9096.001	2.0616855e-09
9097.0	2.644545e-09
9098.0	3.22709e-09
9099.0	3.80875e-09
9100.0	4.3895245e-09
9101.0	4.969418000000001e-09
9102.0	5.5484265e-09
9103.0	5.3824845e-08
9103.999	1.492259e-07
9105.0	2.4466785e-07
9106.0	3.3987099999999996e-07
9107.0	4.349285e-07
9108.0	5.298402500000001e-07
9109.0	6.24606e-07
9110.0	7.192254e-07
9111.0	8.1370005e-07
9112.0	9.080283e-07
9113.0	9.070464e-07
9114.0	8.1097405e-07
9115.0	7.1504795e-07
9116.0	6.192686e-07
9117.0	5.2363605e-07
9118.0	4.281504e-07
9119.0	3.328117e-07
9120.0	2.376203e-07
9121.0	1.4257635e-07
9122.0	4.767971e-08
9123.0	9.086621e-12
9124.0	9.079539999999999e-12
9125.0	9.072456e-12
9126.0	9.065366500000001e-12
9127.0	9.058268500000001e-12
9128.0	9.051171e-12
9129.0	9.044065e-12
9130.0	9.0369575e-12
9131.0	9.0298545e-12
9132.0	9.0227505e-12
9133.0	9.015635e-12
9134.0	9.0085215e-12
9135.0	9.001400999999999e-12
9136.0	8.9942745e-12
9137.001	8.987138e-12
9138.0	8.980009e-12
9139.0	8.972870499999999e-12
9140.0	8.9657295e-12
9141.0	8.9585885e-12
9142.0	8.9514455e-12
9143.0	2.757957e-08
9144.0	8.364053500000001e-08
9145.0	1.396117e-07
9146.001	1.9554735e-07
9147.0	2.51284e-07
9148.0	3.0698515e-07
9149.0	3.625959e-07
9150.0	4.1811660000000004e-07
9151.0	4.7354725e-07
9152.0	5.288876e-07
9153.0	5.2965845e-07
9153.999	4.736567e-07
9155.0	4.1763535e-07
9156.0	3.617588e-07
9157.0	3.059727e-07
9158.0	2.5027655e-07
9159.001	1.946166e-07
9160.0	1.391557e-07
9161.0	8.3731155e-08
9162.0	2.8397125000000003e-08
9162.999	8.0512865e-09
9164.0	2.4617645e-08
9165.0	4.1140605e-08
9166.0	5.763629e-08
9167.0	7.410466e-08
9168.001	9.0561775e-08
9169.0	1.069594e-07
9170.0	1.2334580000000001e-07
9171.0	1.3970484999999998e-07
9171.999	1.5602065e-07
9173.0	1.5645245e-07
9174.0	1.3990195e-07
9175.0	1.2337865e-07
9176.0	1.0688275000000001e-07
9177.001	9.0398105e-08
9178.0	7.397295499999999e-08
9179.0	5.755914e-08
9180.0	4.1172795000000005e-08
9181.0	2.4816375e-08
9182.0	8.484181e-09
9183.0	2.0638244999999998e-08
9184.0	6.352724000000001e-08
9184.999	1.0631045e-07
9186.001	1.4915469999999998e-07
9187.0	1.9180955e-07
9188.0	2.344419e-07
9189.0	2.7700980000000003e-07
9190.0	3.1951309999999995e-07
9191.0	3.619163e-07
9192.0	4.0424655e-07
9193.0	4.0791405e-07
9193.999	3.6942855000000003e-07
9195.0	3.3093305e-07
9196.0	2.925404e-07
9197.0	2.5421315e-07
9198.0	2.159514e-07
9199.0	1.77755e-07
9200.0	1.3962415e-07
9201.0	1.0155245e-07
9202.0	6.355122500000001e-08
9203.0	4.1557664999999996e-08
9204.0	3.7161929999999996e-08
9205.0	3.277431e-08
9206.0	2.8394824999999998e-08
9207.0	2.4023475e-08
9208.0	1.9660255e-08
9209.0	1.530518e-08
9210.0	1.095825e-08
9211.0	6.6194875e-09
9212.0	2.2888749999999997e-09
9213.0	2.829719e-09
9214.0	8.7904035e-09
9215.0	1.4739804999999999e-08
9216.0	2.06779e-08
9217.0	2.660469e-08
9218.0	3.252017e-08
9219.0	3.8424315000000005e-08
9220.0	4.4317155000000005e-08
9221.0	5.0198695000000004e-08
9222.0	5.6068895e-08
9223.0	5.6373245e-08
9224.0	5.0412439999999996e-08
9225.0	4.4462945000000005e-08
9226.0	3.8524745e-08
9227.0	3.2597870000000003e-08
9228.0	2.668233e-08
9229.0	2.077812e-08
9230.0	1.4885264999999999e-08
9231.0	9.004152e-09
9232.0	3.1338865e-09
9233.0	2.3499970000000002e-08
9234.0	7.3756805e-08
9235.0	1.239202e-07
9236.001	1.7403890000000002e-07
9237.0	2.2396635e-07
9238.0	2.738489e-07
9239.0	3.2363765e-07
9240.0	3.733326e-07
9241.0	4.2293395e-07
9242.0	4.7244135e-07
9243.0	4.7550520000000006e-07
9243.999	4.253012e-07
9245.0	3.750927e-07
9246.0	3.250269e-07
9247.0	2.75055e-07
9248.0	2.2517695e-07
9249.001	1.7534425e-07
9250.0	1.257028e-07
9251.0	7.610698e-08
9252.0	2.6605300000000002e-08
9253.0	8.1222135e-12
9254.0	8.114456e-12
9255.0	8.1066935e-12
9256.0	8.098925e-12
9257.0	8.0911555e-12
9258.0	8.08338e-12
9259.0	8.075597e-12
9260.0	8.067811500000001e-12
9261.0	8.060026000000001e-12
9261.999	8.052243e-12
9263.0	8.806480499999999e-09
9264.0	2.794873e-08
9265.0	4.7053775e-08
9266.0	6.612160500000001e-08
9267.001	8.5170695e-08
9268.0	1.041454e-07
9269.0	1.2310135e-07
9270.0	1.420199e-07
9271.0	1.6090115e-07
9272.0	1.7974505e-07
9273.0	2.0066595e-07
9274.0	2.2406474999999998e-07
9274.999	2.473942e-07
9276.0	2.7072254999999996e-07
9277.0	2.9398140000000004e-07
9278.0	3.1719344999999996e-07
9279.0	3.403586e-07
9280.0	3.634769e-07
9281.0	3.8654869999999997e-07
9282.0	4.095736e-07
9283.0	4.0283860000000003e-07
9283.999	3.6033329999999995e-07
9285.0	3.178291e-07
9286.0	2.7545064999999997e-07
9287.0	2.3315635e-07
9288.0	1.909465e-07
9289.0	1.4882104999999998e-07
9290.0	1.0678015e-07
9291.0	6.482387e-08
9292.0	2.2952175e-08
9293.0	8.096324500000001e-09
9294.0	2.5997705e-08
9295.0	4.3862695e-08
9296.0	6.1691195e-08
9297.0	7.9483205e-08
9298.0	9.7238755e-08
9299.0	1.1495764999999999e-07
9300.0	1.326401e-07
9301.0	1.5030105e-07
9302.0	1.6792885e-07
9303.0	1.6961040000000002e-07
9304.0	1.517183e-07
9305.0	1.3385915e-07
9306.0	1.1603305e-07
9307.0	9.8239905e-08
9308.0	8.0479835e-08
9309.0	6.275286499999999e-08
9310.0	4.5059045e-08
9311.0	2.739568e-08
9312.0	9.769066000000001e-09
9313.0	2.7487064999999997e-08
9314.0	8.910177e-08
9315.0	1.5058715e-07
9316.0	2.1194305e-07
9317.0	2.731694e-07
9318.0	3.3426615e-07
9319.0	3.952329e-07
9320.0	4.5606995e-07
9321.0	5.167771e-07
9322.0	5.773538500000001e-07
9323.0	5.8377395e-07
9324.0	5.221515500000001e-07
9325.0	4.6065865e-07
9326.001	3.9923585e-07
9327.0	3.3806255e-07
9328.0	2.7695965e-07
9329.0	2.159867e-07
9330.0	1.551441e-07
9331.0	9.4431945e-08
9332.0	3.385027e-08
9333.0	6.9399855e-09
9333.999	2.2640405e-08
9335.0	3.833741e-08
9336.0	5.398499e-08
9337.0	6.959841500000001e-08
9338.0	8.517768e-08
9339.0	1.00722765e-07
9340.0	1.162336e-07
9341.0	1.317102e-07
9342.0	1.4715255e-07
9342.999	1.5917525e-07
9344.0	1.668481e-07
9345.0	1.7449605e-07
9346.0	1.8212654999999998e-07
9347.0	1.8973959999999998e-07
9348.001	1.973427e-07
9349.0	2.0491365e-07
9350.0	2.124743e-07
9351.0	2.2001785e-07
9351.999	2.2753634999999998e-07
9353.001	2.2460819999999998e-07
9354.0	2.08158e-07
9355.0	1.917279e-07
9355.999	1.7535005000000001e-07
9357.001	1.589604e-07
9358.0	1.42655e-07
9359.0	1.2636985e-07
9360.0	1.1012115e-07
9361.0	9.3908805e-08
9362.001	7.771709500000001e-08
9363.0	7.0579085e-08
9364.0	7.525973e-08
9364.999	7.992492e-08
9366.001	8.4592905e-08
9367.0	8.923631999999999e-08
9368.0	9.387333500000001e-08
9368.999	9.8494955e-08
9370.0	1.0311465000000001e-07
9371.001	1.077233e-07
9372.0	1.123121e-07
9373.0	1.0993565e-07
9373.999	9.835016e-08
9375.0	8.676858e-08
9376.0	7.5224825e-08
9377.0	6.3707655e-08
9377.999	5.2228245e-08
9379.0	4.0753035e-08
9380.001	2.9304505e-08
9381.0	1.7904935e-08
9382.0	6.520879500000001e-09
9383.0	1.2413595e-08
9384.0	4.1436315e-08
9385.0	7.0390565e-08
9386.0	9.9276295e-08
9386.999	1.280653e-07
9388.0	1.5684185e-07
9389.0	1.8552155e-07
9390.0	2.1413255e-07
9391.0	2.426748e-07
9392.0	2.7114810000000003e-07
9393.0	2.8685825e-07
9394.0	2.8529315e-07
9395.0	2.8373075e-07
9395.999	2.821727e-07
9397.0	2.8061434999999997e-07
9398.0	2.790602e-07
9399.0	2.775089e-07
9400.0	2.7596020000000003e-07
9401.0	2.7438554999999996e-07
9402.0	2.728141e-07
9403.0	2.603196e-07
9404.0	2.3284425000000002e-07
9405.0	2.0544074999999999e-07
9406.0	1.7810905e-07
9407.0	1.5084925e-07
9408.0	1.236615e-07
9408.999	9.6572035e-08
9410.0	6.9501725e-08
9411.0	4.252988e-08
9412.0	1.563013e-08
9413.0	7.981267e-09
9414.0	2.7023895e-08
9415.0	4.6015155e-08
9416.0	6.495505e-08
9417.0	8.3843485e-08
9417.999	1.0266215e-07
9419.0	1.2146605e-07
9420.0	1.4020015e-07
9421.0	1.5888275e-07
9422.0	1.7751375e-07
9423.0	1.8660485e-07
9424.0	1.823694e-07
9425.0	1.7814469999999998e-07
9426.0	1.7393084999999998e-07
9427.0	1.6972779999999999e-07
9428.0	1.655357e-07
9429.0	1.6135425e-07
9430.0	1.571838e-07
9431.0	1.530343e-07
9432.0	1.4889509999999998e-07
9433.0	1.4167885e-07
9434.0	1.301003e-07
9435.0	1.185519e-07
9436.0	1.0703375e-07
9437.0	9.554576e-08
9438.0	8.408802499999999e-08
9439.0	7.266054500000001e-08
9440.001	6.125222e-08
9441.0	4.9896410000000004e-08
9442.0	3.855982e-08
9443.0	3.2489895e-08
9444.0	3.3956375e-08
9445.0	3.541876e-08
9446.0	3.6877035e-08
9447.0	3.8331185e-08
9448.0	3.978124e-08
9449.0	4.1227155e-08
9450.0	4.2668955e-08
9451.0	4.4106645e-08
9452.0	4.554019e-08
9453.0	4.792815e-08
9454.0	5.170272e-08
9455.0	5.546666e-08
9456.0	5.922e-08
9457.0	6.2962705e-08
9458.0	6.669478499999999e-08
9459.0	7.0416195e-08
9460.0	7.412697999999999e-08
9461.0	7.7827125e-08
9462.001	8.152016e-08
9463.0	8.026905e-08
9464.0	7.180559e-08
9465.0	6.336553e-08
9466.0	5.494887e-08
9467.0	4.6555615e-08
9468.0	3.8185809999999994e-08
9469.0	2.9839434999999996e-08
9470.0	2.1516535e-08
9471.001	1.3209029999999999e-08
9472.0	4.9412135e-09
9473.0	5.6905635e-10
9474.0	1.964981e-09
9475.0	3.3569125e-09
9476.0	4.744845000000001e-09
9477.0	6.1287759999999996e-09
9478.0	7.508705e-09
9479.0	8.884628e-09
9480.001	1.0257885e-08
9481.0	1.162445e-08
9482.0	1.298833e-08
9483.0	1.523576e-08
9484.001	1.8812725e-08
9485.0	2.2372235000000002e-08
9486.0	2.5924735e-08
9487.0	2.946671e-08
9488.0	3.2998175e-08
9489.0	3.651913e-08
9490.0	4.0029554999999996e-08
9491.0	4.3529425e-08
9492.0	4.7018770000000005e-08
9493.001	4.7140245e-08
9494.0	4.2175445e-08
9495.0	3.722031e-08
9496.0	3.2279705e-08
9497.0	2.7353675e-08
9498.0	2.244219e-08
9499.0	1.7545275e-08
9500.0	1.2662945e-08
9501.0	7.798943000000001e-09
9502.001	2.9401545e-09
9503.0	2.7872295e-09
9504.0	9.843971500000001e-09
9505.0	1.6886165e-08
9506.001	2.3920625e-08
9507.0	3.0926805000000004e-08
9508.0	3.792525e-08
9508.999	4.490226e-08
9510.0	5.1878315e-08
9511.001	5.8839670000000003e-08
9512.0	6.577284e-08
9513.0	6.722069e-08
9513.999	6.0171315e-08
9515.001	5.3115900000000005e-08
9516.0	4.6095734999999996e-08
9517.0	3.908328e-08
9517.999	3.2092305e-08
9519.0	2.5102325e-08
9520.001	1.8127015e-08
9521.0	1.1179965e-08
9522.0	4.240783e-09
9522.999	1.3392185000000001e-08
9524.001	4.793641e-08
9525.0	8.230633e-08
9526.0	1.166365e-07
9526.999	1.5085969999999999e-07
9528.001	1.8510955e-07
9529.0	2.191857e-07
9530.0	2.5322159999999997e-07
9531.0	2.8718375e-07
9531.999	3.21039e-07
9533.001	3.2969075e-07
9534.0	2.983212e-07
9535.0	2.6698805e-07
9535.999	2.357524e-07
9537.001	2.0449215000000002e-07
9538.0	1.7339040000000001e-07
9539.0	1.423253e-07
9540.0	1.113274e-07
9540.999	8.042684e-08
9542.001	4.9503075e-08
9543.0	3.0077175e-08
9544.0	2.8926725e-08
9544.999	2.777982e-08
9546.001	2.6632e-08
9547.0	2.5489990000000002e-08
9548.0	2.4349285e-08
9548.999	2.321215e-08
9550.0	2.2075235e-08
9551.001	2.0940765e-08
9552.0	1.981096e-08
9553.0	1.837674e-08
9553.999	1.6451015e-08
9555.0	1.4525785000000001e-08
9556.0	1.2606675e-08
9557.0	1.069182e-08
9557.999	8.7830765e-09
9559.0	6.8748695e-09
9560.001	4.9709325e-09
9561.0	3.0749675e-09
9562.0	1.181416e-09
9562.999	5.6451205e-12
9564.0	5.6387230000000005e-12
9565.0	5.63233e-12
9566.0	5.625933499999999e-12
9566.999	5.6195405e-12
9568.0	5.613133e-12
9569.0	5.606727e-12
9570.0	5.6003185e-12
9571.0	5.5939065e-12
9572.0	5.587488e-12
9573.0	5.5810695e-12
9574.0	5.574646e-12
9575.0	5.5682210000000005e-12
9575.999	5.561797e-12
9577.0	5.5553594999999996e-12
9578.0	5.5489255e-12
9579.0	5.5424865e-12
9580.0	5.5360475e-12
9581.0	5.5296015e-12
9582.0	5.5231535e-12
9583.0	5.5167005e-12
9584.0	5.510246500000001e-12
9585.0	5.503789e-12
9586.0	5.4973284999999995e-12
9587.0	5.490865e-12
9588.0	5.484400500000001e-12
9588.999	5.4779375e-12
9590.0	5.47146e-12
9591.0	5.4649805e-12
9592.0	5.458499e-12
9593.0	5.4520155e-12
9594.0	5.445527e-12
9595.0	5.4390365e-12
9596.0	5.432543e-12
9597.0	5.4260465e-12
9597.999	5.4195565e-12
9599.0	5.413048000000001e-12
9600.0	5.4065444999999995e-12
9601.0	5.4003905e-12
9602.0	5.394237e-12
9603.0	8.145201500000001e-09
9604.0	3.027854e-08
9605.0	5.2361135e-08
9606.0	7.439295e-08
9607.0	9.637395e-08
9608.0	1.1830405e-07
9609.0	1.4018325e-07
9610.0	1.620115e-07
9611.0	1.8375055e-07
9612.0	2.0542959999999999e-07
9613.0	2.1109395e-07
9614.0	1.8893430000000002e-07
9615.0	1.6683475e-07
9616.0	1.447952e-07
9617.0	1.2281575e-07
9618.0	1.0089630000000001e-07
9619.0	7.9036965e-08
9620.001	5.7216485e-08
9621.0	3.550225e-08
9622.0	1.382241e-08
9623.0	5.2515660000000005e-12
9624.0	5.244795e-12
9625.0	5.2380205e-12
9626.0	5.231246e-12
9627.0	5.2244655e-12
9628.0	5.2176859999999995e-12
9629.0	5.2109005e-12
9630.0	5.2041155e-12
9631.0	5.197307e-12
9632.0	5.190498e-12
9633.0	5.1836855e-12
9634.0	5.176871e-12
9635.0	5.1700540000000005e-12
9636.0	5.163236e-12
9637.0	5.156414e-12
9638.0	5.14959e-12
9639.0	5.1427635e-12
9640.0	5.135935999999999e-12
9641.0	5.129099e-12
9642.001	5.122253e-12
9643.0	4.856384e-09
9644.0	1.8441814999999998e-08
9645.0	3.1990815e-08
9646.0	4.5503385e-08
9647.0	5.8979465e-08
9648.0	7.241908e-08
9649.0	8.5822215e-08
9650.0	9.918877e-08
9651.001	1.1253180000000001e-07
9652.0	1.2581225e-07
9653.0	1.3532185e-07
9654.0	1.3796194999999998e-07
9655.0	1.405943e-07
9656.0	1.4321890000000001e-07
9657.0	1.4583564999999998e-07
9658.0	1.4844465e-07
9659.0	1.510459e-07
9660.001	1.5364195e-07
9661.0	1.562249e-07
9662.0	1.588026e-07
9663.0	1.5477310000000002e-07
9664.001	1.3853085000000002e-07
9665.0	1.223646e-07
9666.0	1.062269e-07
9667.0	9.0133635e-08
9668.0	7.408476e-08
9669.0	5.8080355e-08
9670.0	4.212047e-08
9671.0	2.6205035e-08
9672.0	1.033416e-08
9673.001	2.6417045e-09
9674.0	1.01832e-08
9675.0	1.7710740000000002e-08
9676.0	2.5216925e-08
9677.0	3.2701745e-08
9678.0	4.0165195e-08
9679.0	4.760726e-08
9680.0	5.5027925e-08
9681.0	6.2427135e-08
9682.001	6.9812105e-08
9683.0	7.202015e-08
9684.0	6.4470275e-08
9685.0	5.694181e-08
9686.001	4.9427415e-08
9687.0	4.1949089999999996e-08
9688.0	3.448485e-08
9688.999	2.704931e-08
9690.0	1.9620705e-08
9691.001	1.2213575e-08
9692.0	4.8423685e-09
9693.0	4.7700245e-12
9693.999	4.763054999999999e-12
9695.001	4.7560595e-12
9696.0	4.749086999999999e-12
9697.0	4.742102e-12
9697.999	4.735123e-12
9699.0	4.728128e-12
9700.001	4.7211305e-12
9701.0	4.7141399999999995e-12
9702.0	4.70714e-12
9702.999	4.7001455000000006e-12
9704.001	4.693126500000001e-12
9705.0	4.686129e-12
9706.0	4.6791199999999996e-12
9706.999	4.672116e-12
9708.001	4.6650895e-12
9709.0	4.6580810000000005e-12
9710.0	4.6510635e-12
9711.0	4.644038e-12
9711.999	4.63702e-12
9713.001	6.5704965e-10
9714.0	2.5821035000000003e-09
9715.0	4.5031765e-09
9715.999	6.4165095e-09
9717.001	8.3295695e-09
9718.0	1.0231165e-08
9719.0	1.212874e-08
9720.0	1.4020444999999999e-08
9720.999	1.59044e-08
9722.001	1.7787975000000002e-08
9723.0	1.8389965e-08
9724.0	1.6462760000000003e-08
9724.999	1.4543305000000001e-08
9726.001	1.2624125000000001e-08
9727.0	1.0716435000000001e-08
9728.0	8.812768e-09
9728.999	6.9168445e-09
9730.0	5.0231125e-09
9731.001	3.1352855e-09
9732.0	1.2570394999999999e-09
9733.0	1.834232e-09
9733.999	7.3280290000000005e-09
9735.001	1.2820499999999999e-08
9736.0	1.8279515e-08
9737.0	2.3726455e-08
9737.999	2.9150675e-08
9739.0	3.4568045e-08
9740.001	3.9967955e-08
9741.0	4.533986e-08
9742.0	5.0699515e-08
9742.999	5.2477245e-08
9744.0	4.6972489999999996e-08
9745.0	4.149055e-08
9746.0	3.602606e-08
9746.999	3.058433e-08
9748.0	2.514946e-08
9749.0	1.9737354999999997e-08
9750.0	1.4342725e-08
9751.0	8.9655835e-09
9752.0	3.6059464999999997e-09
9753.0	5.6637855e-09
9754.0	2.297711e-08
9755.0	4.0233435000000003e-08
9755.999	5.7415935e-08
9757.0	7.4574935e-08
9758.0	9.166009e-08
9759.0	1.0868815e-07
9760.0	1.2565905e-07
9761.0	1.4257265000000002e-07
9762.0	1.5942905e-07
9763.0	1.6520635e-07
9764.0	1.4792575000000002e-07
9764.999	1.3071895e-07
9766.0	1.135356e-07
9767.0	9.6426185e-08
9768.0	7.9373795e-08
9768.999	6.239511e-08
9770.0	4.5440420000000003e-08
9771.0	2.8559425e-08
9772.0	1.173566e-08
9773.0	3.2271395e-10
9774.0	2.8931989999999996e-10
9775.0	2.560382e-10
9776.0	2.2286900000000002e-10
9777.0	1.8981215e-10
9777.999	1.5690015e-10
9779.0	1.240365e-10
9780.0	9.131760500000001e-11
9781.0	5.871133e-11
9782.0	2.6217915e-11
9783.0	1.082488e-09
9784.0	4.4619125e-09
9785.0	7.829502e-09
9786.0	1.1185250000000001e-08
9786.999	1.45259e-08
9788.0	1.7861209999999998e-08
9789.0	2.1181405e-08
9790.0	2.4489744999999998e-08
9791.0	2.778618e-08
9792.0	3.107074e-08
9793.0	3.4420945e-08
9794.0	3.792696e-08
9795.0	4.14202e-08
9796.0	4.490067e-08
9797.0	4.8368359999999996e-08
9798.0	5.1823275e-08
9799.0	5.5265374999999996e-08
9800.0	5.8694685e-08
9801.0	6.210751e-08
9802.0	6.550711999999999e-08
9803.0	6.5678985e-08
9804.0	5.8790899999999995e-08
9805.0	5.192831e-08
9806.0	4.5091194999999996e-08
9807.0	3.8279575e-08
9808.0	3.1493435e-08
9809.0	2.4732785e-08
9810.0	1.7997665e-08
9811.0	1.1288025e-08
9812.0	4.603915500000001e-09
9813.0	1.430633e-09
9814.0	6.027752e-09
9815.0	1.0607165e-08
9816.0	1.5168865000000002e-08
9817.0	1.9712845e-08
9818.0	2.4239105e-08
9819.0	2.8747645e-08
9820.0	3.3238455e-08
9821.0	3.7711490000000003e-08
9822.0	4.2166755e-08
9823.0	4.3823495e-08
9824.0	3.922668e-08
9825.0	3.464759e-08
9826.0	3.0086245e-08
9827.0	2.5542625000000002e-08
9828.0	2.101676e-08
9829.0	1.650864e-08
9830.0	1.2018275e-08
9831.001	7.541587e-09
9832.0	3.091043e-09
9833.0	3.76087e-12
9834.0	3.7534724999999996e-12
9835.0	3.746072e-12
9836.0	3.7386705e-12
9837.0	3.731268e-12
9838.0	3.723863e-12
9839.0	3.716455e-12
9840.001	3.709041e-12
9841.0	3.7016335e-12
9842.0	3.6942165e-12
9843.0	3.6867980000000005e-12
9844.0	3.6793775e-12
9845.0	3.6719555e-12
9846.0	3.664533e-12
9847.0	3.6571085e-12
9848.0	3.6496815e-12
9849.0	3.642253e-12
9850.0	3.634824e-12
9851.0	3.6273870000000002e-12
9852.0	3.6199475e-12
9853.001	4.190089e-10
9854.0	1.7994995e-09
9855.0	3.1756325e-09
9856.0	4.5460540000000005e-09
9857.0	5.9107615e-09
9858.0	7.269753500000001e-09
9859.0	8.623027e-09
9860.0	9.970582e-09
9861.0	1.13124e-08
9862.001	1.2649785e-08
9863.0	1.317318e-08
9864.0	1.179141e-08
9865.0	1.0415355e-08
9866.001	9.043684e-09
9867.0	7.680411e-09
9868.0	6.3215265e-09
9868.999	4.9696885e-09
9870.0	3.6209399999999997e-09
9871.001	2.2779315e-09
9872.0	9.432737e-10
9873.0	5.8372285e-09
9874.0	2.562815e-08
9875.001	4.535247e-08
9876.0	6.495258499999999e-08
9877.0	8.4486005e-08
9877.999	1.0391459999999999e-07
9879.0	1.2329525e-07
9880.001	1.4258965e-07
9881.0	1.6176034999999999e-07
9882.0	1.808638e-07
9882.999	1.9036424999999998e-07
9884.001	1.7661395e-07
9885.0	1.6296284999999999e-07
9886.0	1.4935745e-07
9886.999	1.3582415e-07
9888.001	1.223104e-07
9889.0	1.0889520000000001e-07
9890.0	9.552595000000001e-08
9891.0	8.221562499999999e-08
9891.999	6.8977345e-08
9893.001	5.780761e-08
9894.0	5.174502e-08
9895.0	4.570352e-08
9895.999	3.9694885000000005e-08
9897.001	3.369573e-08
9898.0	2.774116e-08
9899.0	2.1807785e-08
9900.0	1.5901475e-08
9900.999	1.0026857999999999e-08
9902.001	4.163434e-09
9903.0	2.439148e-09
9904.0	1.0954764999999999e-08
9904.999	1.942048e-08
9906.001	2.7869290000000003e-08
9907.0	3.6251785e-08
9908.0	4.460085e-08
9908.999	5.290017e-08
9910.0	6.1174055e-08
9911.001	6.941353e-08
9912.0	7.759706999999999e-08
9913.0	8.102689e-08
9913.999	7.252523999999999e-08
9915.001	6.4038595e-08
9916.0	5.5616680000000005e-08
9917.0	4.7226344999999996e-08
9917.999	3.8884055e-08
9919.0	3.056541e-08
9920.001	2.228676e-08
9921.0	1.406413e-08
9922.0	5.8734145e-09
9922.999	3.0832715e-12
9924.0	3.075686e-12
9925.0	3.068106e-12
9926.0	3.060524e-12
9926.999	3.0529495e-12
9928.0	3.045359e-12
9929.0	3.0377725e-12
9930.0	3.030185e-12
9931.0	3.0225915e-12
9932.0	3.0149965e-12
9933.0	4.601104e-10
9934.0	2.1029310000000002e-09
9935.0	3.7374225000000005e-09
9935.999	5.361998e-09
9937.0	6.9814065e-09
9938.0	8.590894e-09
9939.0	1.01920465e-08
9940.0	1.1784860000000001e-08
9941.0	1.3369305e-08
9942.0	1.4945395e-08
9943.0	1.6408575e-08
9944.0	1.758816e-08
9944.999	1.876022e-08
9946.0	1.99282e-08
9947.0	2.108865e-08
9948.0	2.2242724999999998e-08
9948.999	2.3389295e-08
9950.0	2.4531715e-08
9951.0	2.5666584999999998e-08
9952.0	2.6795055e-08
9953.0	2.6840460000000002e-08
9954.0	2.401795e-08
9955.0	2.1210195000000002e-08
9956.0	1.8417185e-08
9957.0	1.5638915e-08
9957.999	1.2878095e-08
9959.0	1.0126649e-08
9960.0	7.3926575000000004e-09
9961.0	4.6734189999999995e-09
9962.0	1.968961e-09
9963.0	2.7786775e-12
9964.0	2.7710255e-12
9965.0	2.7633699999999998e-12
9966.0	2.755715e-12
9966.999	2.7480645e-12
9968.0	2.7403995e-12
9969.0	2.7327395e-12
9970.0	2.7250795e-12
9971.0	2.7174115e-12
9972.0	2.7097435e-12
9973.0	2.7020735e-12
9974.0	2.6944035e-12
9975.0	2.6867305e-12
9976.0	2.6790585e-12
9977.0	2.6713825e-12
9978.0	2.6637080000000002e-12
9979.0	2.65603e-12
9980.0	2.6483519999999997e-12
9981.0	2.640667e-12
9982.0	2.632981e-12
9983.0	2.625294e-12
9984.0	2.617605e-12
9985.0	2.609916e-12
9986.0	2.6022255e-12
9987.0	2.5945325e-12
9988.0	2.58684e-12
9988.999	2.5791535e-12
9990.0	2.5714495e-12
9991.0	2.563747e-12
9992.0	2.5560445e-12
9993.0	2.5483395e-12
9994.0	2.5406335e-12
9995.0	2.532927e-12
9996.0	2.52522e-12
9997.0	2.5175105e-12
9998.0	2.5098005e-12
9999.0	2.502089e-12
10000.0	2.494376e-12
10001.0	2.4885594999999998e-12
10002.0	2.4827420000000003e-12
10003.0	2.4769255e-12
10004.0	2.471109e-12
10005.0	2.4652924999999997e-12
10006.0	2.459476e-12
10007.0	2.45366e-12
10008.0	2.4478439999999997e-12
10009.0	2.4420284999999998e-12
10010.0	2.436213e-12
10011.0	2.430388e-12
10012.0	2.4245745e-12
10013.0	2.4187555e-12
10014.0	2.4129365e-12
10015.0	2.407117e-12
10016.0	2.4012995e-12
10017.0	2.395481e-12
10018.0	2.3896630000000003e-12
10019.0	2.3838455e-12
10020.0	2.3780205000000003e-12
10021.0	2.3722055e-12
10022.0	2.366384e-12
10023.0	8.6258565e-11
10024.0	4.169331e-10
10025.0	7.4597185e-10
10026.0	1.0733745e-09
10027.0	1.399142e-09
10028.0	1.7232734999999999e-09
10029.0	2.0457695e-09
10030.0	2.366631e-09
10031.0	2.6855615e-09
10032.0	3.002786e-09
10033.0	6.1198915e-09
10034.0	1.7547235e-08
10035.0	2.892524e-08
10036.0	4.0242715e-08
10037.0	5.1499685e-08
10038.0	6.269613500000001e-08
10039.0	7.383214499999999e-08
10040.0	8.490772e-08
10041.0	9.593310999999999e-08
10042.0	1.0691109999999999e-07
10043.0	1.1218255e-07
10044.0	1.0042137e-07
10045.0	8.871985499999999e-08
10046.0	7.707807e-08
10047.0	6.5495955e-08
10048.0	5.397351e-08
10049.0	4.252193e-08
10050.0	3.1107690000000003e-08
10051.0	1.9753205e-08
10052.0	8.480533e-09
10053.0	2.1835225e-12
10054.0	2.1777045e-12
10055.0	2.1718804999999997e-12
10056.0	2.166068e-12
10057.0	2.1602515000000003e-12
10058.0	2.1544404999999997e-12
10059.0	2.1486175e-12
10060.0	2.142795e-12
10061.0	2.1369815e-12
10062.0	2.1311620000000003e-12
10063.0	1.442146e-10
10064.0	7.3241655e-10
10065.0	1.3156755e-09
10066.0	1.896281e-09
10067.0	2.473099e-09
10068.0	3.047817e-09
10069.0	3.618748e-09
10070.0	4.1864575000000005e-09
10071.0	4.750933499999999e-09
10072.0	5.311639500000001e-09
10073.0	5.5943715e-09
10074.0	5.0079285e-09
10075.0	4.4241345e-09
10076.0	3.8441325000000004e-09
10077.0	3.2656625e-09
10078.0	2.6921065000000003e-09
10079.0	2.121215e-09
10080.0	1.5535470000000002e-09
10081.0	9.896508e-10
10082.0	4.273353e-10
10083.0	2.0089784999999997e-12
10084.0	2.0031605e-12
10085.0	1.9973480000000002e-12
10086.0	1.991519e-12
10087.0	1.9857065e-12
10088.0	1.9798895e-12
10089.0	1.974078e-12
10090.0	1.9682565e-12
10091.0	1.9624315000000002e-12
10092.0	1.9566185e-12
10093.0	1.0516205e-09
10094.0	5.509371000000001e-09
10095.0	9.953418e-09
10096.0	1.4357775e-08
10097.0	1.873975e-08
10098.0	2.3090775e-08
10099.0	2.742358e-08
10100.0	3.1729624999999997e-08
10101.0	3.600057e-08
10102.0	4.0248975e-08
10103.0	4.2463775e-08
10104.0	3.7997205e-08
10105.0	3.3561735e-08
10106.0	2.9152975000000002e-08
10107.0	2.47752e-08
10108.0	2.0415595000000002e-08
10109.0	1.6086959999999998e-08
10110.0	1.1785035e-08
10111.0	7.509793500000001e-09
10112.0	3.2612625000000003e-09
10113.0	1.300459e-09
10114.0	6.961194e-09
10115.0	1.25859e-08
10116.0	1.816914e-08
10117.0	2.3727235e-08
10118.0	2.924388e-08
10119.0	3.4724505000000006e-08
10120.0	4.016912e-08
10121.0	4.557267e-08
10122.0	5.0939005e-08
10123.0	5.37863e-08
10124.0	4.8122049999999995e-08
10125.0	4.250051e-08
10126.0	3.690528e-08
10127.0	3.135274e-08
10128.0	2.583739e-08
10129.0	2.0359249999999997e-08
10130.0	1.4918279999999998e-08
10131.0	9.5155025e-09
10132.0	4.1487075e-09
10133.0	1.716307e-12
10134.0	1.710501e-12
10135.0	1.704696e-12
10136.0	1.6988905e-12
10137.0	1.6930855e-12
10138.0	1.6872865000000002e-12
10139.0	1.6814765e-12
10140.0	1.6756740000000002e-12
10141.0	1.6698675e-12
10142.0	1.664064e-12
10143.0	1.658259e-12
10144.0	1.652455e-12
10145.0	1.6466509999999998e-12
10146.0	1.6408485000000002e-12
10147.0	1.635051e-12
10148.0	1.6292430000000001e-12
10149.0	1.623441e-12
10150.0	1.61764e-12
10151.0	1.6118374999999999e-12
10152.0	1.6060349999999998e-12
10153.0	1.6002335e-12
10154.0	1.594432e-12
10155.0	1.588631e-12
10156.0	1.5828309999999998e-12
10157.0	1.577031e-12
10158.0	1.5712325e-12
10159.0	1.5654329999999998e-12
10160.0	1.559635e-12
10161.0	1.553834e-12
10162.0	1.5480349999999999e-12
10163.0	1.5422365e-12
10164.0	1.5364375e-12
10165.0	1.5306389999999999e-12
10166.0	1.5248415e-12
10167.0	1.5190445000000001e-12
10168.0	1.5132479999999999e-12
10169.0	1.5074465e-12
10170.0	1.501657e-12
10171.0	1.4958589999999999e-12
10172.0	1.490062e-12
10173.0	1.484266e-12
10174.0	1.4784695e-12
10175.0	1.4726745e-12
10176.0	1.46688e-12
10177.0	1.4610855e-12
10178.0	1.4552919999999999e-12
10179.0	1.449499e-12
10180.0	1.443706e-12
10181.0	1.4379125000000001e-12
10182.0	1.4321195e-12
10183.0	1.426327e-12
10184.0	1.4205349999999999e-12
10185.0	1.4147435e-12
10186.0	1.408953e-12
10187.0	1.4031615e-12
10188.0	1.397372e-12
10189.0	1.3915825e-12
10190.0	1.385794e-12
10191.0	1.379998e-12
10192.0	1.374214e-12
10193.0	1.3684245000000001e-12
10194.0	1.3626365e-12
10195.0	1.356848e-12
10196.0	1.3510609999999999e-12
10197.0	1.3452735e-12
10198.0	1.3394869999999999e-12
10199.0	1.333701e-12
10200.0	1.327912e-12
10201.0	1.3243085e-12
10202.0	1.3207025e-12
10203.0	1.3170980000000002e-12
10204.0	1.313494e-12
10205.0	1.3098915e-12
10206.0	1.3062905e-12
10207.0	1.3026895e-12
10208.0	1.2990899999999999e-12
10209.0	1.295488e-12
10210.0	1.291894e-12
10211.0	1.288439e-12
10212.0	1.2849845e-12
10213.0	1.2815275e-12
10214.0	1.2780775e-12
10215.0	1.2746235e-12
10216.0	1.2711709999999999e-12
10217.0	1.2677185000000001e-12
10218.0	1.264266e-12
10219.0	1.260814e-12
10220.0	1.257362e-12
10221.0	1.253909e-12
10222.0	1.250453e-12
10223.0	1.2470040000000001e-12
10224.0	1.2435515e-12
10225.0	1.2401e-12
10226.0	1.2366495000000001e-12
10227.0	1.2331985e-12
10228.0	1.2297480000000001e-12
10229.0	1.2262975e-12
10230.0	1.222848e-12
10231.0	1.2193935000000001e-12
10232.0	1.215946e-12
10233.0	1.212496e-12
10234.0	1.209046e-12
10235.0	1.2055935e-12
10236.0	1.2021475e-12
10237.0	1.198699e-12
10238.0	1.1952535e-12
10239.0	1.191802e-12
10240.0	1.1883515e-12
10241.0	1.1849060000000002e-12
10242.0	1.1814574999999999e-12
10243.0	1.178013e-12
10244.0	1.174559e-12
10245.0	1.1711145e-12
10246.0	1.1676675e-12
10247.0	1.1642245e-12
10248.0	1.1607755e-12
10249.0	1.157326e-12
10250.0	1.1538835e-12
10251.0	1.1504380000000002e-12
10252.0	1.1469955e-12
10253.0	1.143543e-12
10254.0	1.1401015e-12
10255.0	1.1366565e-12
10256.0	1.133216e-12
10257.0	1.1297645e-12
10258.0	1.1263245000000002e-12
10259.0	1.122881e-12
10260.0	1.1194385e-12
10261.0	1.1159974999999999e-12
10262.0	1.1125475e-12
10263.0	4.1373649999999995e-11
10264.0	2.5421335000000003e-10
10265.0	4.6552125e-10
10266.0	6.7611995e-10
10267.0	8.8477735e-10
10268.0	1.0923145000000001e-09
10269.0	1.2985254999999999e-09
10270.0	1.5032139999999999e-09
10271.0	1.7069810000000001e-09
10272.0	1.908782e-09
10273.0	2.0330185e-09
10274.0	1.8202030000000001e-09
10275.0	1.60814e-09
10276.0	1.398069e-09
10277.0	1.189163e-09
10278.0	9.818299e-10
10279.0	7.754631e-10
10280.0	5.704683e-10
10281.0	3.672817e-10
10282.0	1.652193e-10
10283.0	1.0391515e-12
10284.0	1.0357149999999999e-12
10285.0	1.032282e-12
10286.0	1.0288495000000001e-12
10287.0	1.025421e-12
10288.0	1.0219855e-12
10289.0	1.0185505e-12
10290.0	1.0151234999999998e-12
10291.0	1.0116915e-12
10292.0	1.0082642e-12
10293.0	1.0048299e-12
10294.0	1.0013994e-12
10295.0	9.979698e-13
10296.0	9.945429e-13
10297.0	9.911105e-13
10298.0	9.876818e-13
10299.0	9.842534e-13
10300.0	9.808255999999999e-13
10301.0	9.773971499999998e-13
10302.0	9.739694e-13
10303.0	9.705418499999999e-13
10304.0	9.6711425e-13
10305.0	9.636908e-13
10306.0	9.6026115e-13
10307.0	9.568352499999999e-13
10308.0	9.534096e-13
10309.0	9.4998435e-13
10310.0	9.4656035e-13
10311.0	9.431347000000001e-13
10312.0	9.3971015e-13
10313.0	9.3628555e-13
10314.0	9.328616499999999e-13
10315.0	9.294384e-13
10316.0	9.260153999999999e-13
10317.0	9.225925e-13
10318.0	9.1917345e-13
10319.0	9.1574825e-13
10320.0	9.12327e-13
10321.0	9.089048500000001e-13
10322.0	9.054830499999999e-13
10323.0	9.02062e-13
10324.0	8.986414e-13
10325.0	8.9522115e-13
10326.0	8.918013500000001e-13
10327.0	8.8838515e-13
10328.0	8.8496245e-13
10329.0	8.815438000000001e-13
10330.0	8.7812595e-13
10331.0	8.747073e-13
10332.0	8.712894000000001e-13
10333.0	6.2169145e-10
10334.0	4.279478e-09
10335.0	7.908337e-09
10336.0	1.150826e-08
10337.0	1.5079260000000002e-08
10338.0	1.862135e-08
10339.0	2.213452e-08
10340.0	2.5618800000000002e-08
10341.0	2.9070859999999998e-08
10342.0	3.2493265e-08
10343.0	3.471424e-08
10344.0	3.1053820000000004e-08
10345.0	2.7423125e-08
10346.0	2.382215e-08
10347.0	2.025087e-08
10348.0	1.6709285000000002e-08
10349.0	1.3193945000000001e-08
10350.0	9.715103000000001e-09
10351.0	6.2631825e-09
10352.0	2.8401225000000003e-09
10353.0	7.986989e-13
10354.0	7.952927000000001e-13
10355.0	7.9188705e-13
10356.0	7.8848215e-13
10357.0	7.850775e-13
10358.0	7.8167365e-13
10359.0	7.7826955e-13
10360.0	7.748663e-13
10361.0	7.714622999999999e-13
10362.0	7.680595e-13
10363.0	7.64657e-13
10364.0	7.6125455e-13
10365.0	7.578528e-13
10366.0	7.544513500000001e-13
10367.0	7.510503999999999e-13
10368.0	7.476504e-13
10369.0	7.442503e-13
10370.0	7.408508999999999e-13
10371.0	7.374479000000001e-13
10372.0	7.340517e-13
10373.0	8.6817065e-11
10374.0	6.280331999999999e-10
10375.0	1.1641885e-09
10376.0	1.695284e-09
10377.0	2.2213194999999998e-09
10378.0	2.7422975e-09
10379.0	3.2582185e-09
10380.0	3.7695795e-09
10381.0	4.2748905e-09
10382.0	4.7756445e-09
10383.0	5.326381e-09
10384.0	6.167275e-09
10385.0	6.9996835e-09
10386.0	7.823614499999999e-09
10387.0	8.639061999999999e-09
10388.0	9.446032000000001e-09
10389.0	1.0245305000000001e-08
10390.0	1.1034555e-08
10391.0	1.1816085e-08
10392.0	1.258915e-08
10393.0	1.302262e-08
10394.0	1.1641905e-08
10395.0	1.0273365e-08
10396.0	8.9183605e-09
10397.0	7.576880499999999e-09
10398.0	6.2489275e-09
10399.0	4.9344965e-09
10400.0	3.6335855e-09
10401.0	2.3520345e-09
10402.0	1.0764405e-09
10403.0	3.9741985e-10
10404.0	3.0271515e-09
10405.0	5.6418805e-09
10406.0	8.2416155e-09
10407.0	1.0826365e-08
10408.0	1.3396130000000001e-08
10409.0	1.595092e-08
10410.0	1.8490755e-08
10411.0	2.1020464999999998e-08
10412.0	2.3530885e-08
10413.0	2.5583885e-08
10414.0	2.5056675e-08
10415.0	2.453151e-08
10416.0	2.400995e-08
10417.0	2.3490440000000002e-08
10418.0	2.2974005e-08
10419.0	2.2459145e-08
10420.0	2.194685e-08
10421.0	2.143811e-08
10422.0	2.0931430000000002e-08
10423.0	2.0197475e-08
10424.0	1.8092585e-08
10425.0	1.6005665e-08
10426.0	1.3928505e-08
10427.0	1.1865159999999999e-08
10428.0	9.8096035e-09
10429.0	7.765873e-09
10430.0	5.737917e-09
10431.0	3.71977e-09
10432.0	1.715374e-09
10433.0	4.651002e-12
10434.0	3.306831e-11
10435.0	6.1344345e-11
10436.0	8.9423855e-11
10437.0	1.1741625000000001e-10
10438.0	1.451579e-10
10439.0	1.727576e-10
10440.0	2.0018845e-10
10441.0	2.2742365e-10
10442.0	2.5456945e-10
10443.0	3.764556e-10
10444.0	1.0858215e-09
10445.0	1.7901544999999998e-09
10446.0	2.492197e-09
10447.0	3.1878445000000002e-09
10448.0	3.879829999999999e-09
10449.0	4.5674715e-09
10450.0	5.2501075e-09
10451.0	5.92971e-09
10452.0	6.602832999999999e-09
10453.0	7.0795905e-09
10454.0	6.3420915e-09
10455.0	5.607119e-09
10456.0	4.878969e-09
10457.0	4.154779500000001e-09
10458.0	3.4359615e-09
10459.0	2.7204124999999997e-09
10460.0	2.0095380000000003e-09
10461.0	1.3048595e-09
10462.0	6.039914499999999e-10
10463.0	3.9947389999999994e-12
10464.0	3.0041694999999997e-11
10465.0	5.584355e-11
10466.0	8.1501695e-11
10467.0	1.0696609999999999e-10
10468.0	1.3231115e-10
10469.0	1.5748705e-10
10470.0	1.824451e-10
10471.0	2.072588e-10
10472.0	2.318796e-10
10473.0	2.4977165e-10
10474.0	2.23772e-10
10475.0	1.9794135e-10
10476.0	1.723045e-10
10477.0	1.467866e-10
10478.0	1.2146245000000002e-10
10479.0	9.6307125e-11
10480.0	7.1320545e-11
10481.0	4.6502595e-11
10482.0	2.185334e-11
10483.0	1.3499654999999999e-10
10484.0	1.182273e-09
10485.0	2.2212755e-09
10486.0	3.255041e-09
10487.0	4.2805365e-09
10488.0	5.2987775e-09
10489.0	6.309759e-09
10490.0	7.3134905e-09
10491.0	8.309965e-09
10492.0	9.2991885e-09
10493.0	1.00254245e-08
10494.0	8.979268e-09
10495.0	7.938332000000001e-09
10496.0	6.905671e-09
10497.0	5.880260500000001e-09
10498.0	4.8630935e-09
10499.0	3.8511960000000005e-09
10500.0	2.8475365e-09
10501.0	1.8509095e-09
10502.0	8.617551e-10
10503.0	4.6061435e-13
10504.0	4.5885725e-13
10505.0	4.5710095e-13
10506.0	4.5534535e-13
10507.0	4.535922e-13
10508.0	4.51836e-13
10509.0	4.5008225e-13
10510.0	4.4832940000000003e-13
10511.0	4.4662835e-13
10512.0	4.449277e-13
10513.0	4.4322705000000003e-13
10514.0	4.4152689999999997e-13
10515.0	4.3982705e-13
10516.0	4.38129e-13
10517.0	4.36428e-13
10518.0	4.347288e-13
10519.0	4.3302989999999997e-13
10520.0	4.3133144999999997e-13
10521.0	4.2963299999999997e-13
10522.0	4.2793435e-13
10523.0	4.262365e-13
10524.0	4.2453884999999997e-13
10525.0	4.228415e-13
10526.0	4.211443e-13
10527.0	4.1944745000000004e-13
10528.0	4.177507e-13
10529.0	4.160543e-13
10530.0	4.143583e-13
10531.0	4.1266224999999997e-13
10532.0	4.1096655e-13
10533.0	1.1380955e-10
10534.0	1.0933435e-09
10535.0	2.064729e-09
10536.0	3.027963e-09
10537.0	3.9830515e-09
10538.0	4.929998e-09
10539.0	5.8688e-09
10540.0	6.7994630000000006e-09
10541.0	7.721980999999999e-09
10542.0	8.636368e-09
10543.0	9.3825975e-09
10544.0	8.8626955e-09
10545.0	8.346956000000001e-09
10546.0	7.835374499999999e-09
10547.0	7.3279515e-09
10548.0	6.8246865e-09
10549.0	6.325575e-09
10550.0	5.8306225e-09
10551.0	5.339203499999999e-09
10552.0	4.852048e-09
10553.0	4.3802035000000005e-09
10554.0	4.002038500000001e-09
10555.0	3.6272005000000002e-09
10556.0	3.255687e-09
10557.0	2.8874975000000002e-09
10558.0	2.522629e-09
10559.0	2.1610795e-09
10560.0	1.802499e-09
10561.0	1.4480985e-09
10562.0	1.0965825e-09
10563.0	7.9545355e-10
10564.0	8.870903e-10
10565.0	9.7782635e-10
10566.0	1.067661e-09
10567.0	1.156595e-09
10568.0	1.2446295e-09
10569.0	1.331847e-09
10570.0	1.417995e-09
10571.0	1.5033275e-09
10572.0	1.58776e-09
10573.0	1.6444755e-09
10574.0	1.4712545e-09
10575.0	1.2995020000000001e-09
10576.0	1.129388e-09
10577.0	9.609128499999998e-10
10578.0	7.940752e-10
10579.0	6.288747e-10
10580.0	4.6531175000000006e-10
10581.0	3.033851e-10
10582.0	1.4293895e-10
10583.0	3.2445915000000003e-13
10584.0	3.2277915e-13
10585.0	3.210994e-13
10586.0	3.1942005e-13
10587.0	3.1774079999999997e-13
10588.0	3.1606189999999995e-13
10589.0	3.143833e-13
10590.0	3.1270500000000003e-13
10591.0	3.1102525e-13
10592.0	3.093491e-13
10593.0	3.076715e-13
10594.0	3.0599445e-13
10595.0	3.0431575000000003e-13
10596.0	3.0264075000000004e-13
10597.0	3.009643e-13
10598.0	2.9928985000000004e-13
10599.0	2.9761225e-13
10600.0	2.95936e-13
10601.0	2.9522015e-13
10602.0	2.9450385e-13
10603.0	2.937886e-13
10604.0	2.9307145e-13
10605.0	2.9235664999999996e-13
10606.0	2.916415e-13
10607.0	2.9092725e-13
10608.0	2.9021195e-13
10609.0	2.8949685000000003e-13
10610.0	2.8878355000000004e-13
10611.0	2.8810330000000004e-13
10612.0	2.87424e-13
10613.0	7.213560500000001e-11
10614.0	8.357929e-10
10615.0	1.5965645e-09
10616.0	2.3529675e-09
10617.0	3.1079475000000002e-09
10618.0	3.8570935e-09
10619.0	4.6033425e-09
10620.0	5.345965e-09
10621.0	6.0842400000000005e-09
10622.0	6.8210425e-09
10623.0	7.417614e-09
10624.0	6.6531384999999996e-09
10625.0	5.8930339999999995e-09
10626.0	5.1343385e-09
10627.0	4.381488e-09
10628.0	3.6315274999999998e-09
10629.0	2.885192e-09
10630.0	2.1432065000000002e-09
10631.0	1.402678e-09
10632.0	6.679361e-10
10633.0	2.7317109999999996e-13
10634.0	2.724945e-13
10635.0	2.7181595000000003e-13
10636.0	2.7113955e-13
10637.0	2.7046264999999996e-13
10638.0	2.697864e-13
10639.0	2.69109e-13
10640.0	2.6843180000000003e-13
10641.0	2.677246e-13
10642.0	2.67017e-13
10643.0	2.6631029999999997e-13
10644.0	2.6560185e-13
10645.0	2.648957e-13
10646.0	2.6418915e-13
10647.0	2.6348365e-13
10648.0	2.62777e-13
10649.0	2.620706e-13
10650.0	2.613659e-13
10651.0	2.6069139999999997e-13
10652.0	2.6001759999999996e-13
10653.0	2.5934285e-13
10654.0	2.5866865e-13
10655.0	2.5799475e-13
10656.0	2.5732139999999996e-13
10657.0	2.5664715e-13
10658.0	2.559735e-13
10659.0	2.5530004999999996e-13
10660.0	2.5462675e-13
10661.0	2.539534e-13
10662.0	2.5328035e-13
10663.0	1.9070524999999998e-11
10664.0	2.5338915000000003e-10
10665.0	4.8622895e-10
10666.0	7.1827165e-10
10667.0	9.488358500000001e-10
10668.0	1.1781500000000001e-09
10669.0	1.406214e-09
10670.0	1.633029e-09
10671.0	1.858593e-09
10672.0	2.0829075e-09
10673.0	2.2706805e-09
10674.0	2.03659e-09
10675.0	1.8032945e-09
10676.0	1.5714765e-09
10677.0	1.3409085e-09
10678.0	1.1118135e-09
10679.0	8.835204e-10
10680.0	6.566996e-10
10681.0	4.311269e-10
10682.0	2.068024e-10
10683.0	2.3917430000000004e-13
10684.0	2.3850405e-13
10685.0	2.3783385e-13
10686.0	2.371637e-13
10687.0	2.3649445e-13
10688.0	2.3582394999999996e-13
10689.0	2.351542e-13
10690.0	2.3448465e-13
10691.0	2.3378754999999996e-13
10692.0	2.3309075e-13
10693.0	2.323943e-13
10694.0	2.3169795e-13
10695.0	2.3100205e-13
10696.0	2.303071e-13
10697.0	2.296109e-13
10698.0	2.289158e-13
10699.0	2.28221e-13
10700.0	2.2752645e-13
10701.0	2.2685899999999998e-13
10702.0	2.2619165e-13
10703.0	2.2552454999999998e-13
10704.0	2.248574e-13
10705.0	2.2419055e-13
10706.0	2.2352374999999998e-13
10707.0	2.2285715e-13
10708.0	2.2219055e-13
10709.0	2.2152415e-13
10710.0	2.2085795e-13
10711.0	2.2019175e-13
10712.0	2.1952585e-13
10713.0	2.1885989999999998e-13
10714.0	2.1819405000000002e-13
10715.0	2.1752855e-13
10716.0	2.168631e-13
10717.0	2.1619775e-13
10718.0	2.1553304999999999e-13
10719.0	2.1486729999999998e-13
10720.0	2.1420235e-13
10721.0	2.1353745e-13
10722.0	2.128727e-13
10723.0	8.2965945e-13
10724.0	1.052382e-11
10725.0	2.015708e-11
10726.0	2.9729445e-11
10727.0	3.9240950000000004e-11
10728.0	4.8691579999999996e-11
10729.0	5.808139e-11
10730.0	6.7410405e-11
10731.0	7.666947e-11
10732.0	8.5865585e-11
10733.0	9.3858115e-11
10734.0	8.4156165e-11
10735.0	7.451735e-11
10736.0	6.4941535e-11
10737.0	5.5428805e-11
10738.0	4.5979065e-11
10739.0	3.6592285e-11
10740.0	2.7259365e-11
10741.0	1.8009615000000002e-11
10742.0	8.811447e-12
10743.0	1.9870605e-13
10744.0	1.9804495e-13
10745.0	1.973839e-13
10746.0	1.9672295e-13
10747.0	1.9606225e-13
10748.0	1.954016e-13
10749.0	1.947403e-13
10750.0	1.940807e-13
10751.0	1.9342035e-13
10752.0	1.927603e-13
10753.0	1.9210035e-13
10754.0	1.9144055e-13
10755.0	1.9078075e-13
10756.0	1.9012115e-13
10757.0	1.8946174999999998e-13
10758.0	1.8880245000000001e-13
10759.0	1.881432e-13
10760.0	1.8748415e-13
10761.0	1.868252e-13
10762.0	1.8616575e-13
10763.0	1.855078e-13
10764.0	1.848492e-13
10765.0	1.841908e-13
10766.0	1.8353245e-13
10767.0	1.8287424999999999e-13
10768.0	1.822163e-13
10769.0	1.8155830000000001e-13
10770.0	1.809006e-13
10771.0	1.8022070000000001e-13
10772.0	1.7954239999999998e-13
10773.0	1.788638e-13
10774.0	1.7818535000000001e-13
10775.0	1.7750725e-13
10776.0	1.768294e-13
10777.0	1.761518e-13
10778.0	1.754752e-13
10779.0	1.7479755000000002e-13
10780.0	1.7412025e-13
10781.0	1.7346535e-13
10782.0	1.7280985e-13
10783.0	1.7215455e-13
10784.0	1.7149875e-13
10785.0	1.7084435e-13
10786.0	1.7018935e-13
10787.0	1.695352e-13
10788.0	1.6887985e-13
10789.0	1.682246e-13
10790.0	1.675708e-13
10791.0	1.6691645e-13
10792.0	1.6626295e-13
10793.0	1.656077e-13
10794.0	1.649544e-13
10795.0	1.643006e-13
10796.0	1.636476e-13
10797.0	1.6299285e-13
10798.0	1.6234e-13
10799.0	1.6168674999999998e-13
10800.0	1.6103359999999998e-13
10801.0	1.6053709999999998e-13
10802.0	1.6003935000000002e-13
10803.0	1.5954305e-13
10804.0	1.590464e-13
10805.0	1.5855029999999999e-13
10806.0	1.580529e-13
10807.0	1.5755700000000002e-13
10808.0	1.5706075000000002e-13
10809.0	1.565646e-13
10810.0	1.56069e-13
10811.0	1.5555335e-13
10812.0	1.5503945e-13
10813.0	1.5452524999999998e-13
10814.0	1.5401175e-13
10815.0	1.5349695e-13
10816.0	1.5298385e-13
10817.0	1.524705e-13
10818.0	1.5195779999999998e-13
10819.0	1.5144440000000002e-13
10820.0	1.509311e-13
10821.0	1.5043730000000002e-13
10822.0	1.4994305e-13
10823.0	1.494494e-13
10824.0	1.489544e-13
10825.0	1.4846095e-13
10826.0	1.4796710000000002e-13
10827.0	1.4747384999999998e-13
10828.0	1.469797e-13
10829.0	1.4648565e-13
10830.0	1.4599265e-13
10831.0	1.4549929999999999e-13
10832.0	1.450066e-13
10833.0	1.4451295e-13
10834.0	1.4401985e-13
10835.0	1.43527e-13
10836.0	1.430346e-13
10837.0	1.4254135e-13
10838.0	1.420487e-13
10839.0	1.415561e-13
10840.0	1.4106365e-13
10841.0	1.4055434999999998e-13
10842.0	1.4004525e-13
10843.0	1.023547e-11
10844.0	3.3209305e-10
10845.0	6.5128515e-10
10846.0	9.687456499999998e-10
10847.0	1.283544e-09
10848.0	1.595992e-09
10849.0	1.906091e-09
10850.0	2.2138434999999997e-09
10851.0	2.5195565e-09
10852.0	2.822999e-09
10853.0	3.106531e-09
10854.0	2.7852229999999997e-09
10855.0	2.4655605e-09
10856.0	2.1484829999999997e-09
10857.0	1.8336775e-09
10858.0	1.521447e-09
10859.0	1.2108785e-09
10860.0	9.02884e-10
10861.0	5.9715805e-10
10862.0	2.9370055e-10
10863.0	6.0892625e-13
10864.0	1.9413135e-11
10865.0	3.8074805e-11
10866.0	5.6593965e-11
10867.0	7.4952785e-11
10868.0	9.320488999999999e-11
10869.0	1.1129680000000001e-10
10870.0	1.292463e-10
10871.0	1.470536e-10
10872.0	1.647187e-10
10873.0	1.8139015e-10
10874.0	1.6258885e-10
10875.0	1.4392995000000002e-10
10876.0	1.2543139999999998e-10
10877.0	1.070391e-10
10878.0	8.8807035e-11
10879.0	7.0717185e-11
10880.0	5.2769510000000004e-11
10881.0	3.4959690000000003e-11
10882.0	1.7296244999999998e-11
10883.0	4.634697e-12
10884.0	2.3481295e-10
10885.0	4.630552e-10
10886.0	6.893628500000001e-10
10887.0	9.137369e-10
10888.0	1.1361795e-09
10889.0	1.35669e-09
10890.0	1.575271e-09
10891.0	1.7921430000000001e-09
10892.0	2.0071405e-09
10893.0	2.212907e-09
10894.0	1.982899e-09
10895.0	1.754767e-09
10896.0	1.528512e-09
10897.0	1.3041315e-09
10898.0	1.081411e-09
10899.0	8.6099665e-10
10900.0	6.4224005e-10
10901.0	4.2535709999999997e-10
10902.0	2.1034675e-10
10903.0	8.5835025e-13
10904.0	5.5351905e-11
10905.0	1.0936280000000001e-10
10906.0	1.6289124999999998e-10
10907.0	2.159374e-10
10908.0	2.685013e-10
10909.0	3.2058305e-10
10910.0	3.7218305e-10
10911.0	4.233013e-10
10912.0	4.739381499999999e-10
10913.0	5.228669e-10
10914.0	4.6837875e-10
10915.0	4.143729e-10
10916.0	3.6084875e-10
10917.0	3.078062e-10
10918.0	2.5524555e-10
10919.0	2.0316625e-10
10920.0	1.515182e-10
10921.0	1.00439495e-10
10922.0	4.9804025e-11
10923.0	4.94135e-12
10924.0	5.5301725e-10
10925.0	1.0956559999999999e-09
10926.0	1.6328615000000002e-09
10927.0	2.1646365e-09
10928.0	2.690985e-09
10929.0	3.212417e-09
10930.0	3.7274175e-09
10931.0	4.238029999999999e-09
10932.0	4.743354e-09
10933.0	5.2387134999999995e-09
10934.0	4.9387875e-09
10935.0	4.641646e-09
10936.0	4.347279e-09
10937.0	4.055693e-09
10938.0	3.7666025e-09
10939.0	3.4808485e-09
10940.0	3.1975935e-09
10941.0	2.917112e-09
10942.0	2.6391370000000003e-09
10943.0	2.3647914999999997e-09
10944.0	2.1739575e-09
10945.0	1.9850265000000002e-09
10946.0	1.7979985e-09
10947.0	1.612874e-09
10948.0	1.429652e-09
10949.0	1.248332e-09
10950.0	1.0689135e-09
10951.0	8.911141999999999e-10
10952.0	7.156032e-10
10953.0	5.419746e-10
10954.0	4.850087e-10
10955.0	4.2866305e-10
10956.0	3.729373e-10
10957.0	3.1783105e-10
10958.0	2.6334394999999996e-10
10959.0	2.0947540000000002e-10
10960.0	1.561735e-10
10961.0	1.0360575000000001e-10
10962.0	5.1591e-11
10963.0	1.8067025e-13
10964.0	8.0373255e-14
10965.0	7.9895865e-14
10966.0	7.941808e-14
10967.0	7.89409e-14
10968.0	7.846284e-14
10969.0	7.7984875e-14
10970.0	7.7507945e-14
10971.0	7.7030665e-14
10972.0	7.655395e-14
10973.0	7.6075915e-14
10974.0	3.6508875000000004e-10
10975.0	7.2727585e-10
10976.0	1.084489e-09
10977.0	1.4377715e-09
10978.0	1.7864200000000001e-09
10979.0	2.12977e-09
10980.0	2.4688375e-09
10981.0	2.8026145e-09
10982.0	3.132661e-09
10983.0	3.4570475e-09
10984.0	3.0947585e-09
10985.0	2.732803e-09
10986.0	2.3745045e-09
10987.0	2.0219565e-09
10988.0	1.6737625000000002e-09
10989.0	1.330267e-09
10990.0	9.917965e-10
10991.0	6.5710605e-10
10992.0	3.280129e-10
10993.0	3.2155405e-12
10994.0	1.209307e-10
10995.0	2.4158855e-10
10996.0	3.6013345000000004e-10
10997.0	4.770344499999999e-10
10998.0	5.921757e-10
10999.0	7.0544755e-10
11000.0	8.172906e-10
11001.0	9.2941135e-10
11002.0	1.0404755e-09
11003.0	1.1502655e-09
11004.0	1.3429575e-11
11005.0	0.0
11006.0	0.0
11007.0	0.0
11008.0	0.0
11009.0	0.0
11010.0	0.0
11011.0	0.0
11012.0	0.0
11013.0	0.0
11014.0	0.0
11015.0	0.0
11016.0	0.0
11017.0	0.0
11018.0	0.0
11019.0	0.0
11020.0	0.0
11021.0	0.0
11022.0	0.0
11023.0	0.0
11024.0	0.0
11025.0	0.0
11026.0	0.0
11027.0	0.0
11028.0	0.0
11029.0	0.0
11030.0	0.0
11031.0	0.0
11032.0	0.0
11033.0	0.0
11034.0	0.0
11035.0	0.0
11036.0	0.0
11037.0	0.0
11038.0	0.0
11039.0	0.0
11040.0	0.0
11041.0	0.0
11042.0	0.0
11043.0	0.0
11044.0	0.0
11045.0	0.0
11046.0	0.0
11047.0	0.0
11048.0	0.0
11049.0	0.0
11050.0	0.0
11051.0	0.0
11052.0	0.0
11053.0	0.0
11054.0	0.0
11055.0	0.0
11056.0	0.0
11057.0	0.0
11058.0	0.0
11059.0	0.0
11060.0	0.0
11061.0	0.0
11062.0	0.0
11063.0	0.0
11064.0	0.0
11065.0	0.0
11066.0	0.0
11067.0	0.0
11068.0	0.0
11069.0	0.0
11070.0	0.0
11071.0	0.0
11072.0	0.0
11073.0	0.0
11074.0	0.0
11075.0	0.0
11076.0	0.0
11077.0	0.0
11078.0	0.0
11079.0	0.0
11080.0	0.0
11081.0	0.0
11082.0	0.0
11083.0	0.0
11084.0	0.0
11085.0	0.0
11086.0	0.0
11087.0	0.0
11088.0	0.0
11089.0	0.0
11090.0	0.0
11091.0	0.0
11092.0	0.0
11093.0	0.0
11094.0	0.0
11095.0	0.0
11096.0	0.0
11097.0	0.0
11098.0	0.0
11099.0	0.0
11100.0	0.0
11101.0	0.0
11102.0	0.0
11103.0	0.0
11104.0	0.0
11105.0	0.0
11106.0	0.0
11107.0	0.0
11108.0	0.0
11109.0	0.0
11110.0	0.0
11111.0	0.0
11112.0	0.0
11113.0	0.0
11114.0	0.0
11115.0	0.0
11116.0	0.0
11117.0	0.0
11118.0	0.0
11119.0	0.0
11120.0	0.0
11121.0	0.0
11122.0	0.0
11123.0	0.0
11124.0	0.0
11125.0	0.0
11126.0	0.0
11127.0	0.0
11128.0	0.0
11129.0	0.0
11130.0	0.0
11131.0	0.0
11132.0	0.0
11133.0	0.0
11134.0	0.0
11135.0	0.0
11136.0	0.0
11137.0	0.0
11138.0	0.0
11139.0	0.0
11140.0	0.0
11141.0	0.0
11142.0	0.0
11143.0	0.0
11144.0	0.0
11145.0	0.0
11146.0	0.0
11147.0	0.0
11148.0	0.0
11149.0	0.0
11150.0	0.0
11151.0	0.0
11152.0	0.0
11153.0	0.0
11154.0	0.0
11155.0	0.0
11156.0	0.0
11157.0	0.0
11158.0	0.0
11159.0	0.0
11160.0	0.0
11161.0	0.0
11162.0	0.0
11163.0	0.0
11164.0	0.0
11165.0	0.0
11166.0	0.0
11167.0	0.0
11168.0	0.0
11169.0	0.0
11170.0	0.0
11171.0	0.0
11172.0	0.0
11173.0	0.0
11174.0	0.0
11175.0	0.0
11176.0	0.0
11177.0	0.0
11178.0	0.0
11179.0	0.0
11180.0	0.0
11181.0	0.0
11182.0	0.0
11183.0	0.0
11184.0	0.0
11185.0	0.0
11186.0	0.0
11187.0	0.0
11188.0	0.0
11189.0	0.0
11190.0	0.0
11191.0	0.0
11192.0	0.0
11193.0	0.0
11194.0	0.0
11195.0	0.0
11196.0	0.0
11197.0	0.0
11198.0	0.0
11199.0	0.0
11200.0	0.0
11201.0	0.0
11202.0	0.0
11203.0	0.0
11204.0	0.0
11205.0	0.0
11206.0	0.0
11207.0	0.0
11208.0	0.0
11209.0	0.0
11210.0	0.0
11211.0	0.0
11212.0	0.0
11213.0	0.0
11214.0	0.0
11215.0	0.0
11216.0	0.0
11217.0	0.0
11218.0	0.0
11219.0	0.0
11220.0	0.0
11221.0	0.0
11222.0	0.0
11223.0	0.0
11224.0	0.0
11225.0	0.0
11226.0	0.0
11227.0	0.0
11228.0	0.0
11229.0	0.0
11230.0	0.0
11231.0	0.0
11232.0	0.0
11233.0	0.0
11234.0	0.0
11235.0	0.0
11236.0	0.0
11237.0	0.0
11238.0	0.0
11239.0	0.0
11240.0	0.0
11241.0	0.0
11242.0	0.0
11243.0	0.0
11244.0	0.0
11245.0	0.0
11246.0	0.0
11247.0	0.0
11248.0	0.0
11249.0	0.0
11250.0	0.0
11251.0	0.0
11252.0	0.0
11253.0	0.0
11254.0	0.0
11255.0	0.0
11256.0	0.0
11257.0	0.0
11258.0	0.0
11259.0	0.0
11260.0	0.0
11261.0	0.0
11262.0	0.0
11263.0	0.0
11264.0	0.0
11265.0	0.0
11266.0	0.0
11267.0	0.0
11268.0	0.0
11269.0	0.0
11270.0	0.0
11271.0	0.0
11272.0	0.0
11273.0	0.0
11274.0	0.0
11275.0	0.0
11276.0	0.0
11277.0	0.0
11278.0	0.0
11279.0	0.0
11280.0	0.0
11281.0	0.0
11282.0	0.0
11283.0	0.0
11284.0	0.0
11285.0	0.0
11286.0	0.0
11287.0	0.0
11288.0	0.0
11289.0	0.0
11290.0	0.0
11291.0	0.0
11292.0	0.0
11293.0	0.0
11294.0	0.0
11295.0	0.0
11296.0	0.0
11297.0	0.0
11298.0	0.0
11299.0	0.0
11300.0	0.0
11301.0	0.0
11302.0	0.0
11303.0	0.0
11304.0	0.0
11305.0	0.0
11306.0	0.0
11307.0	0.0
11308.0	0.0
11309.0	0.0
11310.0	0.0
11311.0	0.0
11312.0	0.0
11313.0	0.0
11314.0	0.0
11315.0	0.0
11316.0	0.0
11317.0	0.0
11318.0	0.0
11319.0	0.0
11320.0	0.0
11321.0	0.0
11322.0	0.0
11323.0	0.0
11324.0	0.0
11325.0	0.0
11326.0	0.0
11327.0	0.0
11328.0	0.0
11329.0	0.0
11330.0	0.0
11331.0	0.0
11332.0	0.0
11333.0	0.0
11334.0	0.0
11335.0	0.0
11336.0	0.0
11337.0	0.0
11338.0	0.0
11339.0	0.0
11340.0	0.0
11341.0	0.0
11342.0	0.0
11343.0	0.0
11344.0	0.0
11345.0	0.0
11346.0	0.0
11347.0	0.0
11348.0	0.0
11349.0	0.0
11350.0	0.0
11351.0	0.0
11352.0	0.0
11353.0	0.0
11354.0	0.0
11355.0	0.0
11356.0	0.0
11357.0	0.0
11358.0	0.0
11359.0	0.0
11360.0	0.0
11361.0	0.0
11362.0	0.0
11363.0	0.0
11364.0	0.0
11365.0	0.0
11366.0	0.0
11367.0	0.0
11368.0	0.0
11369.0	0.0
11370.0	0.0
11371.0	0.0
11372.0	0.0
11373.0	0.0
11374.0	0.0
11375.0	0.0
11376.0	0.0
11377.0	0.0
11378.0	0.0
11379.0	0.0
11380.0	0.0
11381.0	0.0
11382.0	0.0
11383.0	0.0
11384.0	0.0
11385.0	0.0
11386.0	0.0
11387.0	0.0
11388.0	0.0
11389.0	0.0
11390.0	0.0
11391.0	0.0
11392.0	0.0
11393.0	0.0
11394.0	0.0
11395.0	0.0
11396.0	0.0
11397.0	0.0
11398.0	0.0
11399.0	0.0
11400.0	0.0
11401.0	0.0
11402.0	0.0
11403.0	0.0
11404.0	0.0
11405.0	0.0
11406.0	0.0
11407.0	0.0
11408.0	0.0
11409.0	0.0
11410.0	0.0
11411.0	0.0
11412.0	0.0
11413.0	0.0
11414.0	0.0
11415.0	0.0
11416.0	0.0
11417.0	0.0
11418.0	0.0
11419.0	0.0
11420.0	0.0
11421.0	0.0
11422.0	0.0
11423.0	0.0
11424.0	0.0
11425.0	0.0
11426.0	0.0
11427.0	0.0
11428.0	0.0
11429.0	0.0
11430.0	0.0
11431.0	0.0
11432.0	0.0
11433.0	0.0
11434.0	0.0
11435.0	0.0
11436.0	0.0
11437.0	0.0
11438.0	0.0
11439.0	0.0
11440.0	0.0
11441.0	0.0
11442.0	0.0
11443.0	0.0
11444.0	0.0
11445.0	0.0
11446.0	0.0
11447.0	0.0
11448.0	0.0
11449.0	0.0
11450.0	0.0
11451.0	0.0
11452.0	0.0
11453.0	0.0
11454.0	0.0
11455.0	0.0
11456.0	0.0
11457.0	0.0
11458.0	0.0
11459.0	0.0
11460.0	0.0
11461.0	0.0
11462.0	0.0
11463.0	0.0
11464.0	0.0
11465.0	0.0
11466.0	0.0
11467.0	0.0
11468.0	0.0
11469.0	0.0
11470.0	0.0
11471.0	0.0
11472.0	0.0
11473.0	0.0
11474.0	0.0
11475.0	0.0
11476.0	0.0
11477.0	0.0
11478.0	0.0
11479.0	0.0
11480.0	0.0
11481.0	0.0
11482.0	0.0
11483.0	0.0
11484.0	0.0
11485.0	0.0
11486.0	0.0
11487.0	0.0
11488.0	0.0
11489.0	0.0
11490.0	0.0
11491.0	0.0
11492.0	0.0
11493.0	0.0
11494.0	0.0
11495.0	0.0
11496.0	0.0
11497.0	0.0
11498.0	0.0
11499.0	0.0
11500.0	0.0
11501.0	0.0
11502.0	0.0
11503.0	0.0
11504.0	0.0
11505.0	0.0
11506.0	0.0
11507.0	0.0
11508.0	0.0
11509.0	0.0
11510.0	0.0
11511.0	0.0
11512.0	0.0
11513.0	0.0
11514.0	0.0
11515.0	0.0
11516.0	0.0
11517.0	0.0
11518.0	0.0
11519.0	0.0
11520.0	0.0
11521.0	0.0
11522.0	0.0
11523.0	0.0
11524.0	0.0
11525.0	0.0
11526.0	0.0
11527.0	0.0
11528.0	0.0
11529.0	0.0
11530.0	0.0
11531.0	0.0
11532.0	0.0
11533.0	0.0
11534.0	0.0
11535.0	0.0
11536.0	0.0
11537.0	0.0
11538.0	0.0
11539.0	0.0
11540.0	0.0
11541.0	0.0
11542.0	0.0
11543.0	0.0
11544.0	0.0
11545.0	0.0
11546.0	0.0
11547.0	0.0
11548.0	0.0
11549.0	0.0
11550.0	0.0
11551.0	0.0
11552.0	0.0
11553.0	0.0
11554.0	0.0
11555.0	0.0
11556.0	0.0
11557.0	0.0
11558.0	0.0
11559.0	0.0
11560.0	0.0
11561.0	0.0
11562.0	0.0
11563.0	0.0
11564.0	0.0
11565.0	0.0
11566.0	0.0
11567.0	0.0
11568.0	0.0
11569.0	0.0
11570.0	0.0
11571.0	0.0
11572.0	0.0
11573.0	0.0
11574.0	0.0
11575.0	0.0
11576.0	0.0
11577.0	0.0
11578.0	0.0
11579.0	0.0
11580.0	0.0
11581.0	0.0
11582.0	0.0
11583.0	0.0
11584.0	0.0
11585.0	0.0
11586.0	0.0
11587.0	0.0
11588.0	0.0
11589.0	0.0
11590.0	0.0
11591.0	0.0
11592.0	0.0
11593.0	0.0
11594.0	0.0
11595.0	0.0
11596.0	0.0
11597.0	0.0
11598.0	0.0
11599.0	0.0
11600.0	0.0
11601.0	0.0
11602.0	0.0
11603.0	0.0
11604.0	0.0
11605.0	0.0
11606.0	0.0
11607.0	0.0
11608.0	0.0
11609.0	0.0
11610.0	0.0
11611.0	0.0
11612.0	0.0
11613.0	0.0
11614.0	0.0
11615.0	0.0
11616.0	0.0
11617.0	0.0
11618.0	0.0
11619.0	0.0
11620.0	0.0
11621.0	0.0
11622.0	0.0
11623.0	0.0
11624.0	0.0
11625.0	0.0
11626.0	0.0
11627.0	0.0
11628.0	0.0
11629.0	0.0
11630.0	0.0
11631.0	0.0
11632.0	0.0
11633.0	0.0
11634.0	0.0
11635.0	0.0
11636.0	0.0
11637.0	0.0
11638.0	0.0
11639.0	0.0
11640.0	0.0
11641.0	0.0
11642.0	0.0
11643.0	0.0
11644.0	0.0
11645.0	0.0
11646.0	0.0
11647.0	0.0
11648.0	0.0
11649.0	0.0
11650.0	0.0
11651.0	0.0
11652.0	0.0
11653.0	0.0
11654.0	0.0
11655.0	0.0
11656.0	0.0
11657.0	0.0
11658.0	0.0
11659.0	0.0
11660.0	0.0
11661.0	0.0
11662.0	0.0
11663.0	0.0
11664.0	0.0
11665.0	0.0
11666.0	0.0
11667.0	0.0
11668.0	0.0
11669.0	0.0
11670.0	0.0
11671.0	0.0
11672.0	0.0
11673.0	0.0
11674.0	0.0
11675.0	0.0
11676.0	0.0
11677.0	0.0
11678.0	0.0
11679.0	0.0
11680.0	0.0
11681.0	0.0
11682.0	0.0
11683.0	0.0
11684.0	0.0
11685.0	0.0
11686.0	0.0
11687.0	0.0
11688.0	0.0
11689.0	0.0
11690.0	0.0
11691.0	0.0
11692.0	0.0
11693.0	0.0
11694.0	0.0
11695.0	0.0
11696.0	0.0
11697.0	0.0
11698.0	0.0
11699.0	0.0
11700.0	0.0
11701.0	0.0
11702.0	0.0
11703.0	0.0
11704.0	0.0
11705.0	0.0
11706.0	0.0
11707.0	0.0
11708.0	0.0
11709.0	0.0
11710.0	0.0
11711.0	0.0
11712.0	0.0
11713.0	0.0
11714.0	0.0
11715.0	0.0
11716.0	0.0
11717.0	0.0
11718.0	0.0
11719.0	0.0
11720.0	0.0
11721.0	0.0
11722.0	0.0
11723.0	0.0
11724.0	0.0
11725.0	0.0
11726.0	0.0
11727.0	0.0
11728.0	0.0
11729.0	0.0
11730.0	0.0
11731.0	0.0
11732.0	0.0
11733.0	0.0
11734.0	0.0
11735.0	0.0
11736.0	0.0
11737.0	0.0
11738.0	0.0
11739.0	0.0
11740.0	0.0
11741.0	0.0
11742.0	0.0
11743.0	0.0
11744.0	0.0
11745.0	0.0
11746.0	0.0
11747.0	0.0
11748.0	0.0
11749.0	0.0
11750.0	0.0
11751.0	0.0
11752.0	0.0
11753.0	0.0
11754.0	0.0
11755.0	0.0
11756.0	0.0
11757.0	0.0
11758.0	0.0
11759.0	0.0
11760.0	0.0
11761.0	0.0
11762.0	0.0
11763.0	0.0
11764.0	0.0
11765.0	0.0
11766.0	0.0
11767.0	0.0
11768.0	0.0
11769.0	0.0
11770.0	0.0
11771.0	0.0
11772.0	0.0
11773.0	0.0
11774.0	0.0
11775.0	0.0
11776.0	0.0
11777.0	0.0
11778.0	0.0
11779.0	0.0
11780.0	0.0
11781.0	0.0
11782.0	0.0
11783.0	0.0
11784.0	0.0
11785.0	0.0
11786.0	0.0
11787.0	0.0
11788.0	0.0
11789.0	0.0
11790.0	0.0
11791.0	0.0
11792.0	0.0
11793.0	0.0
11794.0	0.0
11795.0	0.0
11796.0	0.0
11797.0	0.0
11798.0	0.0
11799.0	0.0
11800.0	0.0
11801.0	0.0
11802.0	0.0
11803.0	0.0
11804.0	0.0
11805.0	0.0
11806.0	0.0
11807.0	0.0
11808.0	0.0
11809.0	0.0
11810.0	0.0
11811.0	0.0
11812.0	0.0
11813.0	0.0
11814.0	0.0
11815.0	0.0
11816.0	0.0
11817.0	0.0
11818.0	0.0
11819.0	0.0
11820.0	0.0
11821.0	0.0
11822.0	0.0
11823.0	0.0
11824.0	0.0
11825.0	0.0
11826.0	0.0
11827.0	0.0
11828.0	0.0
11829.0	0.0
11830.0	0.0
11831.0	0.0
11832.0	0.0
11833.0	0.0
11834.0	0.0
11835.0	0.0
11836.0	0.0
11837.0	0.0
11838.0	0.0
11839.0	0.0
11840.0	0.0
11841.0	0.0
11842.0	0.0
11843.0	0.0
11844.0	0.0
11845.0	0.0
11846.0	0.0
11847.0	0.0
11848.0	0.0
11849.0	0.0
11850.0	0.0
11851.0	0.0
11852.0	0.0
11853.0	0.0
11854.0	0.0
11855.0	0.0
11856.0	0.0
11857.0	0.0
11858.0	0.0
11859.0	0.0
11860.0	0.0
11861.0	0.0
11862.0	0.0
11863.0	0.0
11864.0	0.0
11865.0	0.0
11866.0	0.0
11867.0	0.0
11868.0	0.0
11869.0	0.0
11870.0	0.0
11871.0	0.0
11872.0	0.0
11873.0	0.0
11874.0	0.0
11875.0	0.0
11876.0	0.0
11877.0	0.0
11878.0	0.0
11879.0	0.0
11880.0	0.0
11881.0	0.0
11882.0	0.0
11883.0	0.0
11884.0	0.0
11885.0	0.0
11886.0	0.0
11887.0	0.0
11888.0	0.0
11889.0	0.0
11890.0	0.0
11891.0	0.0
11892.0	0.0
11893.0	0.0
11894.0	0.0
11895.0	0.0
11896.0	0.0
11897.0	0.0
11898.0	0.0
11899.0	0.0
11900.0	0.0
11901.0	0.0
11902.0	0.0
11903.0	0.0
11904.0	0.0
11905.0	0.0
11906.0	0.0
11907.0	0.0
11908.0	0.0
11909.0	0.0
11910.0	0.0
11911.0	0.0
11912.0	0.0
11913.0	0.0
11914.0	0.0
11915.0	0.0
11916.0	0.0
11917.0	0.0
11918.0	0.0
11919.0	0.0
11920.0	0.0
11921.0	0.0
11922.0	0.0
11923.0	0.0
11924.0	0.0
11925.0	0.0
11926.0	0.0
11927.0	0.0
11928.0	0.0
11929.0	0.0
11930.0	0.0
11931.0	0.0
11932.0	0.0
11933.0	0.0
11934.0	0.0
11935.0	0.0
11936.0	0.0
11937.0	0.0
11938.0	0.0
11939.0	0.0
11940.0	0.0
11941.0	0.0
11942.0	0.0
11943.0	0.0
11944.0	0.0
11945.0	0.0
11946.0	0.0
11947.0	0.0
11948.0	0.0
11949.0	0.0
11950.0	0.0
11951.0	0.0
11952.0	0.0
11953.0	0.0
11954.0	0.0
11955.0	0.0
11956.0	0.0
11957.0	0.0
11958.0	0.0
11959.0	0.0
11960.0	0.0
11961.0	0.0
11962.0	0.0
11963.0	0.0
11964.0	0.0
11965.0	0.0
11966.0	0.0
11967.0	0.0
11968.0	0.0
11969.0	0.0
11970.0	0.0
11971.0	0.0
11972.0	0.0
11973.0	0.0
11974.0	0.0
11975.0	0.0
11976.0	0.0
11977.0	0.0
11978.0	0.0
11979.0	0.0
11980.0	0.0
11981.0	0.0
11982.0	0.0
11983.0	0.0
11984.0	0.0
11985.0	0.0
11986.0	0.0
11987.0	0.0
11988.0	0.0
11989.0	0.0
11990.0	0.0
11991.0	0.0
11992.0	0.0
11993.0	0.0
11994.0	0.0
11995.0	0.0
11996.0	0.0
11997.0	0.0
11998.0	0.0
11999.0	0.0
12000.0	0.0
12001.0	0.0
12002.0	0.0
12003.0	0.0
12004.0	0.0
12005.0	0.0
12006.0	0.0
12007.0	0.0
12008.0	0.0
12009.0	0.0
12010.0	0.0
12011.0	0.0
12012.0	0.0
12013.0	0.0
12014.0	0.0
12015.0	0.0
12016.0	0.0
12017.0	0.0
12018.0	0.0
12019.0	0.0
12020.0	0.0
12021.0	0.0
12022.0	0.0
12023.0	0.0
12024.0	0.0
12025.0	0.0
12026.0	0.0
12027.0	0.0
12028.0	0.0
12029.0	0.0
12030.0	0.0
12031.0	0.0
12032.0	0.0
12033.0	0.0
12034.0	0.0
12035.0	0.0
12036.0	0.0
12037.0	0.0
12038.0	0.0
12039.0	0.0
12040.0	0.0
12041.0	0.0
12042.0	0.0
12043.0	0.0
12044.0	0.0
12045.0	0.0
12046.0	0.0
12047.0	0.0
12048.0	0.0
12049.0	0.0
12050.0	0.0
12051.0	0.0
12052.0	0.0
12053.0	0.0
12054.0	0.0
12055.0	0.0
12056.0	0.0
12057.0	0.0
12058.0	0.0
12059.0	0.0
12060.0	0.0
12061.0	0.0
12062.0	0.0
12063.0	0.0
12064.0	0.0
12065.0	0.0
12066.0	0.0
12067.0	0.0
12068.0	0.0
12069.0	0.0
12070.0	0.0
12071.0	0.0
12072.0	0.0
12073.0	0.0
12074.0	0.0
12075.0	0.0
12076.0	0.0
12077.0	0.0
12078.0	0.0
12079.0	0.0
12080.0	0.0
12081.0	0.0
12082.0	0.0
12083.0	0.0
12084.0	0.0
12085.0	0.0
12086.0	0.0
12087.0	0.0
12088.0	0.0
12089.0	0.0
12090.0	0.0
12091.0	0.0
12092.0	0.0
12093.0	0.0
12094.0	0.0
12095.0	0.0
12096.0	0.0
12097.0	0.0
12098.0	0.0
12099.0	0.0
12100.0	0.0
12101.0	0.0
12102.0	0.0
12103.0	0.0
12104.0	0.0
12105.0	0.0
12106.0	0.0
12107.0	0.0
12108.0	0.0
12109.0	0.0
12110.0	0.0
12111.0	0.0
12112.0	0.0
12113.0	0.0
12114.0	0.0
12115.0	0.0
12116.0	0.0
12117.0	0.0
12118.0	0.0
12119.0	0.0
12120.0	0.0
12121.0	0.0
12122.0	0.0
12123.0	0.0
12124.0	0.0
12125.0	0.0
12126.0	0.0
12127.0	0.0
12128.0	0.0
12129.0	0.0
12130.0	0.0
12131.0	0.0
12132.0	0.0
12133.0	0.0
12134.0	0.0
12135.0	0.0
12136.0	0.0
12137.0	0.0
12138.0	0.0
12139.0	0.0
12140.0	0.0
12141.0	0.0
12142.0	0.0
12143.0	0.0
12144.0	0.0
12145.0	0.0
12146.0	0.0
12147.0	0.0
12148.0	0.0
12149.0	0.0
12150.0	0.0
12151.0	0.0
12152.0	0.0
12153.0	0.0
12154.0	0.0
12155.0	0.0
12156.0	0.0
12157.0	0.0
12158.0	0.0
12159.0	0.0
12160.0	0.0
12161.0	0.0
12162.0	0.0
12163.0	0.0
12164.0	0.0
12165.0	0.0
12166.0	0.0
12167.0	0.0
12168.0	0.0
12169.0	0.0
12170.0	0.0
12171.0	0.0
12172.0	0.0
12173.0	0.0
12174.0	0.0
12175.0	0.0
12176.0	0.0
12177.0	0.0
12178.0	0.0
12179.0	0.0
12180.0	0.0
12181.0	0.0
12182.0	0.0
12183.0	0.0
12184.0	0.0
12185.0	0.0
12186.0	0.0
12187.0	0.0
12188.0	0.0
12189.0	0.0
12190.0	0.0
12191.0	0.0
12192.0	0.0
12193.0	0.0
12194.0	0.0
12195.0	0.0
12196.0	0.0
12197.0	0.0
12198.0	0.0
12199.0	0.0
12200.0	0.0
12201.0	0.0
12202.0	0.0
12203.0	0.0
12204.0	0.0
12205.0	0.0
12206.0	0.0
12207.0	0.0
12208.0	0.0
12209.0	0.0
12210.0	0.0
12211.0	0.0
12212.0	0.0
12213.0	0.0
12214.0	0.0
12215.0	0.0
12216.0	0.0
12217.0	0.0
12218.0	0.0
12219.0	0.0
12220.0	0.0
12221.0	0.0
12222.0	0.0
12223.0	0.0
12224.0	0.0
12225.0	0.0
12226.0	0.0
12227.0	0.0
12228.0	0.0
12229.0	0.0
12230.0	0.0
12231.0	0.0
12232.0	0.0
12233.0	0.0
12234.0	0.0
12235.0	0.0
12236.0	0.0
12237.0	0.0
12238.0	0.0
12239.0	0.0
12240.0	0.0
12241.0	0.0
12242.0	0.0
12243.0	0.0
12244.0	0.0
12245.0	0.0
12246.0	0.0
12247.0	0.0
12248.0	0.0
12249.0	0.0
12250.0	0.0
12251.0	0.0
12252.0	0.0
12253.0	0.0
12254.0	0.0
12255.0	0.0
12256.0	0.0
12257.0	0.0
12258.0	0.0
12259.0	0.0
12260.0	0.0
12261.0	0.0
12262.0	0.0
12263.0	0.0
12264.0	0.0
12265.0	0.0
12266.0	0.0
12267.0	0.0
12268.0	0.0
12269.0	0.0
12270.0	0.0
12271.0	0.0
12272.0	0.0
12273.0	0.0
12274.0	0.0
12275.0	0.0
12276.0	0.0
12277.0	0.0
12278.0	0.0
12279.0	0.0
12280.0	0.0
12281.0	0.0
12282.0	0.0
12283.0	0.0
12284.0	0.0
12285.0	0.0
12286.0	0.0
12287.0	0.0
12288.0	0.0
12289.0	0.0
12290.0	0.0
12291.0	0.0
12292.0	0.0
12293.0	0.0
12294.0	0.0
12295.0	0.0
12296.0	0.0
12297.0	0.0
12298.0	0.0
12299.0	0.0
12300.0	0.0
12301.0	0.0
12302.0	0.0
12303.0	0.0
12304.0	0.0
12305.0	0.0
12306.0	0.0
12307.0	0.0
12308.0	0.0
12309.0	0.0
12310.0	0.0
12311.0	0.0
12312.0	0.0
12313.0	0.0
12314.0	0.0
12315.0	0.0
12316.0	0.0
12317.0	0.0
12318.0	0.0
12319.0	0.0
12320.0	0.0
12321.0	0.0
12322.0	0.0
12323.0	0.0
12324.0	0.0
12325.0	0.0
12326.0	0.0
12327.0	0.0
12328.0	0.0
12329.0	0.0
12330.0	0.0
12331.0	0.0
12332.0	0.0
12333.0	0.0
12334.0	0.0
12335.0	0.0
12336.0	0.0
12337.0	0.0
12338.0	0.0
12339.0	0.0
12340.0	0.0
12341.0	0.0
12342.0	0.0
12343.0	0.0
12344.0	0.0
12345.0	0.0
12346.0	0.0
12347.0	0.0
12348.0	0.0
12349.0	0.0
12350.0	0.0
12351.0	0.0
12352.0	0.0
12353.0	0.0
12354.0	0.0
12355.0	0.0
12356.0	0.0
12357.0	0.0
12358.0	0.0
12359.0	0.0
12360.0	0.0
12361.0	0.0
12362.0	0.0
12363.0	0.0
12364.0	0.0
12365.0	0.0
12366.0	0.0
12367.0	0.0
12368.0	0.0
12369.0	0.0
12370.0	0.0
12371.0	0.0
12372.0	0.0
12373.0	0.0
12374.0	0.0
12375.0	0.0
12376.0	0.0
12377.0	0.0
12378.0	0.0
12379.0	0.0
12380.0	0.0
12381.0	0.0
12382.0	0.0
12383.0	0.0
12384.0	0.0
12385.0	0.0
12386.0	0.0
12387.0	0.0
12388.0	0.0
12389.0	0.0
12390.0	0.0
12391.0	0.0
12392.0	0.0
12393.0	0.0
12394.0	0.0
12395.0	0.0
12396.0	0.0
12397.0	0.0
12398.0	0.0
12399.0	0.0
12400.0	0.0
12401.0	0.0
12402.0	0.0
12403.0	0.0
12404.0	0.0
12405.0	0.0
12406.0	0.0
12407.0	0.0
12408.0	0.0
12409.0	0.0
12410.0	0.0
12411.0	0.0
12412.0	0.0
12413.0	0.0
12414.0	0.0
12415.0	0.0
12416.0	0.0
12417.0	0.0
12418.0	0.0
12419.0	0.0
12420.0	0.0
12421.0	0.0
12422.0	0.0
12423.0	0.0
12424.0	0.0
12425.0	0.0
12426.0	0.0
12427.0	0.0
12428.0	0.0
12429.0	0.0
12430.0	0.0
12431.0	0.0
12432.0	0.0
12433.0	0.0
12434.0	0.0
12435.0	0.0
12436.0	0.0
12437.0	0.0
12438.0	0.0
12439.0	0.0
12440.0	0.0
12441.0	0.0
12442.0	0.0
12443.0	0.0
12444.0	0.0
12445.0	0.0
12446.0	0.0
12447.0	0.0
12448.0	0.0
12449.0	0.0
12450.0	0.0
12451.0	0.0
12452.0	0.0
12453.0	0.0
12454.0	0.0
12455.0	0.0
12456.0	0.0
12457.0	0.0
12458.0	0.0
12459.0	0.0
12460.0	0.0
12461.0	0.0
12462.0	0.0
12463.0	0.0
12464.0	0.0
12465.0	0.0
12466.0	0.0
12467.0	0.0
12468.0	0.0
12469.0	0.0
12470.0	0.0
12471.0	0.0
12472.0	0.0
12473.0	0.0
12474.0	0.0
12475.0	0.0
12476.0	0.0
12477.0	0.0
12478.0	0.0
12479.0	0.0
12480.0	0.0
12481.0	0.0
12482.0	0.0
12483.0	0.0
12484.0	0.0
12485.0	0.0
12486.0	0.0
12487.0	0.0
12488.0	0.0
12489.0	0.0
12490.0	0.0
12491.0	0.0
12492.0	0.0
12493.0	0.0
12494.0	0.0
12495.0	0.0
12496.0	0.0
12497.0	0.0
12498.0	0.0
12499.0	0.0
12500.0	0.0
12501.0	0.0
12502.0	0.0
12503.0	0.0
12504.0	0.0
12505.0	0.0
12506.0	0.0
12507.0	0.0
12508.0	0.0
12509.0	0.0
12510.0	0.0
12511.0	0.0
12512.0	0.0
12513.0	0.0
12514.0	0.0
12515.0	0.0
12516.0	0.0
12517.0	0.0
12518.0	0.0
12519.0	0.0
12520.0	0.0
12521.0	0.0
12522.0	0.0
12523.0	0.0
12524.0	0.0
12525.0	0.0
12526.0	0.0
12527.0	0.0
12528.0	0.0
12529.0	0.0
12530.0	0.0
12531.0	0.0
12532.0	0.0
12533.0	0.0
12534.0	0.0
12535.0	0.0
12536.0	0.0
12537.0	0.0
12538.0	0.0
12539.0	0.0
12540.0	0.0
12541.0	0.0
12542.0	0.0
12543.0	0.0
12544.0	0.0
12545.0	0.0
12546.0	0.0
12547.0	0.0
12548.0	0.0
12549.0	0.0
12550.0	0.0
12551.0	0.0
12552.0	0.0
12553.0	0.0
12554.0	0.0
12555.0	0.0
12556.0	0.0
12557.0	0.0
12558.0	0.0
12559.0	0.0
12560.0	0.0
12561.0	0.0
12562.0	0.0
12563.0	0.0
12564.0	0.0
12565.0	0.0
12566.0	0.0
12567.0	0.0
12568.0	0.0
12569.0	0.0
12570.0	0.0
12571.0	0.0
12572.0	0.0
12573.0	0.0
12574.0	0.0
12575.0	0.0
12576.0	0.0
12577.0	0.0
12578.0	0.0
12579.0	0.0
12580.0	0.0
12581.0	0.0
12582.0	0.0
12583.0	0.0
12584.0	0.0
12585.0	0.0
12586.0	0.0
12587.0	0.0
12588.0	0.0
12589.0	0.0
12590.0	0.0
12591.0	0.0
12592.0	0.0
12593.0	0.0
12594.0	0.0
12595.0	0.0
12596.0	0.0
12597.0	0.0
12598.0	0.0
12599.0	0.0
12600.0	0.0
12601.0	0.0
12602.0	0.0
12603.0	0.0
12604.0	0.0
12605.0	0.0
12606.0	0.0
12607.0	0.0
12608.0	0.0
12609.0	0.0
12610.0	0.0
12611.0	0.0
12612.0	0.0
12613.0	0.0
12614.0	0.0
12615.0	0.0
12616.0	0.0
12617.0	0.0
12618.0	0.0
12619.0	0.0
12620.0	0.0
12621.0	0.0
12622.0	0.0
12623.0	0.0
12624.0	0.0
12625.0	0.0
12626.0	0.0
12627.0	0.0
12628.0	0.0
12629.0	0.0
12630.0	0.0
12631.0	0.0
12632.0	0.0
12633.0	0.0
12634.0	0.0
12635.0	0.0
12636.0	0.0
12637.0	0.0
12638.0	0.0
12639.0	0.0
12640.0	0.0
12641.0	0.0
12642.0	0.0
12643.0	0.0
12644.0	0.0
12645.0	0.0
12646.0	0.0
12647.0	0.0
12648.0	0.0
12649.0	0.0
12650.0	0.0
12651.0	0.0
12652.0	0.0
12653.0	0.0
12654.0	0.0
12655.0	0.0
12656.0	0.0
12657.0	0.0
12658.0	0.0
12659.0	0.0
12660.0	0.0
12661.0	0.0
12662.0	0.0
12663.0	0.0
12664.0	0.0
12665.0	0.0
12666.0	0.0
12667.0	0.0
12668.0	0.0
12669.0	0.0
12670.0	0.0
12671.0	0.0
12672.0	0.0
12673.0	0.0
12674.0	0.0
12675.0	0.0
12676.0	0.0
12677.0	0.0
12678.0	0.0
12679.0	0.0
12680.0	0.0
12681.0	0.0
12682.0	0.0
12683.0	0.0
12684.0	0.0
12685.0	0.0
12686.0	0.0
12687.0	0.0
12688.0	0.0
12689.0	0.0
12690.0	0.0
12691.0	0.0
12692.0	0.0
12693.0	0.0
12694.0	0.0
12695.0	0.0
12696.0	0.0
12697.0	0.0
12698.0	0.0
12699.0	0.0
12700.0	0.0
12701.0	0.0
12702.0	0.0
12703.0	0.0
12704.0	0.0
12705.0	0.0
12706.0	0.0
12707.0	0.0
12708.0	0.0
12709.0	0.0
12710.0	0.0
12711.0	0.0
12712.0	0.0
12713.0	0.0
12714.0	0.0
12715.0	0.0
12716.0	0.0
12717.0	0.0
12718.0	0.0
12719.0	0.0
12720.0	0.0
12721.0	0.0
12722.0	0.0
12723.0	0.0
12724.0	0.0
12725.0	0.0
12726.0	0.0
12727.0	0.0
12728.0	0.0
12729.0	0.0
12730.0	0.0
12731.0	0.0
12732.0	0.0
12733.0	0.0
12734.0	0.0
12735.0	0.0
12736.0	0.0
12737.0	0.0
12738.0	0.0
12739.0	0.0
12740.0	0.0
12741.0	0.0
12742.0	0.0
12743.0	0.0
12744.0	0.0
12745.0	0.0
12746.0	0.0
12747.0	0.0
12748.0	0.0
12749.0	0.0
12750.0	0.0
12751.0	0.0
12752.0	0.0
12753.0	0.0
12754.0	0.0
12755.0	0.0
12756.0	0.0
12757.0	0.0
12758.0	0.0
12759.0	0.0
12760.0	0.0
12761.0	0.0
12762.0	0.0
12763.0	0.0
12764.0	0.0
12765.0	0.0
12766.0	0.0
12767.0	0.0
12768.0	0.0
12769.0	0.0
12770.0	0.0
12771.0	0.0
12772.0	0.0
12773.0	0.0
12774.0	0.0
12775.0	0.0
12776.0	0.0
12777.0	0.0
12778.0	0.0
12779.0	0.0
12780.0	0.0
12781.0	0.0
12782.0	0.0
12783.0	0.0
12784.0	0.0
12785.0	0.0
12786.0	0.0
12787.0	0.0
12788.0	0.0
12789.0	0.0
12790.0	0.0
12791.0	0.0
12792.0	0.0
12793.0	0.0
12794.0	0.0
12795.0	0.0
12796.0	0.0
12797.0	0.0
12798.0	0.0
12799.0	0.0
12800.0	0.0
12801.0	0.0
12802.0	0.0
12803.0	0.0
12804.0	0.0
12805.0	0.0
12806.0	0.0
12807.0	0.0
12808.0	0.0
12809.0	0.0
12810.0	0.0
12811.0	0.0
12812.0	0.0
12813.0	0.0
12814.0	0.0
12815.0	0.0
12816.0	0.0
12817.0	0.0
12818.0	0.0
12819.0	0.0
12820.0	0.0
12821.0	0.0
12822.0	0.0
12823.0	0.0
12824.0	0.0
12825.0	0.0
12826.0	0.0
12827.0	0.0
12828.0	0.0
12829.0	0.0
12830.0	0.0
12831.0	0.0
12832.0	0.0
12833.0	0.0
12834.0	0.0
12835.0	0.0
12836.0	0.0
12837.0	0.0
12838.0	0.0
12839.0	0.0
12840.0	0.0
12841.0	0.0
12842.0	0.0
12843.0	0.0
12844.0	0.0
12845.0	0.0
12846.0	0.0
12847.0	0.0
12848.0	0.0
12849.0	0.0
12850.0	0.0
12851.0	0.0
12852.0	0.0
12853.0	0.0
12854.0	0.0
12855.0	0.0
12856.0	0.0
12857.0	0.0
12858.0	0.0
12859.0	0.0
12860.0	0.0
12861.0	0.0
12862.0	0.0
12863.0	0.0
12864.0	0.0
12865.0	0.0
12866.0	0.0
12867.0	0.0
12868.0	0.0
12869.0	0.0
12870.0	0.0
12871.0	0.0
12872.0	0.0
12873.0	0.0
12874.0	0.0
12875.0	0.0
12876.0	0.0
12877.0	0.0
12878.0	0.0
12879.0	0.0
12880.0	0.0
12881.0	0.0
12882.0	0.0
12883.0	0.0
12884.0	0.0
12885.0	0.0
12886.0	0.0
12887.0	0.0
12888.0	0.0
12889.0	0.0
12890.0	0.0
12891.0	0.0
12892.0	0.0
12893.0	0.0
12894.0	0.0
12895.0	0.0
12896.0	0.0
12897.0	0.0
12898.0	0.0
12899.0	0.0
12900.0	0.0
12901.0	0.0
12902.0	0.0
12903.0	0.0
12904.0	0.0
12905.0	0.0
12906.0	0.0
12907.0	0.0
12908.0	0.0
12909.0	0.0
12910.0	0.0
12911.0	0.0
12912.0	0.0
12913.0	0.0
12914.0	0.0
12915.0	0.0
12916.0	0.0
12917.0	0.0
12918.0	0.0
12919.0	0.0
12920.0	0.0
12921.0	0.0
12922.0	0.0
12923.0	0.0
12924.0	0.0
12925.0	0.0
12926.0	0.0
12927.0	0.0
12928.0	0.0
12929.0	0.0
12930.0	0.0
12931.0	0.0
12932.0	0.0
12933.0	0.0
12934.0	0.0
12935.0	0.0
12936.0	0.0
12937.0	0.0
12938.0	0.0
12939.0	0.0
12940.0	0.0
12941.0	0.0
12942.0	0.0
12943.0	0.0
12944.0	0.0
12945.0	0.0
12946.0	0.0
12947.0	0.0
12948.0	0.0
12949.0	0.0
12950.0	0.0
12951.0	0.0
12952.0	0.0
12953.0	0.0
12954.0	0.0
12955.0	0.0
12956.0	0.0
12957.0	0.0
12958.0	0.0
12959.0	0.0
12960.0	0.0
12961.0	0.0
12962.0	0.0
12963.0	0.0
12964.0	0.0
12965.0	0.0
12966.0	0.0
12967.0	0.0
12968.0	0.0
12969.0	0.0
12970.0	0.0
12971.0	0.0
12972.0	0.0
12973.0	0.0
12974.0	0.0
12975.0	0.0
12976.0	0.0
12977.0	0.0
12978.0	0.0
12979.0	0.0
12980.0	0.0
12981.0	0.0
12982.0	0.0
12983.0	0.0
12984.0	0.0
12985.0	0.0
12986.0	0.0
12987.0	0.0
12988.0	0.0
12989.0	0.0
12990.0	0.0
12991.0	0.0
12992.0	0.0
12993.0	0.0
12994.0	0.0
12995.0	0.0
12996.0	0.0
12997.0	0.0
12998.0	0.0
12999.0	0.0
13000.0	0.0
13001.0	0.0
13002.0	0.0
13003.0	0.0
13004.0	0.0
13005.0	0.0
13006.0	0.0
13007.0	0.0
13008.0	0.0
13009.0	0.0
13010.0	0.0
13011.0	0.0
13012.0	0.0
13013.0	0.0
13014.0	0.0
13015.0	0.0
13016.0	0.0
13017.0	0.0
13018.0	0.0
13019.0	0.0
13020.0	0.0
13021.0	0.0
13022.0	0.0
13023.0	0.0
13024.0	0.0
13025.0	0.0
13026.0	0.0
13027.0	0.0
13028.0	0.0
13029.0	0.0
13030.0	0.0
13031.0	0.0
13032.0	0.0
13033.0	0.0
13034.0	0.0
13035.0	0.0
13036.0	0.0
13037.0	0.0
13038.0	0.0
13039.0	0.0
13040.0	0.0
13041.0	0.0
13042.0	0.0
13043.0	0.0
13044.0	0.0
13045.0	0.0
13046.0	0.0
13047.0	0.0
13048.0	0.0
13049.0	0.0
13050.0	0.0
13051.0	0.0
13052.0	0.0
13053.0	0.0
13054.0	0.0
13055.0	0.0
13056.0	0.0
13057.0	0.0
13058.0	0.0
13059.0	0.0
13060.0	0.0
13061.0	0.0
13062.0	0.0
13063.0	0.0
13064.0	0.0
13065.0	0.0
13066.0	0.0
13067.0	0.0
13068.0	0.0
13069.0	0.0
13070.0	0.0
13071.0	0.0
13072.0	0.0
13073.0	0.0
13074.0	0.0
13075.0	0.0
13076.0	0.0
13077.0	0.0
13078.0	0.0
13079.0	0.0
13080.0	0.0
13081.0	0.0
13082.0	0.0
13083.0	0.0
13084.0	0.0
13085.0	0.0
13086.0	0.0
13087.0	0.0
13088.0	0.0
13089.0	0.0
13090.0	0.0
13091.0	0.0
13092.0	0.0
13093.0	0.0
13094.0	0.0
13095.0	0.0
13096.0	0.0
13097.0	0.0
13098.0	0.0
13099.0	0.0
13100.0	0.0
13101.0	0.0
13102.0	0.0
13103.0	0.0
13104.0	0.0
13105.0	0.0
13106.0	0.0
13107.0	0.0
13108.0	0.0
13109.0	0.0
13110.0	0.0
13111.0	0.0
13112.0	0.0
13113.0	0.0
13114.0	0.0
13115.0	0.0
13116.0	0.0
13117.0	0.0
13118.0	0.0
13119.0	0.0
13120.0	0.0
13121.0	0.0
13122.0	0.0
13123.0	0.0
13124.0	0.0
13125.0	0.0
13126.0	0.0
13127.0	0.0
13128.0	0.0
13129.0	0.0
13130.0	0.0
13131.0	0.0
13132.0	0.0
13133.0	0.0
13134.0	0.0
13135.0	0.0
13136.0	0.0
13137.0	0.0
13138.0	0.0
13139.0	0.0
13140.0	0.0
13141.0	0.0
13142.0	0.0
13143.0	0.0
13144.0	0.0
13145.0	0.0
13146.0	0.0
13147.0	0.0
13148.0	0.0
13149.0	0.0
13150.0	0.0
13151.0	0.0
13152.0	0.0
13153.0	0.0
13154.0	0.0
13155.0	0.0
13156.0	0.0
13157.0	0.0
13158.0	0.0
13159.0	0.0
13160.0	0.0
13161.0	0.0
13162.0	0.0
13163.0	0.0
13164.0	0.0
13165.0	0.0
13166.0	0.0
13167.0	0.0
13168.0	0.0
13169.0	0.0
13170.0	0.0
13171.0	0.0
13172.0	0.0
13173.0	0.0
13174.0	0.0
13175.0	0.0
13176.0	0.0
13177.0	0.0
13178.0	0.0
13179.0	0.0
13180.0	0.0
13181.0	0.0
13182.0	0.0
13183.0	0.0
13184.0	0.0
13185.0	0.0
13186.0	0.0
13187.0	0.0
13188.0	0.0
13189.0	0.0
13190.0	0.0
13191.0	0.0
13192.0	0.0
13193.0	0.0
13194.0	0.0
13195.0	0.0
13196.0	0.0
13197.0	0.0
13198.0	0.0
13199.0	0.0
13200.0	0.0
13201.0	0.0
13202.0	0.0
13203.0	0.0
13204.0	0.0
13205.0	0.0
13206.0	0.0
13207.0	0.0
13208.0	0.0
13209.0	0.0
13210.0	0.0
13211.0	0.0
13212.0	0.0
13213.0	0.0
13214.0	0.0
13215.0	0.0
13216.0	0.0
13217.0	0.0
13218.0	0.0
13219.0	0.0
13220.0	0.0
13221.0	0.0
13222.0	0.0
13223.0	0.0
13224.0	0.0
13225.0	0.0
13226.0	0.0
13227.0	0.0
13228.0	0.0
13229.0	0.0
13230.0	0.0
13231.0	0.0
13232.0	0.0
13233.0	0.0
13234.0	0.0
13235.0	0.0
13236.0	0.0
13237.0	0.0
13238.0	0.0
13239.0	0.0
13240.0	0.0
13241.0	0.0
13242.0	0.0
13243.0	0.0
13244.0	0.0
13245.0	0.0
13246.0	0.0
13247.0	0.0
13248.0	0.0
13249.0	0.0
13250.0	0.0
13251.0	0.0
13252.0	0.0
13253.0	0.0
13254.0	0.0
13255.0	0.0
13256.0	0.0
13257.0	0.0
13258.0	0.0
13259.0	0.0
13260.0	0.0
13261.0	0.0
13262.0	0.0
13263.0	0.0
13264.0	0.0
13265.0	0.0
13266.0	0.0
13267.0	0.0
13268.0	0.0
13269.0	0.0
13270.0	0.0
13271.0	0.0
13272.0	0.0
13273.0	0.0
13274.0	0.0
13275.0	0.0
13276.0	0.0
13277.0	0.0
13278.0	0.0
13279.0	0.0
13280.0	0.0
13281.0	0.0
13282.0	0.0
13283.0	0.0
13284.0	0.0
13285.0	0.0
13286.0	0.0
13287.0	0.0
13288.0	0.0
13289.0	0.0
13290.0	0.0
13291.0	0.0
13292.0	0.0
13293.0	0.0
13294.0	0.0
13295.0	0.0
13296.0	0.0
13297.0	0.0
13298.0	0.0
13299.0	0.0
13300.0	0.0
13301.0	0.0
13302.0	0.0
13303.0	0.0
13304.0	0.0
13305.0	0.0
13306.0	0.0
13307.0	0.0
13308.0	0.0
13309.0	0.0
13310.0	0.0
13311.0	0.0
13312.0	0.0
13313.0	0.0
13314.0	0.0
13315.0	0.0
13316.0	0.0
13317.0	0.0
13318.0	0.0
13319.0	0.0
13320.0	0.0
13321.0	0.0
13322.0	0.0
13323.0	0.0
13324.0	0.0
13325.0	0.0
13326.0	0.0
13327.0	0.0
13328.0	0.0
13329.0	0.0
13330.0	0.0
13331.0	0.0
13332.0	0.0
13333.0	0.0
13334.0	0.0
13335.0	0.0
13336.0	0.0
13337.0	0.0
13338.0	0.0
13339.0	0.0
13340.0	0.0
13341.0	0.0
13342.0	0.0
13343.0	0.0
13344.0	0.0
13345.0	0.0
13346.0	0.0
13347.0	0.0
13348.0	0.0
13349.0	0.0
13350.0	0.0
13351.0	0.0
13352.0	0.0
13353.0	0.0
13354.0	0.0
13355.0	0.0
13356.0	0.0
13357.0	0.0
13358.0	0.0
13359.0	0.0
13360.0	0.0
13361.0	0.0
13362.0	0.0
13363.0	0.0
13364.0	0.0
13365.0	0.0
13366.0	0.0
13367.0	0.0
13368.0	0.0
13369.0	0.0
13370.0	0.0
13371.0	0.0
13372.0	0.0
13373.0	0.0
13374.0	0.0
13375.0	0.0
13376.0	0.0
13377.0	0.0
13378.0	0.0
13379.0	0.0
13380.0	0.0
13381.0	0.0
13382.0	0.0
13383.0	0.0
13384.0	0.0
13385.0	0.0
13386.0	0.0
13387.0	0.0
13388.0	0.0
13389.0	0.0
13390.0	0.0
13391.0	0.0
13392.0	0.0
13393.0	0.0
13394.0	0.0
13395.0	0.0
13396.0	0.0
13397.0	0.0
13398.0	0.0
13399.0	0.0
13400.0	0.0
13401.0	0.0
13402.0	0.0
13403.0	0.0
13404.0	0.0
13405.0	0.0
13406.0	0.0
13407.0	0.0
13408.0	0.0
13409.0	0.0
13410.0	0.0
13411.0	0.0
13412.0	0.0
13413.0	0.0
13414.0	0.0
13415.0	0.0
13416.0	0.0
13417.0	0.0
13418.0	0.0
13419.0	0.0
13420.0	0.0
13421.0	0.0
13422.0	0.0
13423.0	0.0
13424.0	0.0
13425.0	0.0
13426.0	0.0
13427.0	0.0
13428.0	0.0
13429.0	0.0
13430.0	0.0
13431.0	0.0
13432.0	0.0
13433.0	0.0
13434.0	0.0
13435.0	0.0
13436.0	0.0
13437.0	0.0
13438.0	0.0
13439.0	0.0
13440.0	0.0
13441.0	0.0
13442.0	0.0
13443.0	0.0
13444.0	0.0
13445.0	0.0
13446.0	0.0
13447.0	0.0
13448.0	0.0
13449.0	0.0
13450.0	0.0
13451.0	0.0
13452.0	0.0
13453.0	0.0
13454.0	0.0
13455.0	0.0
13456.0	0.0
13457.0	0.0
13458.0	0.0
13459.0	0.0
13460.0	0.0
13461.0	0.0
13462.0	0.0
13463.0	0.0
13464.0	0.0
13465.0	0.0
13466.0	0.0
13467.0	0.0
13468.0	0.0
13469.0	0.0
13470.0	0.0
13471.0	0.0
13472.0	0.0
13473.0	0.0
13474.0	0.0
13475.0	0.0
13476.0	0.0
13477.0	0.0
13478.0	0.0
13479.0	0.0
13480.0	0.0
13481.0	0.0
13482.0	0.0
13483.0	0.0
13484.0	0.0
13485.0	0.0
13486.0	0.0
13487.0	0.0
13488.0	0.0
13489.0	0.0
13490.0	0.0
13491.0	0.0
13492.0	0.0
13493.0	0.0
13494.0	0.0
13495.0	0.0
13496.0	0.0
13497.0	0.0
13498.0	0.0
13499.0	0.0
13500.0	0.0
13501.0	0.0
13502.0	0.0
13503.0	0.0
13504.0	0.0
13505.0	0.0
13506.0	0.0
13507.0	0.0
13508.0	0.0
13509.0	0.0
13510.0	0.0
13511.0	0.0
13512.0	0.0
13513.0	0.0
13514.0	0.0
13515.0	0.0
13516.0	0.0
13517.0	0.0
13518.0	0.0
13519.0	0.0
13520.0	0.0
13521.0	0.0
13522.0	0.0
13523.0	0.0
13524.0	0.0
13525.0	0.0
13526.0	0.0
13527.0	0.0
13528.0	0.0
13529.0	0.0
13530.0	0.0
13531.0	0.0
13532.0	0.0
13533.0	0.0
13534.0	0.0
13535.0	0.0
13536.0	0.0
13537.0	0.0
13538.0	0.0
13539.0	0.0
13540.0	0.0
13541.0	0.0
13542.0	0.0
13543.0	0.0
13544.0	0.0
13545.0	0.0
13546.0	0.0
13547.0	0.0
13548.0	0.0
13549.0	0.0
13550.0	0.0
13551.0	0.0
13552.0	0.0
13553.0	0.0
13554.0	0.0
13555.0	0.0
13556.0	0.0
13557.0	0.0
13558.0	0.0
13559.0	0.0
13560.0	0.0
13561.0	0.0
13562.0	0.0
13563.0	0.0
13564.0	0.0
13565.0	0.0
13566.0	0.0
13567.0	0.0
13568.0	0.0
13569.0	0.0
13570.0	0.0
13571.0	0.0
13572.0	0.0
13573.0	0.0
13574.0	0.0
13575.0	0.0
13576.0	0.0
13577.0	0.0
13578.0	0.0
13579.0	0.0
13580.0	0.0
13581.0	0.0
13582.0	0.0
13583.0	0.0
13584.0	0.0
13585.0	0.0
13586.0	0.0
13587.0	0.0
13588.0	0.0
13589.0	0.0
13590.0	0.0
13591.0	0.0
13592.0	0.0
13593.0	0.0
13594.0	0.0
13595.0	0.0
13596.0	0.0
13597.0	0.0
13598.0	0.0
13599.0	0.0
13600.0	0.0
13601.0	0.0
13602.0	0.0
13603.0	0.0
13604.0	0.0
13605.0	0.0
13606.0	0.0
13607.0	0.0
13608.0	0.0
13609.0	0.0
13610.0	0.0
13611.0	0.0
13612.0	0.0
13613.0	0.0
13614.0	0.0
13615.0	0.0
13616.0	0.0
13617.0	0.0
13618.0	0.0
13619.0	0.0
13620.0	0.0
13621.0	0.0
13622.0	0.0
13623.0	0.0
13624.0	0.0
13625.0	0.0
13626.0	0.0
13627.0	0.0
13628.0	0.0
13629.0	0.0
13630.0	0.0
13631.0	0.0
13632.0	0.0
13633.0	0.0
13634.0	0.0
13635.0	0.0
13636.0	0.0
13637.0	0.0
13638.0	0.0
13639.0	0.0
13640.0	0.0
13641.0	0.0
13642.0	0.0
13643.0	0.0
13644.0	0.0
13645.0	0.0
13646.0	0.0
13647.0	0.0
13648.0	0.0
13649.0	0.0
13650.0	0.0
13651.0	0.0
13652.0	0.0
13653.0	0.0
13654.0	0.0
13655.0	0.0
13656.0	0.0
13657.0	0.0
13658.0	0.0
13659.0	0.0
13660.0	0.0
13661.0	0.0
13662.0	0.0
13663.0	0.0
13664.0	0.0
13665.0	0.0
13666.0	0.0
13667.0	0.0
13668.0	0.0
13669.0	0.0
13670.0	0.0
13671.0	0.0
13672.0	0.0
13673.0	0.0
13674.0	0.0
13675.0	0.0
13676.0	0.0
13677.0	0.0
13678.0	0.0
13679.0	0.0
13680.0	0.0
13681.0	0.0
13682.0	0.0
13683.0	0.0
13684.0	0.0
13685.0	0.0
13686.0	0.0
13687.0	0.0
13688.0	0.0
13689.0	0.0
13690.0	0.0
13691.0	0.0
13692.0	0.0
13693.0	0.0
13694.0	0.0
13695.0	0.0
13696.0	0.0
13697.0	0.0
13698.0	0.0
13699.0	0.0
13700.0	0.0
13701.0	0.0
13702.0	0.0
13703.0	0.0
13704.0	0.0
13705.0	0.0
13706.0	0.0
13707.0	0.0
13708.0	0.0
13709.0	0.0
13710.0	0.0
13711.0	0.0
13712.0	0.0
13713.0	0.0
13714.0	0.0
13715.0	0.0
13716.0	0.0
13717.0	0.0
13718.0	0.0
13719.0	0.0
13720.0	0.0
13721.0	0.0
13722.0	0.0
13723.0	0.0
13724.0	0.0
13725.0	0.0
13726.0	0.0
13727.0	0.0
13728.0	0.0
13729.0	0.0
13730.0	0.0
13731.0	0.0
13732.0	0.0
13733.0	0.0
13734.0	0.0
13735.0	0.0
13736.0	0.0
13737.0	0.0
13738.0	0.0
13739.0	0.0
13740.0	0.0
13741.0	0.0
13742.0	0.0
13743.0	0.0
13744.0	0.0
13745.0	0.0
13746.0	0.0
13747.0	0.0
13748.0	0.0
13749.0	0.0
13750.0	0.0
13751.0	0.0
13752.0	0.0
13753.0	0.0
13754.0	0.0
13755.0	0.0
13756.0	0.0
13757.0	0.0
13758.0	0.0
13759.0	0.0
13760.0	0.0
13761.0	0.0
13762.0	0.0
13763.0	0.0
13764.0	0.0
13765.0	0.0
13766.0	0.0
13767.0	0.0
13768.0	0.0
13769.0	0.0
13770.0	0.0
13771.0	0.0
13772.0	0.0
13773.0	0.0
13774.0	0.0
13775.0	0.0
13776.0	0.0
13777.0	0.0
13778.0	0.0
13779.0	0.0
13780.0	0.0
13781.0	0.0
13782.0	0.0
13783.0	0.0
13784.0	0.0
13785.0	0.0
13786.0	0.0
13787.0	0.0
13788.0	0.0
13789.0	0.0
13790.0	0.0
13791.0	0.0
13792.0	0.0
13793.0	0.0
13794.0	0.0
13795.0	0.0
13796.0	0.0
13797.0	0.0
13798.0	0.0
13799.0	0.0
13800.0	0.0
13801.0	0.0
13802.0	0.0
13803.0	0.0
13804.0	0.0
13805.0	0.0
13806.0	0.0
13807.0	0.0
13808.0	0.0
13809.0	0.0
13810.0	0.0
13811.0	0.0
13812.0	0.0
13813.0	0.0
13814.0	0.0
13815.0	0.0
13816.0	0.0
13817.0	0.0
13818.0	0.0
13819.0	0.0
13820.0	0.0
13821.0	0.0
13822.0	0.0
13823.0	0.0
13824.0	0.0
13825.0	0.0
13826.0	0.0
13827.0	0.0
13828.0	0.0
13829.0	0.0
13830.0	0.0
13831.0	0.0
13832.0	0.0
13833.0	0.0
13834.0	0.0
13835.0	0.0
13836.0	0.0
13837.0	0.0
13838.0	0.0
13839.0	0.0
13840.0	0.0
13841.0	0.0
13842.0	0.0
13843.0	0.0
13844.0	0.0
13845.0	0.0
13846.0	0.0
13847.0	0.0
13848.0	0.0
13849.0	0.0
13850.0	0.0
13851.0	0.0
13852.0	0.0
13853.0	0.0
13854.0	0.0
13855.0	0.0
13856.0	0.0
13857.0	0.0
13858.0	0.0
13859.0	0.0
13860.0	0.0
13861.0	0.0
13862.0	0.0
13863.0	0.0
13864.0	0.0
13865.0	0.0
13866.0	0.0
13867.0	0.0
13868.0	0.0
13869.0	0.0
13870.0	0.0
13871.0	0.0
13872.0	0.0
13873.0	0.0
13874.0	0.0
13875.0	0.0
13876.0	0.0
13877.0	0.0
13878.0	0.0
13879.0	0.0
13880.0	0.0
13881.0	0.0
13882.0	0.0
13883.0	0.0
13884.0	0.0
13885.0	0.0
13886.0	0.0
13887.0	0.0
13888.0	0.0
13889.0	0.0
13890.0	0.0
13891.0	0.0
13892.0	0.0
13893.0	0.0
13894.0	0.0
13895.0	0.0
13896.0	0.0
13897.0	0.0
13898.0	0.0
13899.0	0.0
13900.0	0.0
13901.0	0.0
13902.0	0.0
13903.0	0.0
13904.0	0.0
13905.0	0.0
13906.0	0.0
13907.0	0.0
13908.0	0.0
13909.0	0.0
13910.0	0.0
13911.0	0.0
13912.0	0.0
13913.0	0.0
13914.0	0.0
13915.0	0.0
13916.0	0.0
13917.0	0.0
13918.0	0.0
13919.0	0.0
13920.0	0.0
13921.0	0.0
13922.0	0.0
13923.0	0.0
13924.0	0.0
13925.0	0.0
13926.0	0.0
13927.0	0.0
13928.0	0.0
13929.0	0.0
13930.0	0.0
13931.0	0.0
13932.0	0.0
13933.0	0.0
13934.0	0.0
13935.0	0.0
13936.0	0.0
13937.0	0.0
13938.0	0.0
13939.0	0.0
13940.0	0.0
13941.0	0.0
13942.0	0.0
13943.0	0.0
13944.0	0.0
13945.0	0.0
13946.0	0.0
13947.0	0.0
13948.0	0.0
13949.0	0.0
13950.0	0.0
13951.0	0.0
13952.0	0.0
13953.0	0.0
13954.0	0.0
13955.0	0.0
13956.0	0.0
13957.0	0.0
13958.0	0.0
13959.0	0.0
13960.0	0.0
13961.0	0.0
13962.0	0.0
13963.0	0.0
13964.0	0.0
13965.0	0.0
13966.0	0.0
13967.0	0.0
13968.0	0.0
13969.0	0.0
13970.0	0.0
13971.0	0.0
13972.0	0.0
13973.0	0.0
13974.0	0.0
13975.0	0.0
13976.0	0.0
13977.0	0.0
13978.0	0.0
13979.0	0.0
13980.0	0.0
13981.0	0.0
13982.0	0.0
13983.0	0.0
13984.0	0.0
13985.0	0.0
13986.0	0.0
13987.0	0.0
13988.0	0.0
13989.0	0.0
13990.0	0.0
13991.0	0.0
13992.0	0.0
13993.0	0.0
13994.0	0.0
13995.0	0.0
13996.0	0.0
13997.0	0.0
13998.0	0.0
13999.0	0.0
14000.0	0.0
14001.0	0.0
14002.0	0.0
14003.0	0.0
14004.0	0.0
14005.0	0.0
14006.0	0.0
14007.0	0.0
14008.0	0.0
14009.0	0.0
14010.0	0.0
14011.0	0.0
14012.0	0.0
14013.0	0.0
14014.0	0.0
14015.0	0.0
14016.0	0.0
14017.0	0.0
14018.0	0.0
14019.0	0.0
14020.0	0.0
14021.0	0.0
14022.0	0.0
14023.0	0.0
14024.0	0.0
14025.0	0.0
14026.0	0.0
14027.0	0.0
14028.0	0.0
14029.0	0.0
14030.0	0.0
14031.0	0.0
14032.0	0.0
14033.0	0.0
14034.0	0.0
14035.0	0.0
14036.0	0.0
14037.0	0.0
14038.0	0.0
14039.0	0.0
14040.0	0.0
14041.0	0.0
14042.0	0.0
14043.0	0.0
14044.0	0.0
14045.0	0.0
14046.0	0.0
14047.0	0.0
14048.0	0.0
14049.0	0.0
14050.0	0.0
14051.0	0.0
14052.0	0.0
14053.0	0.0
14054.0	0.0
14055.0	0.0
14056.0	0.0
14057.0	0.0
14058.0	0.0
14059.0	0.0
14060.0	0.0
14061.0	0.0
14062.0	0.0
14063.0	0.0
14064.0	0.0
14065.0	0.0
14066.0	0.0
14067.0	0.0
14068.0	0.0
14069.0	0.0
14070.0	0.0
14071.0	0.0
14072.0	0.0
14073.0	0.0
14074.0	0.0
14075.0	0.0
14076.0	0.0
14077.0	0.0
14078.0	0.0
14079.0	0.0
14080.0	0.0
14081.0	0.0
14082.0	0.0
14083.0	0.0
14084.0	0.0
14085.0	0.0
14086.0	0.0
14087.0	0.0
14088.0	0.0
14089.0	0.0
14090.0	0.0
14091.0	0.0
14092.0	0.0
14093.0	0.0
14094.0	0.0
14095.0	0.0
14096.0	0.0
14097.0	0.0
14098.0	0.0
14099.0	0.0
14100.0	0.0
14101.0	0.0
14102.0	0.0
14103.0	0.0
14104.0	0.0
14105.0	0.0
14106.0	0.0
14107.0	0.0
14108.0	0.0
14109.0	0.0
14110.0	0.0
14111.0	0.0
14112.0	0.0
14113.0	0.0
14114.0	0.0
14115.0	0.0
14116.0	0.0
14117.0	0.0
14118.0	0.0
14119.0	0.0
14120.0	0.0
14121.0	0.0
14122.0	0.0
14123.0	0.0
14124.0	0.0
14125.0	0.0
14126.0	0.0
14127.0	0.0
14128.0	0.0
14129.0	0.0
14130.0	0.0
14131.0	0.0
14132.0	0.0
14133.0	0.0
14134.0	0.0
14135.0	0.0
14136.0	0.0
14137.0	0.0
14138.0	0.0
14139.0	0.0
14140.0	0.0
14141.0	0.0
14142.0	0.0
14143.0	0.0
14144.0	0.0
14145.0	0.0
14146.0	0.0
14147.0	0.0
14148.0	0.0
14149.0	0.0
14150.0	0.0
14151.0	0.0
14152.0	0.0
14153.0	0.0
14154.0	0.0
14155.0	0.0
14156.0	0.0
14157.0	0.0
14158.0	0.0
14159.0	0.0
14160.0	0.0
14161.0	0.0
14162.0	0.0
14163.0	0.0
14164.0	0.0
14165.0	0.0
14166.0	0.0
14167.0	0.0
14168.0	0.0
14169.0	0.0
14170.0	0.0
14171.0	0.0
14172.0	0.0
14173.0	0.0
14174.0	0.0
14175.0	0.0
14176.0	0.0
14177.0	0.0
14178.0	0.0
14179.0	0.0
14180.0	0.0
14181.0	0.0
14182.0	0.0
14183.0	0.0
14184.0	0.0
14185.0	0.0
14186.0	0.0
14187.0	0.0
14188.0	0.0
14189.0	0.0
14190.0	0.0
14191.0	0.0
14192.0	0.0
14193.0	0.0
14194.0	0.0
14195.0	0.0
14196.0	0.0
14197.0	0.0
14198.0	0.0
14199.0	0.0
14200.0	0.0
14201.0	0.0
14202.0	0.0
14203.0	0.0
14204.0	0.0
14205.0	0.0
14206.0	0.0
14207.0	0.0
14208.0	0.0
14209.0	0.0
14210.0	0.0
14211.0	0.0
14212.0	0.0
14213.0	0.0
14214.0	0.0
14215.0	0.0
14216.0	0.0
14217.0	0.0
14218.0	0.0
14219.0	0.0
14220.0	0.0
14221.0	0.0
14222.0	0.0
14223.0	0.0
14224.0	0.0
14225.0	0.0
14226.0	0.0
14227.0	0.0
14228.0	0.0
14229.0	0.0
14230.0	0.0
14231.0	0.0
14232.0	0.0
14233.0	0.0
14234.0	0.0
14235.0	0.0
14236.0	0.0
14237.0	0.0
14238.0	0.0
14239.0	0.0
14240.0	0.0
14241.0	0.0
14242.0	0.0
14243.0	0.0
14244.0	0.0
14245.0	0.0
14246.0	0.0
14247.0	0.0
14248.0	0.0
14249.0	0.0
14250.0	0.0
14251.0	0.0
14252.0	0.0
14253.0	0.0
14254.0	0.0
14255.0	0.0
14256.0	0.0
14257.0	0.0
14258.0	0.0
14259.0	0.0
14260.0	0.0
14261.0	0.0
14262.0	0.0
14263.0	0.0
14264.0	0.0
14265.0	0.0
14266.0	0.0
14267.0	0.0
14268.0	0.0
14269.0	0.0
14270.0	0.0
14271.0	0.0
14272.0	0.0
14273.0	0.0
14274.0	0.0
14275.0	0.0
14276.0	0.0
14277.0	0.0
14278.0	0.0
14279.0	0.0
14280.0	0.0
14281.0	0.0
14282.0	0.0
14283.0	0.0
14284.0	0.0
14285.0	0.0
14286.0	0.0
14287.0	0.0
14288.0	0.0
14289.0	0.0
14290.0	0.0
14291.0	0.0
14292.0	0.0
14293.0	0.0
14294.0	0.0
14295.0	0.0
14296.0	0.0
14297.0	0.0
14298.0	0.0
14299.0	0.0
14300.0	0.0
14301.0	0.0
14302.0	0.0
14303.0	0.0
14304.0	0.0
14305.0	0.0
14306.0	0.0
14307.0	0.0
14308.0	0.0
14309.0	0.0
14310.0	0.0
14311.0	0.0
14312.0	0.0
14313.0	0.0
14314.0	0.0
14315.0	0.0
14316.0	0.0
14317.0	0.0
14318.0	0.0
14319.0	0.0
14320.0	0.0
14321.0	0.0
14322.0	0.0
14323.0	0.0
14324.0	0.0
14325.0	0.0
14326.0	0.0
14327.0	0.0
14328.0	0.0
14329.0	0.0
14330.0	0.0
14331.0	0.0
14332.0	0.0
14333.0	0.0
14334.0	0.0
14335.0	0.0
14336.0	0.0
14337.0	0.0
14338.0	0.0
14339.0	0.0
14340.0	0.0
14341.0	0.0
14342.0	0.0
14343.0	0.0
14344.0	0.0
14345.0	0.0
14346.0	0.0
14347.0	0.0
14348.0	0.0
14349.0	0.0
14350.0	0.0
14351.0	0.0
14352.0	0.0
14353.0	0.0
14354.0	0.0
14355.0	0.0
14356.0	0.0
14357.0	0.0
14358.0	0.0
14359.0	0.0
14360.0	0.0
14361.0	0.0
14362.0	0.0
14363.0	0.0
14364.0	0.0
14365.0	0.0
14366.0	0.0
14367.0	0.0
14368.0	0.0
14369.0	0.0
14370.0	0.0
14371.0	0.0
14372.0	0.0
14373.0	0.0
14374.0	0.0
14375.0	0.0
14376.0	0.0
14377.0	0.0
14378.0	0.0
14379.0	0.0
14380.0	0.0
14381.0	0.0
14382.0	0.0
14383.0	0.0
14384.0	0.0
14385.0	0.0
14386.0	0.0
14387.0	0.0
14388.0	0.0
14389.0	0.0
14390.0	0.0
14391.0	0.0
14392.0	0.0
14393.0	0.0
14394.0	0.0
14395.0	0.0
14396.0	0.0
14397.0	0.0
14398.0	0.0
14399.0	0.0
14400.0	0.0
14401.0	0.0
14402.0	0.0
14403.0	0.0
14404.0	0.0
14405.0	0.0
14406.0	0.0
14407.0	0.0
14408.0	0.0
14409.0	0.0
14410.0	0.0
14411.0	0.0
14412.0	0.0
14413.0	0.0
14414.0	0.0
14415.0	0.0
14416.0	0.0
14417.0	0.0
14418.0	0.0
14419.0	0.0
14420.0	0.0
14421.0	0.0
14422.0	0.0
14423.0	0.0
14424.0	0.0
14425.0	0.0
14426.0	0.0
14427.0	0.0
14428.0	0.0
14429.0	0.0
14430.0	0.0
14431.0	0.0
14432.0	0.0
14433.0	0.0
14434.0	0.0
14435.0	0.0
14436.0	0.0
14437.0	0.0
14438.0	0.0
14439.0	0.0
14440.0	0.0
14441.0	0.0
14442.0	0.0
14443.0	0.0
14444.0	0.0
14445.0	0.0
14446.0	0.0
14447.0	0.0
14448.0	0.0
14449.0	0.0
14450.0	0.0
14451.0	0.0
14452.0	0.0
14453.0	0.0
14454.0	0.0
14455.0	0.0
14456.0	0.0
14457.0	0.0
14458.0	0.0
14459.0	0.0
14460.0	0.0
14461.0	0.0
14462.0	0.0
14463.0	0.0
14464.0	0.0
14465.0	0.0
14466.0	0.0
14467.0	0.0
14468.0	0.0
14469.0	0.0
14470.0	0.0
14471.0	0.0
14472.0	0.0
14473.0	0.0
14474.0	0.0
14475.0	0.0
14476.0	0.0
14477.0	0.0
14478.0	0.0
14479.0	0.0
14480.0	0.0
14481.0	0.0
14482.0	0.0
14483.0	0.0
14484.0	0.0
14485.0	0.0
14486.0	0.0
14487.0	0.0
14488.0	0.0
14489.0	0.0
14490.0	0.0
14491.0	0.0
14492.0	0.0
14493.0	0.0
14494.0	0.0
14495.0	0.0
14496.0	0.0
14497.0	0.0
14498.0	0.0
14499.0	0.0
14500.0	0.0
14501.0	0.0
14502.0	0.0
14503.0	0.0
14504.0	0.0
14505.0	0.0
14506.0	0.0
14507.0	0.0
14508.0	0.0
14509.0	0.0
14510.0	0.0
14511.0	0.0
14512.0	0.0
14513.0	0.0
14514.0	0.0
14515.0	0.0
14516.0	0.0
14517.0	0.0
14518.0	0.0
14519.0	0.0
14520.0	0.0
14521.0	0.0
14522.0	0.0
14523.0	0.0
14524.0	0.0
14525.0	0.0
14526.0	0.0
14527.0	0.0
14528.0	0.0
14529.0	0.0
14530.0	0.0
14531.0	0.0
14532.0	0.0
14533.0	0.0
14534.0	0.0
14535.0	0.0
14536.0	0.0
14537.0	0.0
14538.0	0.0
14539.0	0.0
14540.0	0.0
14541.0	0.0
14542.0	0.0
14543.0	0.0
14544.0	0.0
14545.0	0.0
14546.0	0.0
14547.0	0.0
14548.0	0.0
14549.0	0.0
14550.0	0.0
14551.0	0.0
14552.0	0.0
14553.0	0.0
14554.0	0.0
14555.0	0.0
14556.0	0.0
14557.0	0.0
14558.0	0.0
14559.0	0.0
14560.0	0.0
14561.0	0.0
14562.0	0.0
14563.0	0.0
14564.0	0.0
14565.0	0.0
14566.0	0.0
14567.0	0.0
14568.0	0.0
14569.0	0.0
14570.0	0.0
14571.0	0.0
14572.0	0.0
14573.0	0.0
14574.0	0.0
14575.0	0.0
14576.0	0.0
14577.0	0.0
14578.0	0.0
14579.0	0.0
14580.0	0.0
14581.0	0.0
14582.0	0.0
14583.0	0.0
14584.0	0.0
14585.0	0.0
14586.0	0.0
14587.0	0.0
14588.0	0.0
14589.0	0.0
14590.0	0.0
14591.0	0.0
14592.0	0.0
14593.0	0.0
14594.0	0.0
14595.0	0.0
14596.0	0.0
14597.0	0.0
14598.0	0.0
14599.0	0.0
14600.0	0.0
14601.0	0.0
14602.0	0.0
14603.0	0.0
14604.0	0.0
14605.0	0.0
14606.0	0.0
14607.0	0.0
14608.0	0.0
14609.0	0.0
14610.0	0.0
14611.0	0.0
14612.0	0.0
14613.0	0.0
14614.0	0.0
14615.0	0.0
14616.0	0.0
14617.0	0.0
14618.0	0.0
14619.0	0.0
14620.0	0.0
14621.0	0.0
14622.0	0.0
14623.0	0.0
14624.0	0.0
14625.0	0.0
14626.0	0.0
14627.0	0.0
14628.0	0.0
14629.0	0.0
14630.0	0.0
14631.0	0.0
14632.0	0.0
14633.0	0.0
14634.0	0.0
14635.0	0.0
14636.0	0.0
14637.0	0.0
14638.0	0.0
14639.0	0.0
14640.0	0.0
14641.0	0.0
14642.0	0.0
14643.0	0.0
14644.0	0.0
14645.0	0.0
14646.0	0.0
14647.0	0.0
14648.0	0.0
14649.0	0.0
14650.0	0.0
14651.0	0.0
14652.0	0.0
14653.0	0.0
14654.0	0.0
14655.0	0.0
14656.0	0.0
14657.0	0.0
14658.0	0.0
14659.0	0.0
14660.0	0.0
14661.0	0.0
14662.0	0.0
14663.0	0.0
14664.0	0.0
14665.0	0.0
14666.0	0.0
14667.0	0.0
14668.0	0.0
14669.0	0.0
14670.0	0.0
14671.0	0.0
14672.0	0.0
14673.0	0.0
14674.0	0.0
14675.0	0.0
14676.0	0.0
14677.0	0.0
14678.0	0.0
14679.0	0.0
14680.0	0.0
14681.0	0.0
14682.0	0.0
14683.0	0.0
14684.0	0.0
14685.0	0.0
14686.0	0.0
14687.0	0.0
14688.0	0.0
14689.0	0.0
14690.0	0.0
14691.0	0.0
14692.0	0.0
14693.0	0.0
14694.0	0.0
14695.0	0.0
14696.0	0.0
14697.0	0.0
14698.0	0.0
14699.0	0.0
14700.0	0.0
14701.0	0.0
14702.0	0.0
14703.0	0.0
14704.0	0.0
14705.0	0.0
14706.0	0.0
14707.0	0.0
14708.0	0.0
14709.0	0.0
14710.0	0.0
14711.0	0.0
14712.0	0.0
14713.0	0.0
14714.0	0.0
14715.0	0.0
14716.0	0.0
14717.0	0.0
14718.0	0.0
14719.0	0.0
14720.0	0.0
14721.0	0.0
14722.0	0.0
14723.0	0.0
14724.0	0.0
14725.0	0.0
14726.0	0.0
14727.0	0.0
14728.0	0.0
14729.0	0.0
14730.0	0.0
14731.0	0.0
14732.0	0.0
14733.0	0.0
14734.0	0.0
14735.0	0.0
14736.0	0.0
14737.0	0.0
14738.0	0.0
14739.0	0.0
14740.0	0.0
14741.0	0.0
14742.0	0.0
14743.0	0.0
14744.0	0.0
14745.0	0.0
14746.0	0.0
14747.0	0.0
14748.0	0.0
14749.0	0.0
14750.0	0.0
14751.0	0.0
14752.0	0.0
14753.0	0.0
14754.0	0.0
14755.0	0.0
14756.0	0.0
14757.0	0.0
14758.0	0.0
14759.0	0.0
14760.0	0.0
14761.0	0.0
14762.0	0.0
14763.0	0.0
14764.0	0.0
14765.0	0.0
14766.0	0.0
14767.0	0.0
14768.0	0.0
14769.0	0.0
14770.0	0.0
14771.0	0.0
14772.0	0.0
14773.0	0.0
14774.0	0.0
14775.0	0.0
14776.0	0.0
14777.0	0.0
14778.0	0.0
14779.0	0.0
14780.0	0.0
14781.0	0.0
14782.0	0.0
14783.0	0.0
14784.0	0.0
14785.0	0.0
14786.0	0.0
14787.0	0.0
14788.0	0.0
14789.0	0.0
14790.0	0.0
14791.0	0.0
14792.0	0.0
14793.0	0.0
14794.0	0.0
14795.0	0.0
14796.0	0.0
14797.0	0.0
14798.0	0.0
14799.0	0.0
14800.0	0.0
14801.0	0.0
14802.0	0.0
14803.0	0.0
14804.0	0.0
14805.0	0.0
14806.0	0.0
14807.0	0.0
14808.0	0.0
14809.0	0.0
14810.0	0.0
14811.0	0.0
14812.0	0.0
14813.0	0.0
14814.0	0.0
14815.0	0.0
14816.0	0.0
14817.0	0.0
14818.0	0.0
14819.0	0.0
14820.0	0.0
14821.0	0.0
14822.0	0.0
14823.0	0.0
14824.0	0.0
14825.0	0.0
14826.0	0.0
14827.0	0.0
14828.0	0.0
14829.0	0.0
14830.0	0.0
14831.0	0.0
14832.0	0.0
14833.0	0.0
14834.0	0.0
14835.0	0.0
14836.0	0.0
14837.0	0.0
14838.0	0.0
14839.0	0.0
14840.0	0.0
14841.0	0.0
14842.0	0.0
14843.0	0.0
14844.0	0.0
14845.0	0.0
14846.0	0.0
14847.0	0.0
14848.0	0.0
14849.0	0.0
14850.0	0.0
14851.0	0.0
14852.0	0.0
14853.0	0.0
14854.0	0.0
14855.0	0.0
14856.0	0.0
14857.0	0.0
14858.0	0.0
14859.0	0.0
14860.0	0.0
14861.0	0.0
14862.0	0.0
14863.0	0.0
14864.0	0.0
14865.0	0.0
14866.0	0.0
14867.0	0.0
14868.0	0.0
14869.0	0.0
14870.0	0.0
14871.0	0.0
14872.0	0.0
14873.0	0.0
14874.0	0.0
14875.0	0.0
14876.0	0.0
14877.0	0.0
14878.0	0.0
14879.0	0.0
14880.0	0.0
14881.0	0.0
14882.0	0.0
14883.0	0.0
14884.0	0.0
14885.0	0.0
14886.0	0.0
14887.0	0.0
14888.0	0.0
14889.0	0.0
14890.0	0.0
14891.0	0.0
14892.0	0.0
14893.0	0.0
14894.0	0.0
14895.0	0.0
14896.0	0.0
14897.0	0.0
14898.0	0.0
14899.0	0.0
14900.0	0.0
14901.0	0.0
14902.0	0.0
14903.0	0.0
14904.0	0.0
14905.0	0.0
14906.0	0.0
14907.0	0.0
14908.0	0.0
14909.0	0.0
14910.0	0.0
14911.0	0.0
14912.0	0.0
14913.0	0.0
14914.0	0.0
14915.0	0.0
14916.0	0.0
14917.0	0.0
14918.0	0.0
14919.0	0.0
14920.0	0.0
14921.0	0.0
14922.0	0.0
14923.0	0.0
14924.0	0.0
14925.0	0.0
14926.0	0.0
14927.0	0.0
14928.0	0.0
14929.0	0.0
14930.0	0.0
14931.0	0.0
14932.0	0.0
14933.0	0.0
14934.0	0.0
14935.0	0.0
14936.0	0.0
14937.0	0.0
14938.0	0.0
14939.0	0.0
14940.0	0.0
14941.0	0.0
14942.0	0.0
14943.0	0.0
14944.0	0.0
14945.0	0.0
14946.0	0.0
14947.0	0.0
14948.0	0.0
14949.0	0.0
14950.0	0.0
14951.0	0.0
14952.0	0.0
14953.0	0.0
14954.0	0.0
14955.0	0.0
14956.0	0.0
14957.0	0.0
14958.0	0.0
14959.0	0.0
14960.0	0.0
14961.0	0.0
14962.0	0.0
14963.0	0.0
14964.0	0.0
14965.0	0.0
14966.0	0.0
14967.0	0.0
14968.0	0.0
14969.0	0.0
14970.0	0.0
14971.0	0.0
14972.0	0.0
14973.0	0.0
14974.0	0.0
14975.0	0.0
14976.0	0.0
14977.0	0.0
14978.0	0.0
14979.0	0.0
14980.0	0.0
14981.0	0.0
14982.0	0.0
14983.0	0.0
14984.0	0.0
14985.0	0.0
14986.0	0.0
14987.0	0.0
14988.0	0.0
14989.0	0.0
14990.0	0.0
14991.0	0.0
14992.0	0.0
14993.0	0.0
14994.0	0.0
14995.0	0.0
14996.0	0.0
14997.0	0.0
14998.0	0.0
14999.0	0.0
15000.0	0.0
15001.0	0.0
15002.0	0.0
15003.0	0.0
15004.0	0.0
15005.0	0.0
15006.0	0.0
15007.0	0.0
15008.0	0.0
15009.0	0.0
15010.0	0.0
15011.0	0.0
15012.0	0.0
15013.0	0.0
15014.0	0.0
15015.0	0.0
15016.0	0.0
15017.0	0.0
15018.0	0.0
15019.0	0.0
15020.0	0.0
15021.0	0.0
15022.0	0.0
15023.0	0.0
15024.0	0.0
15025.0	0.0
15026.0	0.0
15027.0	0.0
15028.0	0.0
15029.0	0.0
15030.0	0.0
15031.0	0.0
15032.0	0.0
15033.0	0.0
15034.0	0.0
15035.0	0.0
15036.0	0.0
15037.0	0.0
15038.0	0.0
15039.0	0.0
15040.0	0.0
15041.0	0.0
15042.0	0.0
15043.0	0.0
15044.0	0.0
15045.0	0.0
15046.0	0.0
15047.0	0.0
15048.0	0.0
15049.0	0.0
15050.0	0.0
15051.0	0.0
15052.0	0.0
15053.0	0.0
15054.0	0.0
15055.0	0.0
15056.0	0.0
15057.0	0.0
15058.0	0.0
15059.0	0.0
15060.0	0.0
15061.0	0.0
15062.0	0.0
15063.0	0.0
15064.0	0.0
15065.0	0.0
15066.0	0.0
15067.0	0.0
15068.0	0.0
15069.0	0.0
15070.0	0.0
15071.0	0.0
15072.0	0.0
15073.0	0.0
15074.0	0.0
15075.0	0.0
15076.0	0.0
15077.0	0.0
15078.0	0.0
15079.0	0.0
15080.0	0.0
15081.0	0.0
15082.0	0.0
15083.0	0.0
15084.0	0.0
15085.0	0.0
15086.0	0.0
15087.0	0.0
15088.0	0.0
15089.0	0.0
15090.0	0.0
15091.0	0.0
15092.0	0.0
15093.0	0.0
15094.0	0.0
15095.0	0.0
15096.0	0.0
15097.0	0.0
15098.0	0.0
15099.0	0.0
15100.0	0.0
15101.0	0.0
15102.0	0.0
15103.0	0.0
15104.0	0.0
15105.0	0.0
15106.0	0.0
15107.0	0.0
15108.0	0.0
15109.0	0.0
15110.0	0.0
15111.0	0.0
15112.0	0.0
15113.0	0.0
15114.0	0.0
15115.0	0.0
15116.0	0.0
15117.0	0.0
15118.0	0.0
15119.0	0.0
15120.0	0.0
15121.0	0.0
15122.0	0.0
15123.0	0.0
15124.0	0.0
15125.0	0.0
15126.0	0.0
15127.0	0.0
15128.0	0.0
15129.0	0.0
15130.0	0.0
15131.0	0.0
15132.0	0.0
15133.0	0.0
15134.0	0.0
15135.0	0.0
15136.0	0.0
15137.0	0.0
15138.0	0.0
15139.0	0.0
15140.0	0.0
15141.0	0.0
15142.0	0.0
15143.0	0.0
15144.0	0.0
15145.0	0.0
15146.0	0.0
15147.0	0.0
15148.0	0.0
15149.0	0.0
15150.0	0.0
15151.0	0.0
15152.0	0.0
15153.0	0.0
15154.0	0.0
15155.0	0.0
15156.0	0.0
15157.0	0.0
15158.0	0.0
15159.0	0.0
15160.0	0.0
15161.0	0.0
15162.0	0.0
15163.0	0.0
15164.0	0.0
15165.0	0.0
15166.0	0.0
15167.0	0.0
15168.0	0.0
15169.0	0.0
15170.0	0.0
15171.0	0.0
15172.0	0.0
15173.0	0.0
15174.0	0.0
15175.0	0.0
15176.0	0.0
15177.0	0.0
15178.0	0.0
15179.0	0.0
15180.0	0.0
15181.0	0.0
15182.0	0.0
15183.0	0.0
15184.0	0.0
15185.0	0.0
15186.0	0.0
15187.0	0.0
15188.0	0.0
15189.0	0.0
15190.0	0.0
15191.0	0.0
15192.0	0.0
15193.0	0.0
15194.0	0.0
15195.0	0.0
15196.0	0.0
15197.0	0.0
15198.0	0.0
15199.0	0.0
15200.0	0.0
15201.0	0.0
15202.0	0.0
15203.0	0.0
15204.0	0.0
15205.0	0.0
15206.0	0.0
15207.0	0.0
15208.0	0.0
15209.0	0.0
15210.0	0.0
15211.0	0.0
15212.0	0.0
15213.0	0.0
15214.0	0.0
15215.0	0.0
15216.0	0.0
15217.0	0.0
15218.0	0.0
15219.0	0.0
15220.0	0.0
15221.0	0.0
15222.0	0.0
15223.0	0.0
15224.0	0.0
15225.0	0.0
15226.0	0.0
15227.0	0.0
15228.0	0.0
15229.0	0.0
15230.0	0.0
15231.0	0.0
15232.0	0.0
15233.0	0.0
15234.0	0.0
15235.0	0.0
15236.0	0.0
15237.0	0.0
15238.0	0.0
15239.0	0.0
15240.0	0.0
15241.0	0.0
15242.0	0.0
15243.0	0.0
15244.0	0.0
15245.0	0.0
15246.0	0.0
15247.0	0.0
15248.0	0.0
15249.0	0.0
15250.0	0.0
15251.0	0.0
15252.0	0.0
15253.0	0.0
15254.0	0.0
15255.0	0.0
15256.0	0.0
15257.0	0.0
15258.0	0.0
15259.0	0.0
15260.0	0.0
15261.0	0.0
15262.0	0.0
15263.0	0.0
15264.0	0.0
15265.0	0.0
15266.0	0.0
15267.0	0.0
15268.0	0.0
15269.0	0.0
15270.0	0.0
15271.0	0.0
15272.0	0.0
15273.0	0.0
15274.0	0.0
15275.0	0.0
15276.0	0.0
15277.0	0.0
15278.0	0.0
15279.0	0.0
15280.0	0.0
15281.0	0.0
15282.0	0.0
15283.0	0.0
15284.0	0.0
15285.0	0.0
15286.0	0.0
15287.0	0.0
15288.0	0.0
15289.0	0.0
15290.0	0.0
15291.0	0.0
15292.0	0.0
15293.0	0.0
15294.0	0.0
15295.0	0.0
15296.0	0.0
15297.0	0.0
15298.0	0.0
15299.0	0.0
15300.0	0.0
15301.0	0.0
15302.0	0.0
15303.0	0.0
15304.0	0.0
15305.0	0.0
15306.0	0.0
15307.0	0.0
15308.0	0.0
15309.0	0.0
15310.0	0.0
15311.0	0.0
15312.0	0.0
15313.0	0.0
15314.0	0.0
15315.0	0.0
15316.0	0.0
15317.0	0.0
15318.0	0.0
15319.0	0.0
15320.0	0.0
15321.0	0.0
15322.0	0.0
15323.0	0.0
15324.0	0.0
15325.0	0.0
15326.0	0.0
15327.0	0.0
15328.0	0.0
15329.0	0.0
15330.0	0.0
15331.0	0.0
15332.0	0.0
15333.0	0.0
15334.0	0.0
15335.0	0.0
15336.0	0.0
15337.0	0.0
15338.0	0.0
15339.0	0.0
15340.0	0.0
15341.0	0.0
15342.0	0.0
15343.0	0.0
15344.0	0.0
15345.0	0.0
15346.0	0.0
15347.0	0.0
15348.0	0.0
15349.0	0.0
15350.0	0.0
15351.0	0.0
15352.0	0.0
15353.0	0.0
15354.0	0.0
15355.0	0.0
15356.0	0.0
15357.0	0.0
15358.0	0.0
15359.0	0.0
15360.0	0.0
15361.0	0.0
15362.0	0.0
15363.0	0.0
15364.0	0.0
15365.0	0.0
15366.0	0.0
15367.0	0.0
15368.0	0.0
15369.0	0.0
15370.0	0.0
15371.0	0.0
15372.0	0.0
15373.0	0.0
15374.0	0.0
15375.0	0.0
15376.0	0.0
15377.0	0.0
15378.0	0.0
15379.0	0.0
15380.0	0.0
15381.0	0.0
15382.0	0.0
15383.0	0.0
15384.0	0.0
15385.0	0.0
15386.0	0.0
15387.0	0.0
15388.0	0.0
15389.0	0.0
15390.0	0.0
15391.0	0.0
15392.0	0.0
15393.0	0.0
15394.0	0.0
15395.0	0.0
15396.0	0.0
15397.0	0.0
15398.0	0.0
15399.0	0.0
15400.0	0.0
15401.0	0.0
15402.0	0.0
15403.0	0.0
15404.0	0.0
15405.0	0.0
15406.0	0.0
15407.0	0.0
15408.0	0.0
15409.0	0.0
15410.0	0.0
15411.0	0.0
15412.0	0.0
15413.0	0.0
15414.0	0.0
15415.0	0.0
15416.0	0.0
15417.0	0.0
15418.0	0.0
15419.0	0.0
15420.0	0.0
15421.0	0.0
15422.0	0.0
15423.0	0.0
15424.0	0.0
15425.0	0.0
15426.0	0.0
15427.0	0.0
15428.0	0.0
15429.0	0.0
15430.0	0.0
15431.0	0.0
15432.0	0.0
15433.0	0.0
15434.0	0.0
15435.0	0.0
15436.0	0.0
15437.0	0.0
15438.0	0.0
15439.0	0.0
15440.0	0.0
15441.0	0.0
15442.0	0.0
15443.0	0.0
15444.0	0.0
15445.0	0.0
15446.0	0.0
15447.0	0.0
15448.0	0.0
15449.0	0.0
15450.0	0.0
15451.0	0.0
15452.0	0.0
15453.0	0.0
15454.0	0.0
15455.0	0.0
15456.0	0.0
15457.0	0.0
15458.0	0.0
15459.0	0.0
15460.0	0.0
15461.0	0.0
15462.0	0.0
15463.0	0.0
15464.0	0.0
15465.0	0.0
15466.0	0.0
15467.0	0.0
15468.0	0.0
15469.0	0.0
15470.0	0.0
15471.0	0.0
15472.0	0.0
15473.0	0.0
15474.0	0.0
15475.0	0.0
15476.0	0.0
15477.0	0.0
15478.0	0.0
15479.0	0.0
15480.0	0.0
15481.0	0.0
15482.0	0.0
15483.0	0.0
15484.0	0.0
15485.0	0.0
15486.0	0.0
15487.0	0.0
15488.0	0.0
15489.0	0.0
15490.0	0.0
15491.0	0.0
15492.0	0.0
15493.0	0.0
15494.0	0.0
15495.0	0.0
15496.0	0.0
15497.0	0.0
15498.0	0.0
15499.0	0.0
15500.0	0.0
15501.0	0.0
15502.0	0.0
15503.0	0.0
15504.0	0.0
15505.0	0.0
15506.0	0.0
15507.0	0.0
15508.0	0.0
15509.0	0.0
15510.0	0.0
15511.0	0.0
15512.0	0.0
15513.0	0.0
15514.0	0.0
15515.0	0.0
15516.0	0.0
15517.0	0.0
15518.0	0.0
15519.0	0.0
15520.0	0.0
15521.0	0.0
15522.0	0.0
15523.0	0.0
15524.0	0.0
15525.0	0.0
15526.0	0.0
15527.0	0.0
15528.0	0.0
15529.0	0.0
15530.0	0.0
15531.0	0.0
15532.0	0.0
15533.0	0.0
15534.0	0.0
15535.0	0.0
15536.0	0.0
15537.0	0.0
15538.0	0.0
15539.0	0.0
15540.0	0.0
15541.0	0.0
15542.0	0.0
15543.0	0.0
15544.0	0.0
15545.0	0.0
15546.0	0.0
15547.0	0.0
15548.0	0.0
15549.0	0.0
15550.0	0.0
15551.0	0.0
15552.0	0.0
15553.0	0.0
15554.0	0.0
15555.0	0.0
15556.0	0.0
15557.0	0.0
15558.0	0.0
15559.0	0.0
15560.0	0.0
15561.0	0.0
15562.0	0.0
15563.0	0.0
15564.0	0.0
15565.0	0.0
15566.0	0.0
15567.0	0.0
15568.0	0.0
15569.0	0.0
15570.0	0.0
15571.0	0.0
15572.0	0.0
15573.0	0.0
15574.0	0.0
15575.0	0.0
15576.0	0.0
15577.0	0.0
15578.0	0.0
15579.0	0.0
15580.0	0.0
15581.0	0.0
15582.0	0.0
15583.0	0.0
15584.0	0.0
15585.0	0.0
15586.0	0.0
15587.0	0.0
15588.0	0.0
15589.0	0.0
15590.0	0.0
15591.0	0.0
15592.0	0.0
15593.0	0.0
15594.0	0.0
15595.0	0.0
15596.0	0.0
15597.0	0.0
15598.0	0.0
15599.0	0.0
15600.0	0.0
15601.0	0.0
15602.0	0.0
15603.0	0.0
15604.0	0.0
15605.0	0.0
15606.0	0.0
15607.0	0.0
15608.0	0.0
15609.0	0.0
15610.0	0.0
15611.0	0.0
15612.0	0.0
15613.0	0.0
15614.0	0.0
15615.0	0.0
15616.0	0.0
15617.0	0.0
15618.0	0.0
15619.0	0.0
15620.0	0.0
15621.0	0.0
15622.0	0.0
15623.0	0.0
15624.0	0.0
15625.0	0.0
15626.0	0.0
15627.0	0.0
15628.0	0.0
15629.0	0.0
15630.0	0.0
15631.0	0.0
15632.0	0.0
15633.0	0.0
15634.0	0.0
15635.0	0.0
15636.0	0.0
15637.0	0.0
15638.0	0.0
15639.0	0.0
15640.0	0.0
15641.0	0.0
15642.0	0.0
15643.0	0.0
15644.0	0.0
15645.0	0.0
15646.0	0.0
15647.0	0.0
15648.0	0.0
15649.0	0.0
15650.0	0.0
15651.0	0.0
15652.0	0.0
15653.0	0.0
15654.0	0.0
15655.0	0.0
15656.0	0.0
15657.0	0.0
15658.0	0.0
15659.0	0.0
15660.0	0.0
15661.0	0.0
15662.0	0.0
15663.0	0.0
15664.0	0.0
15665.0	0.0
15666.0	0.0
15667.0	0.0
15668.0	0.0
15669.0	0.0
15670.0	0.0
15671.0	0.0
15672.0	0.0
15673.0	0.0
15674.0	0.0
15675.0	0.0
15676.0	0.0
15677.0	0.0
15678.0	0.0
15679.0	0.0
15680.0	0.0
15681.0	0.0
15682.0	0.0
15683.0	0.0
15684.0	0.0
15685.0	0.0
15686.0	0.0
15687.0	0.0
15688.0	0.0
15689.0	0.0
15690.0	0.0
15691.0	0.0
15692.0	0.0
15693.0	0.0
15694.0	0.0
15695.0	0.0
15696.0	0.0
15697.0	0.0
15698.0	0.0
15699.0	0.0
15700.0	0.0
15701.0	0.0
15702.0	0.0
15703.0	0.0
15704.0	0.0
15705.0	0.0
15706.0	0.0
15707.0	0.0
15708.0	0.0
15709.0	0.0
15710.0	0.0
15711.0	0.0
15712.0	0.0
15713.0	0.0
15714.0	0.0
15715.0	0.0
15716.0	0.0
15717.0	0.0
15718.0	0.0
15719.0	0.0
15720.0	0.0
15721.0	0.0
15722.0	0.0
15723.0	0.0
15724.0	0.0
15725.0	0.0
15726.0	0.0
15727.0	0.0
15728.0	0.0
15729.0	0.0
15730.0	0.0
15731.0	0.0
15732.0	0.0
15733.0	0.0
15734.0	0.0
15735.0	0.0
15736.0	0.0
15737.0	0.0
15738.0	0.0
15739.0	0.0
15740.0	0.0
15741.0	0.0
15742.0	0.0
15743.0	0.0
15744.0	0.0
15745.0	0.0
15746.0	0.0
15747.0	0.0
15748.0	0.0
15749.0	0.0
15750.0	0.0
15751.0	0.0
15752.0	0.0
15753.0	0.0
15754.0	0.0
15755.0	0.0
15756.0	0.0
15757.0	0.0
15758.0	0.0
15759.0	0.0
15760.0	0.0
15761.0	0.0
15762.0	0.0
15763.0	0.0
15764.0	0.0
15765.0	0.0
15766.0	0.0
15767.0	0.0
15768.0	0.0
15769.0	0.0
15770.0	0.0
15771.0	0.0
15772.0	0.0
15773.0	0.0
15774.0	0.0
15775.0	0.0
15776.0	0.0
15777.0	0.0
15778.0	0.0
15779.0	0.0
15780.0	0.0
15781.0	0.0
15782.0	0.0
15783.0	0.0
15784.0	0.0
15785.0	0.0
15786.0	0.0
15787.0	0.0
15788.0	0.0
15789.0	0.0
15790.0	0.0
15791.0	0.0
15792.0	0.0
15793.0	0.0
15794.0	0.0
15795.0	0.0
15796.0	0.0
15797.0	0.0
15798.0	0.0
15799.0	0.0
15800.0	0.0
15801.0	0.0
15802.0	0.0
15803.0	0.0
15804.0	0.0
15805.0	0.0
15806.0	0.0
15807.0	0.0
15808.0	0.0
15809.0	0.0
15810.0	0.0
15811.0	0.0
15812.0	0.0
15813.0	0.0
15814.0	0.0
15815.0	0.0
15816.0	0.0
15817.0	0.0
15818.0	0.0
15819.0	0.0
15820.0	0.0
15821.0	0.0
15822.0	0.0
15823.0	0.0
15824.0	0.0
15825.0	0.0
15826.0	0.0
15827.0	0.0
15828.0	0.0
15829.0	0.0
15830.0	0.0
15831.0	0.0
15832.0	0.0
15833.0	0.0
15834.0	0.0
15835.0	0.0
15836.0	0.0
15837.0	0.0
15838.0	0.0
15839.0	0.0
15840.0	0.0
15841.0	0.0
15842.0	0.0
15843.0	0.0
15844.0	0.0
15845.0	0.0
15846.0	0.0
15847.0	0.0
15848.0	0.0
15849.0	0.0
15850.0	0.0
15851.0	0.0
15852.0	0.0
15853.0	0.0
15854.0	0.0
15855.0	0.0
15856.0	0.0
15857.0	0.0
15858.0	0.0
15859.0	0.0
15860.0	0.0
15861.0	0.0
15862.0	0.0
15863.0	0.0
15864.0	0.0
15865.0	0.0
15866.0	0.0
15867.0	0.0
15868.0	0.0
15869.0	0.0
15870.0	0.0
15871.0	0.0
15872.0	0.0
15873.0	0.0
15874.0	0.0
15875.0	0.0
15876.0	0.0
15877.0	0.0
15878.0	0.0
15879.0	0.0
15880.0	0.0
15881.0	0.0
15882.0	0.0
15883.0	0.0
15884.0	0.0
15885.0	0.0
15886.0	0.0
15887.0	0.0
15888.0	0.0
15889.0	0.0
15890.0	0.0
15891.0	0.0
15892.0	0.0
15893.0	0.0
15894.0	0.0
15895.0	0.0
15896.0	0.0
15897.0	0.0
15898.0	0.0
15899.0	0.0
15900.0	0.0
15901.0	0.0
15902.0	0.0
15903.0	0.0
15904.0	0.0
15905.0	0.0
15906.0	0.0
15907.0	0.0
15908.0	0.0
15909.0	0.0
15910.0	0.0
15911.0	0.0
15912.0	0.0
15913.0	0.0
15914.0	0.0
15915.0	0.0
15916.0	0.0
15917.0	0.0
15918.0	0.0
15919.0	0.0
15920.0	0.0
15921.0	0.0
15922.0	0.0
15923.0	0.0
15924.0	0.0
15925.0	0.0
15926.0	0.0
15927.0	0.0
15928.0	0.0
15929.0	0.0
15930.0	0.0
15931.0	0.0
15932.0	0.0
15933.0	0.0
15934.0	0.0
15935.0	0.0
15936.0	0.0
15937.0	0.0
15938.0	0.0
15939.0	0.0
15940.0	0.0
15941.0	0.0
15942.0	0.0
15943.0	0.0
15944.0	0.0
15945.0	0.0
15946.0	0.0
15947.0	0.0
15948.0	0.0
15949.0	0.0
15950.0	0.0
15951.0	0.0
15952.0	0.0
15953.0	0.0
15954.0	0.0
15955.0	0.0
15956.0	0.0
15957.0	0.0
15958.0	0.0
15959.0	0.0
15960.0	0.0
15961.0	0.0
15962.0	0.0
15963.0	0.0
15964.0	0.0
15965.0	0.0
15966.0	0.0
15967.0	0.0
15968.0	0.0
15969.0	0.0
15970.0	0.0
15971.0	0.0
15972.0	0.0
15973.0	0.0
15974.0	0.0
15975.0	0.0
15976.0	0.0
15977.0	0.0
15978.0	0.0
15979.0	0.0
15980.0	0.0
15981.0	0.0
15982.0	0.0
15983.0	0.0
15984.0	0.0
15985.0	0.0
15986.0	0.0
15987.0	0.0
15988.0	0.0
15989.0	0.0
15990.0	0.0
15991.0	0.0
15992.0	0.0
15993.0	0.0
15994.0	0.0
15995.0	0.0
15996.0	0.0
15997.0	0.0
15998.0	0.0
15999.0	0.0
16000.0	0.0
16001.0	0.0
16002.0	0.0
16003.0	0.0
16004.0	0.0
16005.0	0.0
16006.0	0.0
16007.0	0.0
16008.0	0.0
16009.0	0.0
16010.0	0.0
16011.0	0.0
16012.0	0.0
16013.0	0.0
16014.0	0.0
16015.0	0.0
16016.0	0.0
16017.0	0.0
16018.0	0.0
16019.0	0.0
16020.0	0.0
16021.0	0.0
16022.0	0.0
16023.0	0.0
16024.0	0.0
16025.0	0.0
16026.0	0.0
16027.0	0.0
16028.0	0.0
16029.0	0.0
16030.0	0.0
16031.0	0.0
16032.0	0.0
16033.0	0.0
16034.0	0.0
16035.0	0.0
16036.0	0.0
16037.0	0.0
16038.0	0.0
16039.0	0.0
16040.0	0.0
16041.0	0.0
16042.0	0.0
16043.0	0.0
16044.0	0.0
16045.0	0.0
16046.0	0.0
16047.0	0.0
16048.0	0.0
16049.0	0.0
16050.0	0.0
16051.0	0.0
16052.0	0.0
16053.0	0.0
16054.0	0.0
16055.0	0.0
16056.0	0.0
16057.0	0.0
16058.0	0.0
16059.0	0.0
16060.0	0.0
16061.0	0.0
16062.0	0.0
16063.0	0.0
16064.0	0.0
16065.0	0.0
16066.0	0.0
16067.0	0.0
16068.0	0.0
16069.0	0.0
16070.0	0.0
16071.0	0.0
16072.0	0.0
16073.0	0.0
16074.0	0.0
16075.0	0.0
16076.0	0.0
16077.0	0.0
16078.0	0.0
16079.0	0.0
16080.0	0.0
16081.0	0.0
16082.0	0.0
16083.0	0.0
16084.0	0.0
16085.0	0.0
16086.0	0.0
16087.0	0.0
16088.0	0.0
16089.0	0.0
16090.0	0.0
16091.0	0.0
16092.0	0.0
16093.0	0.0
16094.0	0.0
16095.0	0.0
16096.0	0.0
16097.0	0.0
16098.0	0.0
16099.0	0.0
16100.0	0.0
16101.0	0.0
16102.0	0.0
16103.0	0.0
16104.0	0.0
16105.0	0.0
16106.0	0.0
16107.0	0.0
16108.0	0.0
16109.0	0.0
16110.0	0.0
16111.0	0.0
16112.0	0.0
16113.0	0.0
16114.0	0.0
16115.0	0.0
16116.0	0.0
16117.0	0.0
16118.0	0.0
16119.0	0.0
16120.0	0.0
16121.0	0.0
16122.0	0.0
16123.0	0.0
16124.0	0.0
16125.0	0.0
16126.0	0.0
16127.0	0.0
16128.0	0.0
16129.0	0.0
16130.0	0.0
16131.0	0.0
16132.0	0.0
16133.0	0.0
16134.0	0.0
16135.0	0.0
16136.0	0.0
16137.0	0.0
16138.0	0.0
16139.0	0.0
16140.0	0.0
16141.0	0.0
16142.0	0.0
16143.0	0.0
16144.0	0.0
16145.0	0.0
16146.0	0.0
16147.0	0.0
16148.0	0.0
16149.0	0.0
16150.0	0.0
16151.0	0.0
16152.0	0.0
16153.0	0.0
16154.0	0.0
16155.0	0.0
16156.0	0.0
16157.0	0.0
16158.0	0.0
16159.0	0.0
16160.0	0.0
16161.0	0.0
16162.0	0.0
16163.0	0.0
16164.0	0.0
16165.0	0.0
16166.0	0.0
16167.0	0.0
16168.0	0.0
16169.0	0.0
16170.0	0.0
16171.0	0.0
16172.0	0.0
16173.0	0.0
16174.0	0.0
16175.0	0.0
16176.0	0.0
16177.0	0.0
16178.0	0.0
16179.0	0.0
16180.0	0.0
16181.0	0.0
16182.0	0.0
16183.0	0.0
16184.0	0.0
16185.0	0.0
16186.0	0.0
16187.0	0.0
16188.0	0.0
16189.0	0.0
16190.0	0.0
16191.0	0.0
16192.0	0.0
16193.0	0.0
16194.0	0.0
16195.0	0.0
16196.0	0.0
16197.0	0.0
16198.0	0.0
16199.0	0.0
16200.0	0.0
16201.0	0.0
16202.0	0.0
16203.0	0.0
16204.0	0.0
16205.0	0.0
16206.0	0.0
16207.0	0.0
16208.0	0.0
16209.0	0.0
16210.0	0.0
16211.0	0.0
16212.0	0.0
16213.0	0.0
16214.0	0.0
16215.0	0.0
16216.0	0.0
16217.0	0.0
16218.0	0.0
16219.0	0.0
16220.0	0.0
16221.0	0.0
16222.0	0.0
16223.0	0.0
16224.0	0.0
16225.0	0.0
16226.0	0.0
16227.0	0.0
16228.0	0.0
16229.0	0.0
16230.0	0.0
16231.0	0.0
16232.0	0.0
16233.0	0.0
16234.0	0.0
16235.0	0.0
16236.0	0.0
16237.0	0.0
16238.0	0.0
16239.0	0.0
16240.0	0.0
16241.0	0.0
16242.0	0.0
16243.0	0.0
16244.0	0.0
16245.0	0.0
16246.0	0.0
16247.0	0.0
16248.0	0.0
16249.0	0.0
16250.0	0.0
16251.0	0.0
16252.0	0.0
16253.0	0.0
16254.0	0.0
16255.0	0.0
16256.0	0.0
16257.0	0.0
16258.0	0.0
16259.0	0.0
16260.0	0.0
16261.0	0.0
16262.0	0.0
16263.0	0.0
16264.0	0.0
16265.0	0.0
16266.0	0.0
16267.0	0.0
16268.0	0.0
16269.0	0.0
16270.0	0.0
16271.0	0.0
16272.0	0.0
16273.0	0.0
16274.0	0.0
16275.0	0.0
16276.0	0.0
16277.0	0.0
16278.0	0.0
16279.0	0.0
16280.0	0.0
16281.0	0.0
16282.0	0.0
16283.0	0.0
16284.0	0.0
16285.0	0.0
16286.0	0.0
16287.0	0.0
16288.0	0.0
16289.0	0.0
16290.0	0.0
16291.0	0.0
16292.0	0.0
16293.0	0.0
16294.0	0.0
16295.0	0.0
16296.0	0.0
16297.0	0.0
16298.0	0.0
16299.0	0.0
16300.0	0.0
16301.0	0.0
16302.0	0.0
16303.0	0.0
16304.0	0.0
16305.0	0.0
16306.0	0.0
16307.0	0.0
16308.0	0.0
16309.0	0.0
16310.0	0.0
16311.0	0.0
16312.0	0.0
16313.0	0.0
16314.0	0.0
16315.0	0.0
16316.0	0.0
16317.0	0.0
16318.0	0.0
16319.0	0.0
16320.0	0.0
16321.0	0.0
16322.0	0.0
16323.0	0.0
16324.0	0.0
16325.0	0.0
16326.0	0.0
16327.0	0.0
16328.0	0.0
16329.0	0.0
16330.0	0.0
16331.0	0.0
16332.0	0.0
16333.0	0.0
16334.0	0.0
16335.0	0.0
16336.0	0.0
16337.0	0.0
16338.0	0.0
16339.0	0.0
16340.0	0.0
16341.0	0.0
16342.0	0.0
16343.0	0.0
16344.0	0.0
16345.0	0.0
16346.0	0.0
16347.0	0.0
16348.0	0.0
16349.0	0.0
16350.0	0.0
16351.0	0.0
16352.0	0.0
16353.0	0.0
16354.0	0.0
16355.0	0.0
16356.0	0.0
16357.0	0.0
16358.0	0.0
16359.0	0.0
16360.0	0.0
16361.0	0.0
16362.0	0.0
16363.0	0.0
16364.0	0.0
16365.0	0.0
16366.0	0.0
16367.0	0.0
16368.0	0.0
16369.0	0.0
16370.0	0.0
16371.0	0.0
16372.0	0.0
16373.0	0.0
16374.0	0.0
16375.0	0.0
16376.0	0.0
16377.0	0.0
16378.0	0.0
16379.0	0.0
16380.0	0.0
16381.0	0.0
16382.0	0.0
16383.0	0.0
16384.0	0.0
16385.0	0.0
16386.0	0.0
16387.0	0.0
16388.0	0.0
16389.0	0.0
16390.0	0.0
16391.0	0.0
16392.0	0.0
16393.0	0.0
16394.0	0.0
16395.0	0.0
16396.0	0.0
16397.0	0.0
16398.0	0.0
16399.0	0.0
16400.0	0.0
16401.0	0.0
16402.0	0.0
16403.0	0.0
16404.0	0.0
16405.0	0.0
16406.0	0.0
16407.0	0.0
16408.0	0.0
16409.0	0.0
16410.0	0.0
16411.0	0.0
16412.0	0.0
16413.0	0.0
16414.0	0.0
16415.0	0.0
16416.0	0.0
16417.0	0.0
16418.0	0.0
16419.0	0.0
16420.0	0.0
16421.0	0.0
16422.0	0.0
16423.0	0.0
16424.0	0.0
16425.0	0.0
16426.0	0.0
16427.0	0.0
16428.0	0.0
16429.0	0.0
16430.0	0.0
16431.0	0.0
16432.0	0.0
16433.0	0.0
16434.0	0.0
16435.0	0.0
16436.0	0.0
16437.0	0.0
16438.0	0.0
16439.0	0.0
16440.0	0.0
16441.0	0.0
16442.0	0.0
16443.0	0.0
16444.0	0.0
16445.0	0.0
16446.0	0.0
16447.0	0.0
16448.0	0.0
16449.0	0.0
16450.0	0.0
16451.0	0.0
16452.0	0.0
16453.0	0.0
16454.0	0.0
16455.0	0.0
16456.0	0.0
16457.0	0.0
16458.0	0.0
16459.0	0.0
16460.0	0.0
16461.0	0.0
16462.0	0.0
16463.0	0.0
16464.0	0.0
16465.0	0.0
16466.0	0.0
16467.0	0.0
16468.0	0.0
16469.0	0.0
16470.0	0.0
16471.0	0.0
16472.0	0.0
16473.0	0.0
16474.0	0.0
16475.0	0.0
16476.0	0.0
16477.0	0.0
16478.0	0.0
16479.0	0.0
16480.0	0.0
16481.0	0.0
16482.0	0.0
16483.0	0.0
16484.0	0.0
16485.0	0.0
16486.0	0.0
16487.0	0.0
16488.0	0.0
16489.0	0.0
16490.0	0.0
16491.0	0.0
16492.0	0.0
16493.0	0.0
16494.0	0.0
16495.0	0.0
16496.0	0.0
16497.0	0.0
16498.0	0.0
16499.0	0.0
16500.0	0.0
16501.0	0.0
16502.0	0.0
16503.0	0.0
16504.0	0.0
16505.0	0.0
16506.0	0.0
16507.0	0.0
16508.0	0.0
16509.0	0.0
16510.0	0.0
16511.0	0.0
16512.0	0.0
16513.0	0.0
16514.0	0.0
16515.0	0.0
16516.0	0.0
16517.0	0.0
16518.0	0.0
16519.0	0.0
16520.0	0.0
16521.0	0.0
16522.0	0.0
16523.0	0.0
16524.0	0.0
16525.0	0.0
16526.0	0.0
16527.0	0.0
16528.0	0.0
16529.0	0.0
16530.0	0.0
16531.0	0.0
16532.0	0.0
16533.0	0.0
16534.0	0.0
16535.0	0.0
16536.0	0.0
16537.0	0.0
16538.0	0.0
16539.0	0.0
16540.0	0.0
16541.0	0.0
16542.0	0.0
16543.0	0.0
16544.0	0.0
16545.0	0.0
16546.0	0.0
16547.0	0.0
16548.0	0.0
16549.0	0.0
16550.0	0.0
16551.0	0.0
16552.0	0.0
16553.0	0.0
16554.0	0.0
16555.0	0.0
16556.0	0.0
16557.0	0.0
16558.0	0.0
16559.0	0.0
16560.0	0.0
16561.0	0.0
16562.0	0.0
16563.0	0.0
16564.0	0.0
16565.0	0.0
16566.0	0.0
16567.0	0.0
16568.0	0.0
16569.0	0.0
16570.0	0.0
16571.0	0.0
16572.0	0.0
16573.0	0.0
16574.0	0.0
16575.0	0.0
16576.0	0.0
16577.0	0.0
16578.0	0.0
16579.0	0.0
16580.0	0.0
16581.0	0.0
16582.0	0.0
16583.0	0.0
16584.0	0.0
16585.0	0.0
16586.0	0.0
16587.0	0.0
16588.0	0.0
16589.0	0.0
16590.0	0.0
16591.0	0.0
16592.0	0.0
16593.0	0.0
16594.0	0.0
16595.0	0.0
16596.0	0.0
16597.0	0.0
16598.0	0.0
16599.0	0.0
16600.0	0.0
16601.0	0.0
16602.0	0.0
16603.0	0.0
16604.0	0.0
16605.0	0.0
16606.0	0.0
16607.0	0.0
16608.0	0.0
16609.0	0.0
16610.0	0.0
16611.0	0.0
16612.0	0.0
16613.0	0.0
16614.0	0.0
16615.0	0.0
16616.0	0.0
16617.0	0.0
16618.0	0.0
16619.0	0.0
16620.0	0.0
16621.0	0.0
16622.0	0.0
16623.0	0.0
16624.0	0.0
16625.0	0.0
16626.0	0.0
16627.0	0.0
16628.0	0.0
16629.0	0.0
16630.0	0.0
16631.0	0.0
16632.0	0.0
16633.0	0.0
16634.0	0.0
16635.0	0.0
16636.0	0.0
16637.0	0.0
16638.0	0.0
16639.0	0.0
16640.0	0.0
16641.0	0.0
16642.0	0.0
16643.0	0.0
16644.0	0.0
16645.0	0.0
16646.0	0.0
16647.0	0.0
16648.0	0.0
16649.0	0.0
16650.0	0.0
16651.0	0.0
16652.0	0.0
16653.0	0.0
16654.0	0.0
16655.0	0.0
16656.0	0.0
16657.0	0.0
16658.0	0.0
16659.0	0.0
16660.0	0.0
16661.0	0.0
16662.0	0.0
16663.0	0.0
16664.0	0.0
16665.0	0.0
16666.0	0.0
16667.0	0.0
16668.0	0.0
16669.0	0.0
16670.0	0.0
16671.0	0.0
16672.0	0.0
16673.0	0.0
16674.0	0.0
16675.0	0.0
16676.0	0.0
16677.0	0.0
16678.0	0.0
16679.0	0.0
16680.0	0.0
16681.0	0.0
16682.0	0.0
16683.0	0.0
16684.0	0.0
16685.0	0.0
16686.0	0.0
16687.0	0.0
16688.0	0.0
16689.0	0.0
16690.0	0.0
16691.0	0.0
16692.0	0.0
16693.0	0.0
16694.0	0.0
16695.0	0.0
16696.0	0.0
16697.0	0.0
16698.0	0.0
16699.0	0.0
16700.0	0.0
16701.0	0.0
16702.0	0.0
16703.0	0.0
16704.0	0.0
16705.0	0.0
16706.0	0.0
16707.0	0.0
16708.0	0.0
16709.0	0.0
16710.0	0.0
16711.0	0.0
16712.0	0.0
16713.0	0.0
16714.0	0.0
16715.0	0.0
16716.0	0.0
16717.0	0.0
16718.0	0.0
16719.0	0.0
16720.0	0.0
16721.0	0.0
16722.0	0.0
16723.0	0.0
16724.0	0.0
16725.0	0.0
16726.0	0.0
16727.0	0.0
16728.0	0.0
16729.0	0.0
16730.0	0.0
16731.0	0.0
16732.0	0.0
16733.0	0.0
16734.0	0.0
16735.0	0.0
16736.0	0.0
16737.0	0.0
16738.0	0.0
16739.0	0.0
16740.0	0.0
16741.0	0.0
16742.0	0.0
16743.0	0.0
16744.0	0.0
16745.0	0.0
16746.0	0.0
16747.0	0.0
16748.0	0.0
16749.0	0.0
16750.0	0.0
16751.0	0.0
16752.0	0.0
16753.0	0.0
16754.0	0.0
16755.0	0.0
16756.0	0.0
16757.0	0.0
16758.0	0.0
16759.0	0.0
16760.0	0.0
16761.0	0.0
16762.0	0.0
16763.0	0.0
16764.0	0.0
16765.0	0.0
16766.0	0.0
16767.0	0.0
16768.0	0.0
16769.0	0.0
16770.0	0.0
16771.0	0.0
16772.0	0.0
16773.0	0.0
16774.0	0.0
16775.0	0.0
16776.0	0.0
16777.0	0.0
16778.0	0.0
16779.0	0.0
16780.0	0.0
16781.0	0.0
16782.0	0.0
16783.0	0.0
16784.0	0.0
16785.0	0.0
16786.0	0.0
16787.0	0.0
16788.0	0.0
16789.0	0.0
16790.0	0.0
16791.0	0.0
16792.0	0.0
16793.0	0.0
16794.0	0.0
16795.0	0.0
16796.0	0.0
16797.0	0.0
16798.0	0.0
16799.0	0.0
16800.0	0.0
16801.0	0.0
16802.0	0.0
16803.0	0.0
16804.0	0.0
16805.0	0.0
16806.0	0.0
16807.0	0.0
16808.0	0.0
16809.0	0.0
16810.0	0.0
16811.0	0.0
16812.0	0.0
16813.0	0.0
16814.0	0.0
16815.0	0.0
16816.0	0.0
16817.0	0.0
16818.0	0.0
16819.0	0.0
16820.0	0.0
16821.0	0.0
16822.0	0.0
16823.0	0.0
16824.0	0.0
16825.0	0.0
16826.0	0.0
16827.0	0.0
16828.0	0.0
16829.0	0.0
16830.0	0.0
16831.0	0.0
16832.0	0.0
16833.0	0.0
16834.0	0.0
16835.0	0.0
16836.0	0.0
16837.0	0.0
16838.0	0.0
16839.0	0.0
16840.0	0.0
16841.0	0.0
16842.0	0.0
16843.0	0.0
16844.0	0.0
16845.0	0.0
16846.0	0.0
16847.0	0.0
16848.0	0.0
16849.0	0.0
16850.0	0.0
16851.0	0.0
16852.0	0.0
16853.0	0.0
16854.0	0.0
16855.0	0.0
16856.0	0.0
16857.0	0.0
16858.0	0.0
16859.0	0.0
16860.0	0.0
16861.0	0.0
16862.0	0.0
16863.0	0.0
16864.0	0.0
16865.0	0.0
16866.0	0.0
16867.0	0.0
16868.0	0.0
16869.0	0.0
16870.0	0.0
16871.0	0.0
16872.0	0.0
16873.0	0.0
16874.0	0.0
16875.0	0.0
16876.0	0.0
16877.0	0.0
16878.0	0.0
16879.0	0.0
16880.0	0.0
16881.0	0.0
16882.0	0.0
16883.0	0.0
16884.0	0.0
16885.0	0.0
16886.0	0.0
16887.0	0.0
16888.0	0.0
16889.0	0.0
16890.0	0.0
16891.0	0.0
16892.0	0.0
16893.0	0.0
16894.0	0.0
16895.0	0.0
16896.0	0.0
16897.0	0.0
16898.0	0.0
16899.0	0.0
16900.0	0.0
16901.0	0.0
16902.0	0.0
16903.0	0.0
16904.0	0.0
16905.0	0.0
16906.0	0.0
16907.0	0.0
16908.0	0.0
16909.0	0.0
16910.0	0.0
16911.0	0.0
16912.0	0.0
16913.0	0.0
16914.0	0.0
16915.0	0.0
16916.0	0.0
16917.0	0.0
16918.0	0.0
16919.0	0.0
16920.0	0.0
16921.0	0.0
16922.0	0.0
16923.0	0.0
16924.0	0.0
16925.0	0.0
16926.0	0.0
16927.0	0.0
16928.0	0.0
16929.0	0.0
16930.0	0.0
16931.0	0.0
16932.0	0.0
16933.0	0.0
16934.0	0.0
16935.0	0.0
16936.0	0.0
16937.0	0.0
16938.0	0.0
16939.0	0.0
16940.0	0.0
16941.0	0.0
16942.0	0.0
16943.0	0.0
16944.0	0.0
16945.0	0.0
16946.0	0.0
16947.0	0.0
16948.0	0.0
16949.0	0.0
16950.0	0.0
16951.0	0.0
16952.0	0.0
16953.0	0.0
16954.0	0.0
16955.0	0.0
16956.0	0.0
16957.0	0.0
16958.0	0.0
16959.0	0.0
16960.0	0.0
16961.0	0.0
16962.0	0.0
16963.0	0.0
16964.0	0.0
16965.0	0.0
16966.0	0.0
16967.0	0.0
16968.0	0.0
16969.0	0.0
16970.0	0.0
16971.0	0.0
16972.0	0.0
16973.0	0.0
16974.0	0.0
16975.0	0.0
16976.0	0.0
16977.0	0.0
16978.0	0.0
16979.0	0.0
16980.0	0.0
16981.0	0.0
16982.0	0.0
16983.0	0.0
16984.0	0.0
16985.0	0.0
16986.0	0.0
16987.0	0.0
16988.0	0.0
16989.0	0.0
16990.0	0.0
16991.0	0.0
16992.0	0.0
16993.0	0.0
16994.0	0.0
16995.0	0.0
16996.0	0.0
16997.0	0.0
16998.0	0.0
16999.0	0.0
17000.0	0.0
